﻿<?xml version="1.0" encoding="utf-8" ?>
<Constructions>
  <!--Item
        ID: Defines ID for this construction referenced everywhere else
        Prefix (optional): Used before the material in the name. Default is no Prefix
        Name: Name of construction.  Format is "{Prefix} {Material} {Name}"
        Description (optional): Description displayed when viewing this construction.
                                Default is [AN_CONSTRUCTION_NAME]
                                [CONSTRUCTION_NAME] in the description will be replaced with the name of the construction
                                [AN_CONSTRUCTION_NAME] in the description will be replaced with the name of a or an followed by the name of the construction
        ToolTip (optional): Used for the tool tip in the right click menu
        GroupName (optional): Used in various places to describe the generic version when no specific material can be used.  Name is used if GroupName is omitted
        Properties (optional)
          Flags: BlocksLOS and/or BlocksMovement using a comma to separate.
        Effect (optional):
          Effect: EffectType.  Available options - Drink, Storage, Sleep, Sit, Surface, LightSource
          Amount: Amount associated with Effect
        Value (optional): Default 1.  This setting is multiplied by the combined value of all components
        SpriteID: Supports arbitrary number of these which are rendered in order
          SpriteID: Actual ID of sprite rendered
          SpriteIDByMaterialID (optional): Supports arbitrary number of these.  Uses this sprite instead of SpriteID when construction is this material
            Key: Material
            Value: ID of sprite rendered
          MaterialIndex (optional): Default 0. Component index used to determine material to tint this sprite.  A value of -1 will not tint the sprite.
        StateSprite (optional): Sprites for special states
          Key: Name of state
          Value:
            Item: Supports arbitrary number of these which are rendered in order
              SpriteID: Actual ID of sprite rendered
              SpriteIDByMaterialID (optional): Supports arbitrary number of these.  Uses this sprite instead of SpriteID when construction is this material
                Key: Material
                Value: ID of sprite rendered
              MaterialIndex (optional): Default 0. Component index used to determine material to tint this sprite.  A value of -1 will not tint the sprite.
        AnimFrame (optional): Represents 1 frame of an animation.  Animations loop. Not supported by all constructions.
          SpriteID: Supports arbitrary number of these which are rendered in order
            SpriteID: Actual ID of sprite rendered
            SpriteIDByMaterialID (optional): Supports arbitrary number of these.  Uses this sprite instead of SpriteID when construction is this material
              Key: Material
              Value: ID of sprite rendered
            MaterialIndex (optional): Default 0. Component index used to determine material to tint this sprite.  A value of -1 will not tint the sprite.
          Time (seconds): Amount of time this frame is rendered before moving to the next frame.
        Rotates (optional): Default false.  Determines if construction can be rotated when placed.  Must have associated sprites defined for each orientation.  Adds FR, FL, BR, BL to the end of the SpriteID
        Destructible (optional): Default is false. Generates hitpoints for construction and allows damage to deconstruct it.  Currently only used for doors
        Thickness (optional): Default is 1. Multiplier for hitpoints defined by material.  Only valid if Destructible is true
        BuildAdjacent (optional): Default is false. Determines if gnome must stand adjacent to build job when constructing
        RequiresFloor (optional): Default is true.  Allows construction to be built in the air if false
        RequiresSupportWall (optional): Default is false. Requires neighboring wall if true.  ex When building a WallTorch it's only valid if there is a wall corresponding to the orientation
        BlueprintID (optional): Default none.  Minimum research level before this construction can be built
        Component: Components required to build this construciton. Supports an arbitrary number.
          ItemID: ID of item required
          Quantity (optional): Default is 1.  Quantity of ItemID required.
          AllowedMaterial (optional): Default is all materials.  When this is added it restricts component to only items of these materials.  Supports an arbitrary number
  -->
  
  <!--SoilFloor-->
  <Item>
    <ID>SoilFloor</ID>
    <Prefix>soil</Prefix>
    <Name>floor</Name>
    <Properties>
      <Flags>BlocksLOS</Flags>
    </Properties>
    <SpriteID>
      <SpriteID>RoughSoilFloor</SpriteID>
    </SpriteID>
    <Component>
      <ItemID>RawSoil</ItemID>
    </Component>
  </Item>
  <!--RawStoneFloor-->
  <Item>
    <ID>RawStoneFloor</ID>
    <Prefix>stone</Prefix>
    <Name>floor</Name>
    <Properties>
      <Flags>BlocksLOS</Flags>
    </Properties>
    <SpriteID>
      <SpriteID>RoughStoneFloor</SpriteID>
    </SpriteID>
    <Component>
      <ItemID>RawStone</ItemID>
    </Component>
  </Item>
  <!--LogFloor-->
  <Item>
    <ID>LogFloor</ID>
    <Name>log floor</Name>
    <Properties>
      <Flags>BlocksLOS</Flags>
    </Properties>
    <Value>10</Value>
    <SpriteID>
      <SpriteID>LogFloor</SpriteID>
    </SpriteID>
    <Component>
      <ItemID>RawWood</ItemID>
    </Component>
  </Item>
  <!--BlockFloor-->
  <Item>
    <ID>BlockFloor</ID>
    <Name>block floor</Name>
    <Properties>
      <Flags>BlocksLOS</Flags>
    </Properties>
    <Value>10</Value>
    <SpriteID>
      <SpriteID>BlockStoneFloor</SpriteID>
    </SpriteID>
    <Component>
      <ItemID>Block</ItemID>
    </Component>
  </Item>
  <!--FancyFloor-->
  <Item>
    <ID>FancyBlockFloor</ID>
    <Name>decorative stone floor</Name>
    <Properties>
      <Flags>BlocksLOS</Flags>
    </Properties>
    <Value>10</Value>
    <SpriteID>
      <SpriteID>FancyBlockFloor</SpriteID>
    </SpriteID>
    <Component>
      <ItemID>Block</ItemID>
    </Component>
  </Item>
  <!--PlankFloor-->
  <Item>
    <ID>PlankFloor</ID>
    <Name>floor</Name>
    <GroupName>plank floor</GroupName>
    <Properties>
      <Flags>BlocksLOS</Flags>
    </Properties>
    <Value>10</Value>
    <SpriteID>
      <SpriteID>PlankFloor</SpriteID>
    </SpriteID>
    <Component>
      <ItemID>Plank</ItemID>
    </Component>
  </Item>
  <!--MetalFloor-->
  <Item>
    <ID>MetalFloor</ID>
    <Name>floor</Name>
    <GroupName>metal floor</GroupName>
    <Properties>
      <Flags>BlocksLOS</Flags>
    </Properties>
    <Value>10</Value>
    <SpriteID>
      <SpriteID>MetalFloor</SpriteID>
    </SpriteID>
    <SpriteID>
      <SpriteID>MetalHighlightFloor</SpriteID>
      <MaterialIndex>-1</MaterialIndex>
    </SpriteID>
    <Component>
      <ItemID>Bar</ItemID>
    </Component>
  </Item>
  <!--SoilWall-->
  <Item>
    <ID>SoilWall</ID>
    <Prefix>soil</Prefix>
    <Name>wall</Name>
    <Properties>
      <Flags>BlocksMovement, BlocksLOS</Flags>
    </Properties>
    <SpriteID>
      <SpriteID>RoughSoilWall</SpriteID>
    </SpriteID>
    <StateSprite>
      <Key>HalfWall</Key>
      <Value>
        <Item>
          <SpriteID>RoughSoilShortWall</SpriteID>
        </Item>
      </Value>
    </StateSprite>
    <Component>
      <ItemID>RawSoil</ItemID>
    </Component>
  </Item>
  <!--RawStoneWall-->
  <Item>
    <ID>RawStoneWall</ID>
    <Prefix>stone</Prefix>
    <Name>wall</Name>
    <Properties>
      <Flags>BlocksMovement, BlocksLOS</Flags>
    </Properties>
    <SpriteID>
      <SpriteID>RoughStoneWall</SpriteID>
    </SpriteID>
    <StateSprite>
      <Key>HalfWall</Key>
      <Value>
        <Item>
          <SpriteID>RoughSoilShortWall</SpriteID>
        </Item>
      </Value>
    </StateSprite>
    <Component>
      <ItemID>RawStone</ItemID>
    </Component>
  </Item>
  <!--LogWall-->
  <Item>
    <ID>LogWall</ID>
    <Name>log wall</Name>
    <Properties>
      <Flags>BlocksMovement, BlocksLOS</Flags>
    </Properties>
    <Value>10</Value>
    <SpriteID>
      <SpriteID>LogWall</SpriteID>
    </SpriteID>
    <StateSprite>
      <Key>HalfWall</Key>
      <Value>
        <Item>
          <SpriteID>LogShortWall</SpriteID>
        </Item>
      </Value>
    </StateSprite>
    <Component>
      <ItemID>RawWood</ItemID>
    </Component>
  </Item>
  <!--BlockWall-->
  <Item>
    <ID>BlockWall</ID>
    <Name>block wall</Name>
    <Properties>
      <Flags>BlocksMovement, BlocksLOS</Flags>
    </Properties>
    <Value>10</Value>
    <SpriteID>
      <SpriteID>BlockStoneWall</SpriteID>
    </SpriteID>
    <StateSprite>
      <Key>HalfWall</Key>
      <Value>
        <Item>
          <SpriteID>BlockShortWall</SpriteID>
        </Item>
      </Value>
    </StateSprite>
    <Component>
      <ItemID>Block</ItemID>
    </Component>
  </Item>
  <!--FancyBlockWall-->
  <Item>
    <ID>FancyBlockWall</ID>
    <Name>decorative stone wall</Name>
    <Properties>
      <Flags>BlocksMovement, BlocksLOS</Flags>
    </Properties>
    <Value>10</Value>
    <SpriteID>
      <SpriteID>FancyBlockWall</SpriteID>
    </SpriteID>
    <StateSprite>
      <Key>HalfWall</Key>
      <Value>
        <Item>
          <SpriteID>FancyBlockShortWall</SpriteID>
        </Item>
      </Value>
    </StateSprite>
    <Component>
      <ItemID>Block</ItemID>
    </Component>
  </Item>
  <!--PlankWall-->
  <Item>
    <ID>PlankWall</ID>
    <Name>wall</Name>
    <GroupName>plank wall</GroupName>
    <Properties>
      <Flags>BlocksMovement, BlocksLOS</Flags>
    </Properties>
    <Value>10</Value>
    <SpriteID>
      <SpriteID>PlankWall</SpriteID>
    </SpriteID>
    <StateSprite>
      <Key>HalfWall</Key>
      <Value>
        <Item>
          <SpriteID>PlankShortWall</SpriteID>
        </Item>
      </Value>
    </StateSprite>
    <Component>
      <ItemID>Plank</ItemID>
    </Component>
  </Item>
  <!--MetalWall-->
  <Item>
    <ID>MetalWall</ID>
    <Name>wall</Name>
    <GroupName>metal wall</GroupName>
    <Properties>
      <Flags>BlocksMovement, BlocksLOS</Flags>
    </Properties>
    <Value>10</Value>
    <SpriteID>
      <SpriteID>MetalWall</SpriteID>
    </SpriteID>
    <SpriteID>
      <SpriteID>MetalHighlightWall</SpriteID>
      <MaterialIndex>-1</MaterialIndex>
    </SpriteID>
    <StateSprite>
      <Key>HalfWall</Key>
      <Value>
        <Item>
          <SpriteID>MetalShortWall</SpriteID>
        </Item>
        <Item>
          <SpriteID>MetalHighlightShortWall</SpriteID>
          <MaterialIndex>-1</MaterialIndex>
        </Item>
      </Value>
    </StateSprite>
    <Component>
      <ItemID>Bar</ItemID>
    </Component>
  </Item>
  <!--DirtStairs-->
  <Item>
    <ID>SoilStairs</ID>
    <Prefix>soil</Prefix>
    <Name>stairs</Name>
    <SpriteID>
      <SpriteID>Stairs</SpriteID>
    </SpriteID>
    <StateSprite>
      <Key>Top</Key>
      <Value>
        <Item>
          <SpriteID>StairsTop</SpriteID>
        </Item>
      </Value>
    </StateSprite>
    <Rotates>true</Rotates>
    <Component>
      <ItemID>RawSoil</ItemID>
    </Component>
  </Item>
  <!--RawStoneStairs-->
  <Item>
    <ID>RawStoneStairs</ID>
    <Prefix>stone</Prefix>
    <Name>stairs</Name>
    <SpriteID>
      <SpriteID>Stairs</SpriteID>
    </SpriteID>
    <StateSprite>
      <Key>Top</Key>
      <Value>
        <Item>
          <SpriteID>StairsTop</SpriteID>
        </Item>
      </Value>
    </StateSprite>
    <Rotates>true</Rotates>
    <Component>
      <ItemID>RawStone</ItemID>
    </Component>
  </Item>
  <!--BlockStairs-->
  <Item>
    <ID>BlockStairs</ID>
    <Name>block stairs</Name>
    <Value>10</Value>
    <SpriteID>
      <SpriteID>BlockStairs</SpriteID>
    </SpriteID>
    <StateSprite>
      <Key>Top</Key>
      <Value>
        <Item>
          <SpriteID>BlockStairsTop</SpriteID>
        </Item>
      </Value>
    </StateSprite>
    <Rotates>true</Rotates>
    <Component>
      <ItemID>Block</ItemID>
    </Component>
  </Item>
  <!--MetalStairs-->
  <Item>
    <ID>MetalStairs</ID>
    <Name>metal stairs</Name>
    <Value>10</Value>
    <SpriteID>
      <SpriteID>Stairs</SpriteID>
    </SpriteID>
    <StateSprite>
      <Key>Top</Key>
      <Value>
        <Item>
          <SpriteID>StairsTop</SpriteID>
        </Item>
      </Value>
    </StateSprite>
    <Rotates>true</Rotates>
    <Component>
      <ItemID>Bar</ItemID>
    </Component>
  </Item>
  <!--SoilRamp-->
  <Item>
    <ID>SoilRamp</ID>
    <Prefix>soil</Prefix>
    <Name>ramp</Name>
    <SpriteID>
      <SpriteID>SoilTopLeftAndRightRamp</SpriteID>
      <SpriteIDByMaterialID>
        <Key>Clay</Key>
        <Value>ClayTopLeftAndRightRamp</Value>
      </SpriteIDByMaterialID>
    </SpriteID>
    <StateSprite>
      <Key>TopLeftAndRightRamp</Key>
      <Value>
        <Item>
          <SpriteID>SoilTopLeftAndRightRamp</SpriteID>
          <SpriteIDByMaterialID>
            <Key>Clay</Key>
            <Value>ClayTopLeftAndRightRamp</Value>
          </SpriteIDByMaterialID>
        </Item>
      </Value>
    </StateSprite>
    <StateSprite>
      <Key>TopAndBottomLeftRamp</Key>
      <Value>
        <Item>
          <SpriteID>SoilTopAndBottomLeftRamp</SpriteID>
          <SpriteIDByMaterialID>
            <Key>Clay</Key>
            <Value>ClayTopAndBottomLeftRamp</Value>
          </SpriteIDByMaterialID>
        </Item>
      </Value>
    </StateSprite>
    <StateSprite>
      <Key>TopAndBottomRightRamp</Key>
      <Value>
        <Item>
          <SpriteID>SoilTopAndBottomRightRamp</SpriteID>
          <SpriteIDByMaterialID>
            <Key>Clay</Key>
            <Value>ClayTopAndBottomRightRamp</Value>
          </SpriteIDByMaterialID>
        </Item>
      </Value>
    </StateSprite>
    <StateSprite>
      <Key>BottomLeftAndRightRamp</Key>
      <Value>
        <Item>
          <SpriteID>SoilBottomLeftAndRightRamp</SpriteID>
          <SpriteIDByMaterialID>
            <Key>Clay</Key>
            <Value>ClayBottomLeftAndRightRamp</Value>
          </SpriteIDByMaterialID>
        </Item>
      </Value>
    </StateSprite>
    <StateSprite>
      <Key>TopLeftAndBottomRightRamp</Key>
      <Value>
        <Item>
          <SpriteID>SoilTopLeftAndBottomRightRamp</SpriteID>
          <SpriteIDByMaterialID>
            <Key>Clay</Key>
            <Value>ClayTopLeftAndBottomRightRamp</Value>
          </SpriteIDByMaterialID>
        </Item>
      </Value>
    </StateSprite>
    <StateSprite>
      <Key>TopRightAndBottomLeftRamp</Key>
      <Value>
        <Item>
          <SpriteID>SoilTopRightAndBottomLeftRamp</SpriteID>
          <SpriteIDByMaterialID>
            <Key>Clay</Key>
            <Value>ClayTopRightAndBottomLeftRamp</Value>
          </SpriteIDByMaterialID>
        </Item>
      </Value>
    </StateSprite>
    <StateSprite>
      <Key>TopLeftRamp</Key>
      <Value>
        <Item>
          <SpriteID>SoilTopLeftRamp</SpriteID>
          <SpriteIDByMaterialID>
            <Key>Clay</Key>
            <Value>ClayTopLeftRamp</Value>
          </SpriteIDByMaterialID>
        </Item>
      </Value>
    </StateSprite>
    <StateSprite>
      <Key>TopRightRamp</Key>
      <Value>
        <Item>
          <SpriteID>SoilTopRightRamp</SpriteID>
          <SpriteIDByMaterialID>
            <Key>Clay</Key>
            <Value>ClayTopRightRamp</Value>
          </SpriteIDByMaterialID>
        </Item>
      </Value>
    </StateSprite>
    <StateSprite>
      <Key>BottomLeftRamp</Key>
      <Value>
        <Item>
          <SpriteID>SoilBottomLeftRamp</SpriteID>
          <SpriteIDByMaterialID>
            <Key>Clay</Key>
            <Value>ClayBottomLeftRamp</Value>
          </SpriteIDByMaterialID>
        </Item>
      </Value>
    </StateSprite>
    <StateSprite>
      <Key>BottomRightRamp</Key>
      <Value>
        <Item>
          <SpriteID>SoilBottomRightRamp</SpriteID>
          <SpriteIDByMaterialID>
            <Key>Clay</Key>
            <Value>ClayBottomRightRamp</Value>
          </SpriteIDByMaterialID>
        </Item>
      </Value>
    </StateSprite>
    <StateSprite>
      <Key>TopLeftAndRightRampTop</Key>
      <Value>
        <Item>
          <SpriteID>SoilTopLeftAndRightRampTop</SpriteID>
          <SpriteIDByMaterialID>
            <Key>Clay</Key>
            <Value>ClayTopLeftAndRightRampTop</Value>
          </SpriteIDByMaterialID>
        </Item>
      </Value>
    </StateSprite>
    <StateSprite>
      <Key>TopAndBottomLeftRampTop</Key>
      <Value>
        <Item>
          <SpriteID>SoilTopAndBottomLeftRampTop</SpriteID>
          <SpriteIDByMaterialID>
            <Key>Clay</Key>
            <Value>ClayTopAndBottomLeftRampTop</Value>
          </SpriteIDByMaterialID>
        </Item>
      </Value>
    </StateSprite>
    <StateSprite>
      <Key>TopAndBottomRightRampTop</Key>
      <Value>
        <Item>
          <SpriteID>SoilTopAndBottomRightRampTop</SpriteID>
          <SpriteIDByMaterialID>
            <Key>Clay</Key>
            <Value>ClayTopAndBottomRightRampTop</Value>
          </SpriteIDByMaterialID>
        </Item>
      </Value>
    </StateSprite>
    <StateSprite>
      <Key>BottomLeftAndRightRampTop</Key>
      <Value>
        <Item>
          <SpriteID>SoilBottomLeftAndRightRampTop</SpriteID>
          <SpriteIDByMaterialID>
            <Key>Clay</Key>
            <Value>ClayBottomLeftAndRightRampTop</Value>
          </SpriteIDByMaterialID>
        </Item>
      </Value>
    </StateSprite>
    <StateSprite>
      <Key>TopLeftAndBottomRightRampTop</Key>
      <Value>
        <Item>
          <SpriteID>SoilTopLeftAndBottomRightRampTop</SpriteID>
          <SpriteIDByMaterialID>
            <Key>Clay</Key>
            <Value>ClayTopLeftAndBottomRightRampTop</Value>
          </SpriteIDByMaterialID>
        </Item>
      </Value>
    </StateSprite>
    <StateSprite>
      <Key>TopRightAndBottomLeftRampTop</Key>
      <Value>
        <Item>
          <SpriteID>SoilTopRightAndBottomLeftRampTop</SpriteID>
          <SpriteIDByMaterialID>
            <Key>Clay</Key>
            <Value>ClayTopRightAndBottomLeftRampTop</Value>
          </SpriteIDByMaterialID>
        </Item>
      </Value>
    </StateSprite>
    <StateSprite>
      <Key>TopLeftRampTop</Key>
      <Value>
        <Item>
          <SpriteID>SoilTopLeftRampTop</SpriteID>
          <SpriteIDByMaterialID>
            <Key>Clay</Key>
            <Value>ClayTopLeftRampTop</Value>
          </SpriteIDByMaterialID>
        </Item>
      </Value>
    </StateSprite>
    <StateSprite>
      <Key>TopRightRampTop</Key>
      <Value>
        <Item>
          <SpriteID>SoilTopRightRampTop</SpriteID>
          <SpriteIDByMaterialID>
            <Key>Clay</Key>
            <Value>ClayTopRightRampTop</Value>
          </SpriteIDByMaterialID>
        </Item>
      </Value>
    </StateSprite>
    <StateSprite>
      <Key>BottomLeftRampTop</Key>
      <Value>
        <Item>
          <SpriteID>SoilBottomLeftRampTop</SpriteID>
          <SpriteIDByMaterialID>
            <Key>Clay</Key>
            <Value>ClayBottomLeftRampTop</Value>
          </SpriteIDByMaterialID>
        </Item>
      </Value>
    </StateSprite>
    <StateSprite>
      <Key>BottomRightRampTop</Key>
      <Value>
        <Item>
          <SpriteID>SoilBottomRightRampTop</SpriteID>
          <SpriteIDByMaterialID>
            <Key>Clay</Key>
            <Value>ClayBottomRightRampTop</Value>
          </SpriteIDByMaterialID>
        </Item>
      </Value>
    </StateSprite>
    <Component>
      <ItemID>RawSoil</ItemID>
    </Component>    
  </Item>
  <!--RawStoneRamp-->
  <Item>
    <ID>RawStoneRamp</ID>
    <Prefix>stone</Prefix>
    <Name>ramp</Name>
    <SpriteID>
      <SpriteID>Stone</SpriteID>
    </SpriteID>
    <StateSprite>
      <Key>TopLeftAndRightRamp</Key>
      <Value>
        <Item>
          <SpriteID>StoneTopLeftAndRightRamp</SpriteID>
        </Item>
      </Value>
    </StateSprite>
    <StateSprite>
      <Key>TopAndBottomLeftRamp</Key>
      <Value>
        <Item>
          <SpriteID>StoneTopAndBottomLeftRamp</SpriteID>
        </Item>
      </Value>
    </StateSprite>
    <StateSprite>
      <Key>TopAndBottomRightRamp</Key>
      <Value>
        <Item>
          <SpriteID>StoneTopAndBottomRightRamp</SpriteID>
        </Item>
      </Value>
    </StateSprite>
    <StateSprite>
      <Key>BottomLeftAndRightRamp</Key>
      <Value>
        <Item>
          <SpriteID>StoneBottomLeftAndRightRamp</SpriteID>
        </Item>
      </Value>
    </StateSprite>
    <StateSprite>
      <Key>TopLeftAndBottomRightRamp</Key>
      <Value>
        <Item>
          <SpriteID>StoneTopLeftAndBottomRightRamp</SpriteID>
        </Item>
      </Value>
    </StateSprite>
    <StateSprite>
      <Key>TopRightAndBottomLeftRamp</Key>
      <Value>
        <Item>
          <SpriteID>StoneTopRightAndBottomLeftRamp</SpriteID>
        </Item>
      </Value>
    </StateSprite>
    <StateSprite>
      <Key>TopLeftRamp</Key>
      <Value>
        <Item>
          <SpriteID>StoneTopLeftRamp</SpriteID>
        </Item>
      </Value>
    </StateSprite>
    <StateSprite>
      <Key>TopRightRamp</Key>
      <Value>
        <Item>
          <SpriteID>StoneTopRightRamp</SpriteID>
        </Item>
      </Value>
    </StateSprite>
    <StateSprite>
      <Key>BottomLeftRamp</Key>
      <Value>
        <Item>
          <SpriteID>StoneBottomLeftRamp</SpriteID>
        </Item>
      </Value>
    </StateSprite>
    <StateSprite>
      <Key>BottomRightRamp</Key>
      <Value>
        <Item>
          <SpriteID>StoneBottomRightRamp</SpriteID>
        </Item>
      </Value>
    </StateSprite>
    <StateSprite>
      <Key>TopLeftAndRightRampTop</Key>
      <Value>
        <Item>
          <SpriteID>StoneTopLeftAndRightRampTop</SpriteID>
        </Item>
      </Value>
    </StateSprite>
    <StateSprite>
      <Key>TopAndBottomLeftRampTop</Key>
      <Value>
        <Item>
          <SpriteID>StoneTopAndBottomLeftRampTop</SpriteID>
        </Item>
      </Value>
    </StateSprite>
    <StateSprite>
      <Key>TopAndBottomRightRampTop</Key>
      <Value>
        <Item>
          <SpriteID>StoneTopAndBottomRightRampTop</SpriteID>
        </Item>
      </Value>
    </StateSprite>
    <StateSprite>
      <Key>BottomLeftAndRightRampTop</Key>
      <Value>
        <Item>
          <SpriteID>StoneBottomLeftAndRightRampTop</SpriteID>
        </Item>
      </Value>
    </StateSprite>
    <StateSprite>
      <Key>TopLeftAndBottomRightRampTop</Key>
      <Value>
        <Item>
          <SpriteID>StoneTopLeftAndBottomRightRampTop</SpriteID>
        </Item>
      </Value>
    </StateSprite>
    <StateSprite>
      <Key>TopRightAndBottomLeftRampTop</Key>
      <Value>
        <Item>
          <SpriteID>StoneTopRightAndBottomLeftRampTop</SpriteID>
        </Item>
      </Value>
    </StateSprite>
    <StateSprite>
      <Key>TopLeftRampTop</Key>
      <Value>
        <Item>
          <SpriteID>StoneTopLeftRampTop</SpriteID>
        </Item>
      </Value>
    </StateSprite>
    <StateSprite>
      <Key>TopRightRampTop</Key>
      <Value>
        <Item>
          <SpriteID>StoneTopRightRampTop</SpriteID>
        </Item>
      </Value>
    </StateSprite>
    <StateSprite>
      <Key>BottomLeftRampTop</Key>
      <Value>
        <Item>
          <SpriteID>StoneBottomLeftRampTop</SpriteID>
        </Item>
      </Value>
    </StateSprite>
    <StateSprite>
      <Key>BottomRightRampTop</Key>
      <Value>
        <Item>
          <SpriteID>StoneBottomRightRampTop</SpriteID>
        </Item>
      </Value>
    </StateSprite>
    <Component>
      <ItemID>RawStone</ItemID>
    </Component>
  </Item>
  <!--Well-->
  <Item>
    <ID>Well</ID>
    <Name>Well</Name>
    <ToolTip>When built over water, it provides a place to drink.</ToolTip>
    <Properties>
      <Flags>BlocksMovement</Flags>
    </Properties>
    <Effect>
      <Effect>Drink</Effect>
      <Amount>10</Amount>
    </Effect>
    <Value>5</Value>
    <SpriteID>
      <SpriteID>Well</SpriteID>
    </SpriteID>
    <SpriteID>
      <SpriteID>WellTop</SpriteID>
      <MaterialIndex>-1</MaterialIndex>
    </SpriteID>
    <BuildAdjacent>true</BuildAdjacent>
    <Component>
      <ItemID>Block</ItemID>
      <Quantity>4</Quantity>
    </Component>
    <Component>
      <ItemID>Plank</ItemID>
      <Quantity>4</Quantity>
    </Component>
  </Item>
  <!--Tree-->
  <Item>
    <ID>Tree</ID>
    <Name>tree</Name>
    <SpriteID>
      <SpriteID>PineTree</SpriteID>
    </SpriteID>
    <Component>
      <ItemID>Clipping</ItemID>
    </Component>
  </Item>
  <!--Wood Door-->
  <Item>
    <ID>WoodDoor</ID>
    <Name>door</Name>
    <GroupName>wood door</GroupName>
    <SpriteID>
      <SpriteID>WoodDoor</SpriteID>
    </SpriteID>
    <StateSprite>
      <Key>Left</Key>
      <Value>
        <Item>
          <SpriteID>WoodDoorLeft</SpriteID>
        </Item>
      </Value>
    </StateSprite>
    <StateSprite>
      <Key>LeftOpenRight</Key>
      <Value>
        <Item>
          <SpriteID>WoodDoorLeftOpenRight</SpriteID>
        </Item>
      </Value>
    </StateSprite>
    <StateSprite>
      <Key>LeftOpenLeft</Key>
      <Value>
        <Item>
          <SpriteID>WoodDoorLeftOpenLeft</SpriteID>
        </Item>
      </Value>
    </StateSprite>
    <StateSprite>
      <Key>Right</Key>
      <Value>
        <Item>
          <SpriteID>WoodDoorRight</SpriteID>
        </Item>
      </Value>
    </StateSprite>
    <StateSprite>
      <Key>RightOpenRight</Key>
      <Value>
        <Item>
          <SpriteID>WoodDoorRightOpenRight</SpriteID>
        </Item>
      </Value>
    </StateSprite>
    <StateSprite>
      <Key>RightOpenLeft</Key>
      <Value>
        <Item>
          <SpriteID>WoodDoorRightOpenLeft</SpriteID>
        </Item>
      </Value>
    </StateSprite>
    <Destructible>true</Destructible>
    <Thickness>10</Thickness>
    <Component>
      <ItemID>WoodDoor</ItemID>
    </Component>
  </Item>
  <!--Stone Door-->
  <Item>
    <ID>StoneDoor</ID>
    <Name>door</Name>
    <GroupName>stone door</GroupName>
    <SpriteID>
      <SpriteID>StoneDoor</SpriteID>
    </SpriteID>
    <StateSprite>
      <Key>Left</Key>
      <Value>
        <Item>
          <SpriteID>StoneDoorLeft</SpriteID>
        </Item>
      </Value>
    </StateSprite>
    <StateSprite>
      <Key>LeftOpenRight</Key>
      <Value>
        <Item>
          <SpriteID>StoneDoorLeftOpenRight</SpriteID>
        </Item>
      </Value>
    </StateSprite>
    <StateSprite>
      <Key>LeftOpenLeft</Key>
      <Value>
        <Item>
          <SpriteID>StoneDoorLeftOpenLeft</SpriteID>
        </Item>
      </Value>
    </StateSprite>
    <StateSprite>
      <Key>Right</Key>
      <Value>
        <Item>
          <SpriteID>StoneDoorRight</SpriteID>
        </Item>
      </Value>
    </StateSprite>
    <StateSprite>
      <Key>RightOpenRight</Key>
      <Value>
        <Item>
          <SpriteID>StoneDoorRightOpenRight</SpriteID>
        </Item>
      </Value>
    </StateSprite>
    <StateSprite>
      <Key>RightOpenLeft</Key>
      <Value>
        <Item>
          <SpriteID>StoneDoorRightOpenLeft</SpriteID>
        </Item>
      </Value>
    </StateSprite>
    <Destructible>true</Destructible>
    <Thickness>10</Thickness>
    <Component>
      <ItemID>StoneDoor</ItemID>
    </Component>
  </Item>
  <!--Table-->
  <Item>
    <ID>Table</ID>
    <Name>table</Name>
    <Effect>
      <Effect>Surface</Effect>
      <Amount>1</Amount>
    </Effect>
    <SpriteID>
      <SpriteID>WoodTable</SpriteID>
      <SpriteIDByMaterialID>
        <Key>Granite</Key>
        <Value>StoneTable</Value>
      </SpriteIDByMaterialID>
      <SpriteIDByMaterialID>
        <Key>Basalt</Key>
        <Value>StoneTable</Value>
      </SpriteIDByMaterialID>
      <SpriteIDByMaterialID>
        <Key>Marble</Key>
        <Value>StoneTable</Value>
      </SpriteIDByMaterialID>
      <SpriteIDByMaterialID>
        <Key>Sandstone</Key>
        <Value>StoneTable</Value>
      </SpriteIDByMaterialID>
      <SpriteIDByMaterialID>
        <Key>Bauxite</Key>
        <Value>StoneTable</Value>
      </SpriteIDByMaterialID>
      <SpriteIDByMaterialID>
        <Key>Serpentine</Key>
        <Value>StoneTable</Value>
      </SpriteIDByMaterialID>
      <SpriteIDByMaterialID>
        <Key>LapisLazuli</Key>
        <Value>StoneTable</Value>
      </SpriteIDByMaterialID>
      <SpriteIDByMaterialID>
        <Key>Obsidian</Key>
        <Value>StoneTable</Value>
      </SpriteIDByMaterialID>
      <SpriteIDByMaterialID>
        <Key>Brick</Key>
        <Value>StoneTable</Value>
      </SpriteIDByMaterialID>
    </SpriteID>
    <Component>
      <ItemID>Table</ItemID>
    </Component>
  </Item>
  <!--Chair-->
  <Item>
    <ID>Chair</ID>
    <Name>chair</Name>
    <Effect>
      <Effect>Sit</Effect>
      <Amount>1</Amount>
    </Effect>
    <SpriteID>
      <SpriteID>WoodChair</SpriteID>
      <SpriteIDByMaterialID>
        <Key>Granite</Key>
        <Value>StoneChair</Value>
      </SpriteIDByMaterialID>
      <SpriteIDByMaterialID>
        <Key>Basalt</Key>
        <Value>StoneChair</Value>
      </SpriteIDByMaterialID>
      <SpriteIDByMaterialID>
        <Key>Marble</Key>
        <Value>StoneChair</Value>
      </SpriteIDByMaterialID>
      <SpriteIDByMaterialID>
        <Key>Sandstone</Key>
        <Value>StoneChair</Value>
      </SpriteIDByMaterialID>
      <SpriteIDByMaterialID>
        <Key>Bauxite</Key>
        <Value>StoneChair</Value>
      </SpriteIDByMaterialID>
      <SpriteIDByMaterialID>
        <Key>Serpentine</Key>
        <Value>StoneChair</Value>
      </SpriteIDByMaterialID>
      <SpriteIDByMaterialID>
        <Key>LapisLazuli</Key>
        <Value>StoneChair</Value>
      </SpriteIDByMaterialID>
      <SpriteIDByMaterialID>
        <Key>Obsidian</Key>
        <Value>StoneChair</Value>
      </SpriteIDByMaterialID>
      <SpriteIDByMaterialID>
        <Key>Brick</Key>
        <Value>StoneChair</Value>
      </SpriteIDByMaterialID>
    </SpriteID>
    <Rotates>true</Rotates>
    <Component>
      <ItemID>Chair</ItemID>
    </Component>
  </Item>
  <!--Bed-->
  <Item>
    <ID>Bed</ID>
    <Name>bed</Name>
    <Effect>
      <Effect>Sleep</Effect>
      <Amount>1</Amount>
    </Effect>
    <SpriteID>
      <SpriteID>WoodBed</SpriteID>
    </SpriteID>
    <SpriteID>
      <SpriteID>WoodBedSheets</SpriteID>
      <MaterialIndex>-1</MaterialIndex>
    </SpriteID>
    <Rotates>true</Rotates>
    <Component>
      <ItemID>Bed</ItemID>
    </Component>
  </Item>
  <!--FancyBed-->
  <Item>
    <ID>FancyBed</ID>
    <Name>four poster bed</Name>
    <Effect>
      <Effect>Sleep</Effect>
      <Amount>1</Amount>
    </Effect>
    <SpriteID>
      <SpriteID>FancyWoodBed</SpriteID>
    </SpriteID>
    <SpriteID>
      <SpriteID>FancyWoodBedSheets</SpriteID>
      <MaterialIndex>-1</MaterialIndex>
    </SpriteID>
    <SpriteID>
      <SpriteID>FancyWoodBedTop</SpriteID>
    </SpriteID>
    <Rotates>true</Rotates>
    <Component>
      <ItemID>FancyBed</ItemID>
    </Component>
  </Item>
  <!--Statue-->
  <Item>
    <ID>Statue</ID>
    <Name>statue</Name>
    <Properties>
      <Flags>BlocksMovement</Flags>
    </Properties>
    <Effect>
      <Effect>Art</Effect>
      <Amount>1</Amount>
    </Effect>
    <SpriteID>
      <SpriteID>StoneStatue</SpriteID>
    </SpriteID>
    <Rotates>true</Rotates>
    <BuildAdjacent>true</BuildAdjacent>
    <Component>
      <ItemID>Statue</ItemID>
    </Component>
  </Item>
  <!--Torch-->
  <Item>
    <ID>Torch</ID>
    <Name>torch</Name>
    <ToolTip>Provides light when placed</ToolTip>
    <Effect>
      <Effect>LightSource</Effect>
      <Amount>16</Amount>
    </Effect>
    <Value>1</Value>
    <SpriteID>
      <SpriteID>GroundTorchBase</SpriteID>
    </SpriteID>
    <SpriteID>
      <SpriteID>GroundTorchFlame1</SpriteID>
      <MaterialIndex>-1</MaterialIndex>
    </SpriteID>
    <AnimFrame>
      <SpriteID>
        <SpriteID>GroundTorchBase</SpriteID>
      </SpriteID>
      <SpriteID>
        <SpriteID>GroundTorchFlame1</SpriteID>
        <MaterialIndex>-1</MaterialIndex>
      </SpriteID>
      <Time>0.08</Time>
    </AnimFrame>
    <AnimFrame>
      <SpriteID>
        <SpriteID>GroundTorchBase</SpriteID>
      </SpriteID>
      <SpriteID>
        <SpriteID>GroundTorchFlame2</SpriteID>
        <MaterialIndex>-1</MaterialIndex>
      </SpriteID>
      <Time>0.08</Time>
    </AnimFrame>
    <AnimFrame>
      <SpriteID>
        <SpriteID>GroundTorchBase</SpriteID>
      </SpriteID>
      <SpriteID>
        <SpriteID>GroundTorchFlame3</SpriteID>
        <MaterialIndex>-1</MaterialIndex>
      </SpriteID>
      <Time>0.08</Time>
    </AnimFrame>
    <AnimFrame>
      <SpriteID>
        <SpriteID>GroundTorchBase</SpriteID>
      </SpriteID>
      <SpriteID>
        <SpriteID>GroundTorchFlame4</SpriteID>
        <MaterialIndex>-1</MaterialIndex>
      </SpriteID>
      <Time>0.08</Time>
    </AnimFrame>
    <Component>
      <ItemID>Torch</ItemID>
    </Component>
  </Item>
  <!--Axle-->
  <Item>
    <ID>Axle</ID>
    <Name>axle</Name>
    <ToolTip>Used to connect mechanisms in a straight line</ToolTip>
    <SpriteID>
      <SpriteID>Axle1</SpriteID>
    </SpriteID>
    <AnimFrame>
      <SpriteID>
        <SpriteID>Axle1</SpriteID>
      </SpriteID>
      <Time>0.08</Time>
    </AnimFrame>
    <AnimFrame>
      <SpriteID>
        <SpriteID>Axle2</SpriteID>
      </SpriteID>
      <Time>0.08</Time>
    </AnimFrame>
    <AnimFrame>
      <SpriteID>
        <SpriteID>Axle3</SpriteID>
      </SpriteID>
      <Time>0.08</Time>
    </AnimFrame>
    <AnimFrame>
      <SpriteID>
        <SpriteID>Axle4</SpriteID>
      </SpriteID>
      <Time>0.08</Time>
    </AnimFrame>
    <Rotates>true</Rotates>
    <BuildAdjacent>true</BuildAdjacent>
    <BlueprintID>Axle</BlueprintID>
    <Component>
      <ItemID>Axle</ItemID>
    </Component>
  </Item>
  <!--VerticalAxle-->
  <Item>
    <ID>VerticalAxle</ID>
    <Prefix>vertical</Prefix>
    <Name>axle</Name>
    <ToolTip>Used to connect mechanisms in a straight line</ToolTip>
    <SpriteID>
      <SpriteID>AxleUD1</SpriteID>
    </SpriteID>
    <AnimFrame>
      <SpriteID>
        <SpriteID>AxleUD1</SpriteID>
      </SpriteID>
      <Time>0.08</Time>
    </AnimFrame>
    <AnimFrame>
      <SpriteID>
        <SpriteID>AxleUD2</SpriteID>
      </SpriteID>
      <Time>0.08</Time>
    </AnimFrame>
    <AnimFrame>
      <SpriteID>
        <SpriteID>AxleUD3</SpriteID>
      </SpriteID>
      <Time>0.08</Time>
    </AnimFrame>
    <AnimFrame>
      <SpriteID>
        <SpriteID>AxleUD3</SpriteID>
      </SpriteID>
      <Time>0.08</Time>
    </AnimFrame>
    <BuildAdjacent>true</BuildAdjacent>
    <BlueprintID>Axle</BlueprintID>
    <Component>
      <ItemID>Axle</ItemID>
    </Component>
  </Item>
  <!--GearBox-->
  <Item>
    <ID>GearBox</ID>
    <Name>gear box</Name>
    <ToolTip>Used to connect mechanisms at different angles</ToolTip>
    <SpriteID>
      <SpriteID>GearBoxBase</SpriteID>
    </SpriteID>
    <SpriteID>
      <SpriteID>GearBoxFrame</SpriteID>
      <MaterialIndex>-1</MaterialIndex>
    </SpriteID>
    <BuildAdjacent>true</BuildAdjacent>
    <BlueprintID>Gearbox</BlueprintID>
    <Component>
      <ItemID>Gearbox</ItemID>
    </Component>
  </Item>
  <!--Lever-->
  <Item>
    <ID>Lever</ID>
    <Name>lever</Name>
    <ToolTip>Manually toggles connections</ToolTip>
    <SpriteID>
      <SpriteID>LeverBase</SpriteID>
    </SpriteID>
    <SpriteID>
      <SpriteID>LeverOn</SpriteID>
      <MaterialIndex>-1</MaterialIndex>
    </SpriteID>
    <StateSprite>
      <Key>On</Key>
      <Value>
        <Item>
          <SpriteID>LeverBase</SpriteID>
        </Item>
        <Item>
          <SpriteID>LeverOn</SpriteID>
          <MaterialIndex>-1</MaterialIndex>
        </Item>
      </Value>
    </StateSprite>
    <StateSprite>
      <Key>Off</Key>
      <Value>
        <Item>
          <SpriteID>LeverBase</SpriteID>
        </Item>
        <Item>
          <SpriteID>LeverOff</SpriteID>
          <MaterialIndex>-1</MaterialIndex>
        </Item>
      </Value>
    </StateSprite>
    <Rotates>true</Rotates>
    <BlueprintID>Lever</BlueprintID>
    <Component>
      <ItemID>Lever</ItemID>
    </Component>
  </Item>
  <!--PressurePlate-->
  <Item>
    <ID>PressurePlate</ID>
    <Name>pressure plate</Name>
    <ToolTip>Toggles connections when under pressure</ToolTip>
    <SpriteID>
      <SpriteID>PressurePlate</SpriteID>
    </SpriteID>
    <StateSprite>
      <Key>On</Key>
      <Value>
        <Item>
          <SpriteID>PressurePlate</SpriteID>
        </Item>
      </Value>
    </StateSprite>
    <StateSprite>
      <Key>Off</Key>
      <Value>
        <Item>
          <SpriteID>PressurePlate</SpriteID>
        </Item>
      </Value>
    </StateSprite>
    <BlueprintID>PressurePlate</BlueprintID>
    <Component>
      <ItemID>PressurePlate</ItemID>
    </Component>
  </Item>
  <!--MechanicalWall-->
  <Item>
    <ID>MechanicalWall</ID>
    <Name>mechanical wall</Name>
    <ToolTip>Converts to a wall when power is provided</ToolTip>
    <SpriteID>
      <SpriteID>MechanicalWallClosed</SpriteID>
    </SpriteID>
    <StateSprite>
      <Key>Open</Key>
      <Value>
        <Item>
          <SpriteID>MechanicalWallOpen</SpriteID>
        </Item>
      </Value>
    </StateSprite>
    <StateSprite>
      <Key>ClosedTop</Key>
      <Value>
        <Item>
          <SpriteID>MechanicalWallClosedTop</SpriteID>
        </Item>
      </Value>
    </StateSprite>
    <BuildAdjacent>true</BuildAdjacent>
    <BlueprintID>MechanicalWall</BlueprintID>
    <Component>
      <ItemID>MechanicalWall</ItemID>
    </Component>
  </Item>
  <!--Hatch-->
  <Item>
    <ID>Hatch</ID>
    <Name>hatch</Name>
    <ToolTip>Converts to a floor when power is provided</ToolTip>
    <SpriteID>
      <SpriteID>HatchFrame</SpriteID>
      <MaterialIndex>-1</MaterialIndex>
    </SpriteID>
    <SpriteID>
      <SpriteID>HatchClosed</SpriteID>
    </SpriteID>
    <StateSprite>
      <Key>Open</Key>
      <Value>
        <Item>
          <SpriteID>HatchFrame</SpriteID>
          <MaterialIndex>-1</MaterialIndex>
        </Item>
        <Item>
          <SpriteID>HatchOpen</SpriteID>
        </Item>
      </Value>
    </StateSprite>
    <BuildAdjacent>true</BuildAdjacent>
    <BlueprintID>Hatch</BlueprintID>
    <Component>
      <ItemID>Hatch</ItemID>
    </Component>
  </Item>
  <!--Pump-->
  <Item>
    <ID>Pump</ID>
    <Name>pump</Name>
    <SpriteID>
      <SpriteID>PumpFloor</SpriteID>
    </SpriteID>
    <SpriteID>
      <SpriteID>GearBoxFrame</SpriteID>
      <MaterialIndex>-1</MaterialIndex>
    </SpriteID>
    <AnimFrame>
      <SpriteID>
        <SpriteID>PumpScrew1</SpriteID>
        <MaterialIndex>1</MaterialIndex>
      </SpriteID>
      <Time>0.08</Time>
    </AnimFrame>
    <AnimFrame>
      <SpriteID>
        <SpriteID>PumpScrew2</SpriteID>
        <MaterialIndex>1</MaterialIndex>
      </SpriteID>
      <Time>0.08</Time>
    </AnimFrame>
    <AnimFrame>
      <SpriteID>
        <SpriteID>PumpScrew3</SpriteID>
        <MaterialIndex>1</MaterialIndex>
      </SpriteID>
      <Time>0.08</Time>
    </AnimFrame>
    <AnimFrame>
      <SpriteID>
        <SpriteID>PumpScrew4</SpriteID>
        <MaterialIndex>1</MaterialIndex>
      </SpriteID>
      <Time>0.08</Time>
    </AnimFrame>
    <BuildAdjacent>true</BuildAdjacent>
    <BlueprintID>Pump</BlueprintID>
    <Component>
      <ItemID>MechanismBase</ItemID>
    </Component>
    <Component>
      <ItemID>Screw</ItemID>
    </Component>
  </Item>
  <!--Spike Trap-->
  <Item>
    <ID>SpikeTrap</ID>
    <Name>spike trap</Name>
    <ToolTip>A trap that needs to be reset after being triggered</ToolTip>
    <SpriteID>
      <SpriteID>SpikeTrap</SpriteID>
      <MaterialIndex>-1</MaterialIndex>
    </SpriteID>
    <SpriteID>
      <SpriteID>SpikeTrapSpike2</SpriteID>
    </SpriteID>
    <AnimFrame>
      <SpriteID>
        <SpriteID>SpikeTrap</SpriteID>
        <MaterialIndex>-1</MaterialIndex>
      </SpriteID>
      <Time>0</Time>
    </AnimFrame>
    <AnimFrame>
      <SpriteID>
        <SpriteID>SpikeTrap</SpriteID>
        <MaterialIndex>-1</MaterialIndex>
      </SpriteID>
      <SpriteID>
        <SpriteID>SpikeTrapSpike1</SpriteID>
      </SpriteID>
      <Time>0.08</Time>
    </AnimFrame>
    <AnimFrame>
      <SpriteID>
        <SpriteID>SpikeTrap</SpriteID>
        <MaterialIndex>-1</MaterialIndex>
      </SpriteID>
      <SpriteID>
        <SpriteID>SpikeTrapSpike2</SpriteID>
      </SpriteID>
      <Time>0.08</Time>
    </AnimFrame>
    <BuildAdjacent>false</BuildAdjacent>
    <BlueprintID>SpikeTrap</BlueprintID>
    <Component>
      <ItemID>SpikeTrap</ItemID>
    </Component>
  </Item>
  <!--Blade Trap-->
  <Item>
    <ID>BladeTrap</ID>
    <Name>blade trap</Name>
    <ToolTip>A trap that needs to be reset after being triggered</ToolTip>
    <SpriteID>
      <SpriteID>BladeTrap</SpriteID>
      <MaterialIndex>-1</MaterialIndex>
    </SpriteID>
    <SpriteID>
      <SpriteID>BladeTrapBlade3</SpriteID>
    </SpriteID>
    <AnimFrame>
      <SpriteID>
        <SpriteID>BladeTrap</SpriteID>
        <MaterialIndex>-1</MaterialIndex>
      </SpriteID>
      <Time>0</Time>
    </AnimFrame>
    <AnimFrame>
      <SpriteID>
        <SpriteID>BladeTrap</SpriteID>
        <MaterialIndex>-1</MaterialIndex>
      </SpriteID>
      <SpriteID>
        <SpriteID>BladeTrapBlade1</SpriteID>
      </SpriteID>
      <Time>0.04</Time>
    </AnimFrame>
    <AnimFrame>
      <SpriteID>
        <SpriteID>BladeTrap</SpriteID>
        <MaterialIndex>-1</MaterialIndex>
      </SpriteID>
      <SpriteID>
        <SpriteID>BladeTrapBlade2</SpriteID>
      </SpriteID>
      <Time>0.08</Time>
    </AnimFrame>
    <AnimFrame>
      <SpriteID>
        <SpriteID>BladeTrap</SpriteID>
        <MaterialIndex>-1</MaterialIndex>
      </SpriteID>
      <SpriteID>
        <SpriteID>BladeTrapBlade3</SpriteID>
      </SpriteID>
      <Time>0.08</Time>
    </AnimFrame>
    <BuildAdjacent>false</BuildAdjacent>
    <BlueprintID>BladeTrap</BlueprintID>
    <Component>
      <ItemID>BladeTrap</ItemID>
    </Component>
  </Item>
  <!--Handcrank-->
  <Item>
    <ID>Handcrank</ID>
    <Name>handcrank</Name>
    <ToolTip>Provides power when operated</ToolTip>
    <SpriteID>
      <SpriteID>Handcrank</SpriteID>
    </SpriteID>
    <Rotates>true</Rotates>
    <BlueprintID>Handcrank</BlueprintID>
    <Component>
      <ItemID>Handcrank</ItemID>
    </Component>
  </Item>
  <!--WindMill-->
  <Item>
    <ID>WindMill</ID>
    <Name>wind mill</Name>
    <ToolTip>Provides power when built above ground</ToolTip>
    <Properties>
      <Flags>BlocksMovement</Flags>
    </Properties>
    <SpriteID>
      <SpriteID>AxleUD1</SpriteID>
    </SpriteID>
    <SpriteID>
      <SpriteID>Windmill1</SpriteID>
      <MaterialIndex>-1</MaterialIndex>
    </SpriteID>
    <AnimFrame>
      <SpriteID>
        <SpriteID>AxleUD1</SpriteID>
      </SpriteID>
      <SpriteID>
        <SpriteID>Windmill1</SpriteID>
        <MaterialIndex>-1</MaterialIndex>
      </SpriteID>
      <Time>0.08</Time>
    </AnimFrame>
    <AnimFrame>
      <SpriteID>
        <SpriteID>AxleUD2</SpriteID>
      </SpriteID>
      <SpriteID>
        <SpriteID>Windmill2</SpriteID>
        <MaterialIndex>-1</MaterialIndex>
      </SpriteID>
      <Time>0.08</Time>
    </AnimFrame>
    <AnimFrame>
      <SpriteID>
        <SpriteID>AxleUD3</SpriteID>
      </SpriteID>
      <SpriteID>
        <SpriteID>Windmill3</SpriteID>
        <MaterialIndex>-1</MaterialIndex>
      </SpriteID>
      <Time>0.08</Time>
    </AnimFrame>
    <AnimFrame>
      <SpriteID>
        <SpriteID>AxleUD3</SpriteID>
      </SpriteID>
      <SpriteID>
        <SpriteID>Windmill4</SpriteID>
        <MaterialIndex>-1</MaterialIndex>
      </SpriteID>
      <Time>0.08</Time>
    </AnimFrame>
    <BuildAdjacent>true</BuildAdjacent>
    <BlueprintID>Windmill</BlueprintID>
    <Component>
      <ItemID>MechanismBase</ItemID>
    </Component>
    <Component>
      <ItemID>Rod</ItemID>
    </Component>      
    <Component>
      <ItemID>WindmillBlade</ItemID>
      <Quantity>4</Quantity>
    </Component>
  </Item>
  <!--SteamEngine-->
  <Item>
    <ID>SteamEngine</ID>
    <Name>steam engine</Name>
    <ToolTip>Converts coal into power</ToolTip>
    <Properties>
      <Flags>BlocksMovement</Flags>
    </Properties>
    <SpriteID>
      <SpriteID>SteamEngineBase1</SpriteID>
      <MaterialIndex>-1</MaterialIndex>
    </SpriteID>
    <SpriteID>
      <SpriteID>SteamEngine1</SpriteID>
    </SpriteID>
    <AnimFrame>
      <SpriteID>
        <SpriteID>SteamEngineBase1</SpriteID>
        <MaterialIndex>-1</MaterialIndex>
      </SpriteID>
      <SpriteID>
        <SpriteID>SteamEngine1</SpriteID>
      </SpriteID>
      <Time>0.08</Time>
    </AnimFrame>
    <AnimFrame>
      <SpriteID>
        <SpriteID>SteamEngineBase2</SpriteID>
        <MaterialIndex>-1</MaterialIndex>
      </SpriteID>
      <SpriteID>
        <SpriteID>SteamEngine2</SpriteID>
      </SpriteID>
      <Time>0.08</Time>
    </AnimFrame>
    <AnimFrame>
      <SpriteID>
        <SpriteID>SteamEngineBase3</SpriteID>
        <MaterialIndex>-1</MaterialIndex>
      </SpriteID>
      <SpriteID>
        <SpriteID>SteamEngine3</SpriteID>
      </SpriteID>
      <Time>0.08</Time>
    </AnimFrame>
    <AnimFrame>
      <SpriteID>
        <SpriteID>SteamEngineBase4</SpriteID>
        <MaterialIndex>-1</MaterialIndex>
      </SpriteID>
      <SpriteID>
        <SpriteID>SteamEngine4</SpriteID>
      </SpriteID>
      <Time>0.08</Time>
    </AnimFrame>
    <Rotates>true</Rotates>
    <BuildAdjacent>true</BuildAdjacent>
    <BlueprintID>SteamEngine</BlueprintID>
    <Component>
      <ItemID>MechanismBase</ItemID>
    </Component>
    <Component>
      <ItemID>Cylinder</ItemID>
    </Component>
    <Component>
      <ItemID>Rod</ItemID>
    </Component>
    <Component>
      <ItemID>Gear</ItemID>
    </Component>
  </Item>
  <!--StoneCutter-->
  <Item>
    <ID>Stonecutter</ID>
    <Name>Stonecutter</Name>
    <Value>3</Value>
    <SpriteID>
      <SpriteID>SelectionFloor</SpriteID>
    </SpriteID>
    <Component>
      <ItemID>Workbench</ItemID>
      <Quantity>1</Quantity>
    </Component>
    <Component>
      <ItemID>Chair</ItemID>
      <Quantity>1</Quantity>
    </Component>
    <Component>
      <ItemID>Chisel</ItemID>
      <Quantity>1</Quantity>
    </Component>
  </Item>
  <!--WoodCutter-->
  <Item>
    <ID>Woodcutter</ID>
    <Name>Sawmill</Name>
    <Value>3</Value>
    <SpriteID>
      <SpriteID>SelectionFloor</SpriteID>
    </SpriteID>
    <Component>
      <ItemID>Workbench</ItemID>
      <Quantity>1</Quantity>
    </Component>
    <Component>
      <ItemID>Chair</ItemID>
      <Quantity>1</Quantity>
    </Component>
    <Component>
      <ItemID>Sawblade</ItemID>
      <Quantity>1</Quantity>
    </Component>
  </Item>
  <!--Forge-->
  <Item>
    <ID>Forge</ID>
    <Name>Forge</Name>
    <Value>3</Value>
    <SpriteID>
      <SpriteID>SelectionFloor</SpriteID>
    </SpriteID>
    <Component>
      <ItemID>Mold</ItemID>
      <Quantity>1</Quantity>
    </Component>
    <Component>
      <ItemID>Hearth</ItemID>
      <Quantity>1</Quantity>
    </Component>
    <Component>
      <ItemID>Bellows</ItemID>
      <Quantity>1</Quantity>
    </Component>
  </Item>
  <!--Gemcutter-->
  <Item>
    <ID>Gemcutter</ID>
    <Name>Gemcutter</Name>
    <Value>3</Value>
    <SpriteID>
      <SpriteID>SelectionFloor</SpriteID>
    </SpriteID>
    <Component>
      <ItemID>Workbench</ItemID>
      <Quantity>1</Quantity>
    </Component>
    <Component>
      <ItemID>Chair</ItemID>
      <Quantity>1</Quantity>
    </Component>
    <Component>
      <ItemID>CuttingWheel</ItemID>
    </Component>
  </Item>
  <!--Loom-->
  <Item>
    <ID>Loom</ID>
    <Name>Loom</Name>
    <Value>3</Value>
    <SpriteID>
      <SpriteID>SelectionFloor</SpriteID>
    </SpriteID>
    <Component>
      <ItemID>Loom</ItemID>
      <Quantity>1</Quantity>
    </Component>
    <Component>
      <ItemID>Chair</ItemID>
      <Quantity>1</Quantity>
    </Component>
  </Item>
  <!--Furnace-->
  <Item>
    <ID>Furnace</ID>
    <Name>Furnace</Name>
    <Value>3</Value>
    <SpriteID>
      <SpriteID>SelectionFloor</SpriteID>
    </SpriteID>
    <Component>
      <ItemID>Furnace</ItemID>
      <Quantity>1</Quantity>
    </Component>
    <Component>
      <ItemID>Bellows</ItemID>
      <Quantity>1</Quantity>
    </Component>
  </Item>
  <!--Kiln-->
  <Item>
    <ID>Kiln</ID>
    <Name>Kiln</Name>
    <Value>3</Value>
    <SpriteID>
      <SpriteID>SelectionFloor</SpriteID>
    </SpriteID>
    <Component>
      <ItemID>Furnace</ItemID>
      <Quantity>1</Quantity>
    </Component>
    <Component>
      <ItemID>Bellows</ItemID>
      <Quantity>1</Quantity>
    </Component>
  </Item>
  <!--Distillery-->
  <Item>
    <ID>Distillery</ID>
    <Name>Distillery</Name>
    <Value>3</Value>
    <SpriteID>
      <SpriteID>SelectionFloor</SpriteID>
    </SpriteID>
    <Component>
      <ItemID>Table</ItemID>
      <Quantity>1</Quantity>
    </Component>
    <Component>
      <ItemID>Barrel</ItemID>
      <Quantity>2</Quantity>
    </Component>
  </Item>
  <!--Butcher-->
  <Item>
    <ID>Butcher</ID>
    <Name>Butcher Shop</Name>
    <Value>3</Value>
    <SpriteID>
      <SpriteID>SelectionFloor</SpriteID>
    </SpriteID>
    <Component>
      <ItemID>Table</ItemID>
      <Quantity>1</Quantity>
    </Component>
    <Component>
      <ItemID>Chair</ItemID>
      <Quantity>1</Quantity>
    </Component>
    <Component>
      <ItemID>Knife</ItemID>
      <Quantity>1</Quantity>
    </Component>
  </Item>
  <!--Stonemason-->
  <Item>
    <ID>Stonemason</ID>
    <Name>Stonemason</Name>
    <Value>3</Value>
    <SpriteID>
      <SpriteID>SelectionFloor</SpriteID>
    </SpriteID>
    <Component>
      <ItemID>Workbench</ItemID>
      <Quantity>1</Quantity>
    </Component>
    <Component>
      <ItemID>Chair</ItemID>
      <Quantity>1</Quantity>
    </Component>
    <Component>
      <ItemID>Chisel</ItemID>
      <Quantity>1</Quantity>
    </Component>
  </Item>
  <!--Stonecarver-->
  <Item>
    <ID>Stonecarver</ID>
    <Name>Stonecarver</Name>
    <Value>3</Value>
    <SpriteID>
      <SpriteID>SelectionFloor</SpriteID>
    </SpriteID>
    <Component>
      <ItemID>Workbench</ItemID>
      <Quantity>1</Quantity>
    </Component>
    <Component>
      <ItemID>Chair</ItemID>
      <Quantity>1</Quantity>
    </Component>
    <Component>
      <ItemID>Chisel</ItemID>
      <Quantity>1</Quantity>
    </Component>
  </Item>
  <!--Carpenter-->
  <Item>
    <ID>Carpenter</ID>
    <Name>Carpenter</Name>
    <Value>3</Value>
    <SpriteID>
      <SpriteID>SelectionFloor</SpriteID>
    </SpriteID>
    <Component>
      <ItemID>Workbench</ItemID>
      <Quantity>1</Quantity>
    </Component>
    <Component>
      <ItemID>Chair</ItemID>
      <Quantity>1</Quantity>
    </Component>
    <Component>
      <ItemID>Chisel</ItemID>
      <Quantity>1</Quantity>
    </Component>
  </Item>
  <!--Woodcarver-->
  <Item>
    <ID>Woodcarver</ID>
    <Name>Woodcarver</Name>
    <Value>3</Value>
    <SpriteID>
      <SpriteID>SelectionFloor</SpriteID>
    </SpriteID>
    <Component>
      <ItemID>Workbench</ItemID>
      <Quantity>1</Quantity>
    </Component>
    <Component>
      <ItemID>Chair</ItemID>
      <Quantity>1</Quantity>
    </Component>
    <Component>
      <ItemID>Chisel</ItemID>
      <Quantity>1</Quantity>
    </Component>
  </Item>
  <!--Blacksmith-->
  <Item>
    <ID>Blacksmith</ID>
    <Name>Blacksmith</Name>
    <Value>3</Value>
    <SpriteID>
      <SpriteID>SelectionFloor</SpriteID>
    </SpriteID>
    <Component>
      <ItemID>Anvil</ItemID>
      <Quantity>1</Quantity>
    </Component>
    <Component>
      <ItemID>Hearth</ItemID>
      <Quantity>1</Quantity>
    </Component>
    <Component>
      <ItemID>Bellows</ItemID>
      <Quantity>1</Quantity>
    </Component>
  </Item>
  <!--Metalworker-->
  <Item>
    <ID>Metalworker</ID>
    <Name>Metalworker</Name>
    <Value>3</Value>
    <SpriteID>
      <SpriteID>SelectionFloor</SpriteID>
    </SpriteID>
    <Component>
      <ItemID>Anvil</ItemID>
      <Quantity>1</Quantity>
    </Component>
    <Component>
      <ItemID>Hearth</ItemID>
      <Quantity>1</Quantity>
    </Component>
    <Component>
      <ItemID>Bellows</ItemID>
      <Quantity>1</Quantity>
    </Component>
  </Item>
  <!--MachineShop-->
  <Item>
    <ID>MachineShop</ID>
    <Name>Machine Shop</Name>
    <Value>3</Value>
    <SpriteID>
      <SpriteID>SelectionFloor</SpriteID>
    </SpriteID>
    <Component>
      <ItemID>Workbench</ItemID>
      <Quantity>1</Quantity>
    </Component>
    <Component>
      <ItemID>Chair</ItemID>
      <Quantity>1</Quantity>
    </Component>
    <Component>
      <ItemID>CuttingWheel</ItemID>
      <Quantity>1</Quantity>
    </Component>
  </Item>
  <!--Jeweler-->
  <Item>
    <ID>Jeweler</ID>
    <Name>Jeweler</Name>
    <Value>3</Value>
    <SpriteID>
      <SpriteID>SelectionFloor</SpriteID>
    </SpriteID>
    <Component>
      <ItemID>Workbench</ItemID>
      <Quantity>1</Quantity>
    </Component>
    <Component>
      <ItemID>Chair</ItemID>
      <Quantity>1</Quantity>
    </Component>
    <Component>
      <ItemID>File</ItemID>
    </Component>
  </Item>
  <!--Tailor-->
  <Item>
    <ID>Tailor</ID>
    <Name>Tailor Shop</Name>
    <Value>3</Value>
    <SpriteID>
      <SpriteID>SelectionFloor</SpriteID>
    </SpriteID>
    <Component>
      <ItemID>Table</ItemID>
      <Quantity>1</Quantity>
    </Component>
    <Component>
      <ItemID>Chair</ItemID>
      <Quantity>1</Quantity>
    </Component>
    <Component>
      <ItemID>Needle</ItemID>
      <Quantity>1</Quantity>
    </Component>
  </Item>
  <!--Leatherworker-->
  <Item>
    <ID>Leatherworker</ID>
    <Name>Leatherworker</Name>
    <Value>3</Value>
    <SpriteID>
      <SpriteID>SelectionFloor</SpriteID>
    </SpriteID>
    <Component>
      <ItemID>Table</ItemID>
      <Quantity>1</Quantity>
    </Component>
    <Component>
      <ItemID>Chair</ItemID>
      <Quantity>1</Quantity>
    </Component>
    <Component>
      <ItemID>Knife</ItemID>
    </Component>
  </Item>
  <!--Kitchen-->
  <Item>
    <ID>Kitchen</ID>
    <Name>Kitchen</Name>
    <Value>3</Value>
    <SpriteID>
      <SpriteID>SelectionFloor</SpriteID>
    </SpriteID>
    <Component>
      <ItemID>Table</ItemID>
      <Quantity>1</Quantity>
    </Component>
    <Component>
      <ItemID>Chair</ItemID>
      <Quantity>1</Quantity>
    </Component>
    <Component>
      <ItemID>Knife</ItemID>
    </Component>
  </Item>
  <!--Weaponsmith-->
  <Item>
    <ID>Weaponsmith</ID>
    <Name>Weaponsmith</Name>
    <Value>3</Value>
    <SpriteID>
      <SpriteID>SelectionFloor</SpriteID>
    </SpriteID>
    <Component>
      <ItemID>Anvil</ItemID>
      <Quantity>1</Quantity>
    </Component>
    <Component>
      <ItemID>BallPeenHammer</ItemID>
      <Quantity>1</Quantity>
    </Component>
    <Component>
      <ItemID>Hearth</ItemID>
    </Component>
    <Component>
      <ItemID>Bellows</ItemID>
      <Quantity>1</Quantity>
    </Component>
  </Item>
  <!--Armorer-->
  <Item>
    <ID>Armorer</ID>
    <Name>Armorer</Name>
    <Value>3</Value>
    <SpriteID>
      <SpriteID>SelectionFloor</SpriteID>
    </SpriteID>
    <Component>
      <ItemID>Anvil</ItemID>
      <Quantity>1</Quantity>
    </Component>
    <Component>
      <ItemID>BallPeenHammer</ItemID>
      <Quantity>1</Quantity>
    </Component>
    <Component>
      <ItemID>Hearth</ItemID>
    </Component>
    <Component>
      <ItemID>Bellows</ItemID>
      <Quantity>1</Quantity>
    </Component>
  </Item>
  <!--TinkerBench-->
  <Item>
    <ID>TinkerBench</ID>
    <Name>Tinker Bench</Name>
    <Value>3</Value>
    <SpriteID>
      <SpriteID>SelectionFloor</SpriteID>
    </SpriteID>
    <Component>
      <ItemID>Workbench</ItemID>
      <Quantity>1</Quantity>
    </Component>
    <Component>
      <ItemID>Chair</ItemID>
      <Quantity>1</Quantity>
    </Component>
    <Component>
      <ItemID>Wrench</ItemID>
    </Component>
  </Item>
  <!--Engineer-->
  <Item>
    <ID>Engineer</ID>
    <Name>Engineer Shop</Name>
    <Value>3</Value>
    <SpriteID>
      <SpriteID>SelectionFloor</SpriteID>
    </SpriteID>
    <Component>
      <ItemID>Workbench</ItemID>
      <Quantity>1</Quantity>
    </Component>
    <Component>
      <ItemID>Chair</ItemID>
      <Quantity>1</Quantity>
    </Component>
    <Component>
      <ItemID>Wrench</ItemID>
    </Component>
  </Item>
  <!--MarketStall-->
  <Item>
    <ID>MarketStall</ID>
    <Name>Market Stall</Name>
    <Value>3</Value>
    <SpriteID>
      <SpriteID>SelectionFloor</SpriteID>
    </SpriteID>
    <Component>
      <ItemID>Table</ItemID>
      <Quantity>3</Quantity>
    </Component>
    <Component>
      <ItemID>Chair</ItemID>
      <Quantity>1</Quantity>
    </Component>
  </Item>

  <!--ChiseledBlockFloor-->
  <Item>
    <ID>ChiseledBlockFloor</ID>
    <Name>chiseled stone floor</Name>
    <Properties>
      <Flags>BlocksLOS</Flags>
    </Properties>
    <Value>10</Value>
    <SpriteID>
      <SpriteID>ChiseledBlockFloor</SpriteID>
    </SpriteID>
    <Component>
      <ItemID>Block</ItemID>
    </Component>
  </Item>
  <!--ChiseledBlockWall-->
  <Item>
    <ID>ChiseledBlockWall</ID>
    <Name>chiseled stone wall</Name>
    <Properties>
      <Flags>BlocksMovement, BlocksLOS</Flags>
    </Properties>
    <Value>10</Value>
    <SpriteID>
      <SpriteID>ChiseledBlockWall</SpriteID>
    </SpriteID>
    <StateSprite>
      <Key>HalfWall</Key>
      <Value>
        <Item>
          <SpriteID>ChiseledBlockShortWall</SpriteID>
        </Item>
      </Value>
    </StateSprite>
    <Component>
      <ItemID>Block</ItemID>
    </Component>
  </Item>

  <!--Crate-->
  <Item>
    <ID>Crate</ID>
    <Name>crate</Name>
    <ToolTip>Build in a Stockpile to store items.</ToolTip>
    <Value>1</Value>
    <SpriteID>
      <SpriteID>Crate</SpriteID>
    </SpriteID>
    <Component>
      <ItemID>Crate</ItemID>
    </Component>
  </Item>
  <!--Barrel-->
  <Item>
    <ID>Barrel</ID>
    <Name>barrel</Name>
    <ToolTip>Build in a Stockpile to store items.</ToolTip>
    <Value>1</Value>
    <SpriteID>
      <SpriteID>Barrel</SpriteID>
    </SpriteID>
    <Component>
      <ItemID>Barrel</ItemID>
    </Component>
  </Item>
  <!--Bag-->
  <Item>
    <ID>Bag</ID>
    <Name>bag</Name>
    <ToolTip>Build in a Stockpile to store items.</ToolTip>
    <Value>1</Value>
    <SpriteID>
      <SpriteID>Bag</SpriteID>
    </SpriteID>
    <Component>
      <ItemID>Bag</ItemID>
    </Component>
  </Item>

  <!--TrainingGrounds-->
  <Item>
    <ID>TrainingGrounds</ID>
    <Name>Training Grounds</Name>
    <Value>3</Value>
    <SpriteID>
      <SpriteID>SelectionFloor</SpriteID>
    </SpriteID>
    <Component>
      <ItemID>TrainingDummy</ItemID>
      <Quantity>2</Quantity>
    </Component>
  </Item>

  <!--Pillar-->
  <Item>
    <ID>Pillar</ID>
    <Name>pillar</Name>
    <Properties>
      <Flags>BlocksMovement</Flags>
    </Properties>
    <Effect>
      <Effect>Art</Effect>
      <Amount>1</Amount>
    </Effect>
    <SpriteID>
      <SpriteID>StonePillar</SpriteID>
    </SpriteID>
    <BuildAdjacent>true</BuildAdjacent>
    <Component>
      <ItemID>Pillar</ItemID>
    </Component>
  </Item>

  <!--Crude workbench-->
  <Item>
    <ID>CrudeWorkbench</ID>
    <Name>Crude Workbench</Name>
    <SpriteID>
      <SpriteID>SelectionFloor</SpriteID>
    </SpriteID>
    <Component>
      <ItemID>RawWood</ItemID>
      <Quantity>1</Quantity>
    </Component>
    <Component>
      <ItemID>RawStone</ItemID>
      <Quantity>1</Quantity>
    </Component>
  </Item>
  <Item>
    <ID>Bonecarver</ID>
    <Name>Bonecarver</Name>
    <SpriteID>
      <SpriteID>SelectionFloor</SpriteID>
    </SpriteID>
    <Component>
      <ItemID>Table</ItemID>
      <Quantity>1</Quantity>
    </Component>
    <Component>
      <ItemID>Chair</ItemID>
      <Quantity>1</Quantity>
    </Component>
    <Component>
      <ItemID>Knife</ItemID>
    </Component>
  </Item>
  <Item>
    <ID>StrawBed</ID>
    <Name>straw bed</Name>
    <Effect>
      <Effect>Sleep</Effect>
      <Amount>0.5</Amount>
    </Effect>
    <SpriteID>
      <SpriteID>StrawBed</SpriteID>
      <MaterialIndex>-1</MaterialIndex>
    </SpriteID>
    <Component>
      <ItemID>Straw</ItemID>
      <Quantity>2</Quantity>
    </Component>
  </Item>

  <!--StarEngravedBlockWall-->
  <Item>
    <ID>StarEngravedBlockFloor</ID>
    <Name>star engraved floor</Name>
    <Properties>
      <Flags>BlocksLOS</Flags>
    </Properties>
    <Value>10</Value>
    <SpriteID>
      <SpriteID>StarEngravedBlockFloor</SpriteID>
    </SpriteID>
    <Component>
      <ItemID>Block</ItemID>
    </Component>
  </Item>
  <!--StarEngravedBlockWall-->
  <Item>
    <ID>StarEngravedBlockWall</ID>
    <Name>star engraved wall</Name>
    <Properties>
      <Flags>BlocksMovement, BlocksLOS</Flags>
    </Properties>
    <Value>10</Value>
    <SpriteID>
      <SpriteID>StarEngravedBlockWall</SpriteID>
    </SpriteID>
    <StateSprite>
      <Key>HalfWall</Key>
      <Value>
        <Item>
          <SpriteID>StarEngravedBlockShortWall</SpriteID>
        </Item>
      </Value>
    </StateSprite>
    <Component>
      <ItemID>Block</ItemID>
    </Component>
  </Item>
  <!--SpiralEngravedBlockFloor-->
  <Item>
    <ID>SpiralEngravedBlockFloor</ID>
    <Name>spiral engraved floor</Name>
    <Properties>
      <Flags>BlocksLOS</Flags>
    </Properties>
    <Value>10</Value>
    <SpriteID>
      <SpriteID>SpiralEngravedBlockFloor</SpriteID>
    </SpriteID>
    <Component>
      <ItemID>Block</ItemID>
    </Component>
  </Item>
  <!--SpiralEngravedBlockWall-->
  <Item>
    <ID>SpiralEngravedBlockWall</ID>
    <Name>spiral engraved wall</Name>
    <Properties>
      <Flags>BlocksMovement, BlocksLOS</Flags>
    </Properties>
    <Value>10</Value>
    <SpriteID>
      <SpriteID>SpiralEngravedBlockWall</SpriteID>
    </SpriteID>
    <StateSprite>
      <Key>HalfWall</Key>
      <Value>
        <Item>
          <SpriteID>SpiralEngravedBlockShortWall</SpriteID>
        </Item>
      </Value>
    </StateSprite>
    <Component>
      <ItemID>Block</ItemID>
    </Component>
  </Item>
  <!--MoonEngravedBlockFloor-->
  <Item>
    <ID>MoonEngravedBlockFloor</ID>
    <Name>moon engraved floor</Name>
    <Properties>
      <Flags>BlocksLOS</Flags>
    </Properties>
    <Value>10</Value>
    <SpriteID>
      <SpriteID>MoonEngravedBlockFloor</SpriteID>
    </SpriteID>
    <Component>
      <ItemID>Block</ItemID>
    </Component>
  </Item>
  <!--MoonEngravedBlockWall-->
  <Item>
    <ID>MoonEngravedBlockWall</ID>
    <Name>moon engraved wall</Name>
    <Properties>
      <Flags>BlocksMovement, BlocksLOS</Flags>
    </Properties>
    <Value>10</Value>
    <SpriteID>
      <SpriteID>MoonEngravedBlockWall</SpriteID>
    </SpriteID>
    <StateSprite>
      <Key>HalfWall</Key>
      <Value>
        <Item>
          <SpriteID>MoonEngravedBlockShortWall</SpriteID>
        </Item>
      </Value>
    </StateSprite>
    <Component>
      <ItemID>Block</ItemID>
    </Component>
  </Item>
  <!--WaterEngravedBlockFloor-->
  <Item>
    <ID>WaterEngravedBlockFloor</ID>
    <Name>water engraved floor</Name>
    <Properties>
      <Flags>BlocksLOS</Flags>
    </Properties>
    <Value>10</Value>
    <SpriteID>
      <SpriteID>WaterEngravedBlockFloor</SpriteID>
    </SpriteID>
    <Component>
      <ItemID>Block</ItemID>
    </Component>
  </Item>
  <!--WaterEngravedBlockWall-->
  <Item>
    <ID>WaterEngravedBlockWall</ID>
    <Name>water engraved wall</Name>
    <Properties>
      <Flags>BlocksMovement, BlocksLOS</Flags>
    </Properties>
    <Value>10</Value>
    <SpriteID>
      <SpriteID>WaterEngravedBlockWall</SpriteID>
    </SpriteID>
    <StateSprite>
      <Key>HalfWall</Key>
      <Value>
        <Item>
          <SpriteID>WaterEngravedBlockShortWall</SpriteID>
        </Item>
      </Value>
    </StateSprite>
    <Component>
      <ItemID>Block</ItemID>
    </Component>
  </Item>
  <!--EngravedBlockFloor-->
  <Item>
    <ID>EngravedBlockFloor</ID>
    <Name>engraved floor</Name>
    <Properties>
      <Flags>BlocksLOS</Flags>
    </Properties>
    <Value>10</Value>
    <SpriteID>
      <SpriteID>EngravedBlockFloor</SpriteID>
    </SpriteID>
    <Component>
      <ItemID>Block</ItemID>
    </Component>
  </Item>
  <!--EngravedBlockWall-->
  <Item>
    <ID>EngravedBlockWall</ID>
    <Name>engraved wall</Name>
    <Properties>
      <Flags>BlocksMovement, BlocksLOS</Flags>
    </Properties>
    <Value>10</Value>
    <SpriteID>
      <SpriteID>EngravedBlockWall</SpriteID>
    </SpriteID>
    <StateSprite>
      <Key>HalfWall</Key>
      <Value>
        <Item>
          <SpriteID>EngravedBlockShortWall</SpriteID>
        </Item>
      </Value>
    </StateSprite>
    <Component>
      <ItemID>Block</ItemID>
    </Component>
  </Item>
  <!--BoneFloor-->
  <Item>
    <ID>BoneFloor</ID>
    <Name>bone floor</Name>
    <Properties>
      <Flags>BlocksLOS</Flags>
    </Properties>
    <Value>5</Value>
    <SpriteID>
      <SpriteID>BoneFloor</SpriteID>
    </SpriteID>
    <Component>
      <ItemID>Bone</ItemID>
      <Quantity>2</Quantity>
    </Component>
  </Item>
  <!--BoneWall-->
  <Item>
    <ID>BoneWall</ID>
    <Name>bone wall</Name>
    <Properties>
      <Flags>BlocksMovement, BlocksLOS</Flags>
    </Properties>
    <Value>5</Value>
    <SpriteID>
      <SpriteID>BoneWall</SpriteID>
    </SpriteID>
    <StateSprite>
      <Key>HalfWall</Key>
      <Value>
        <Item>
          <SpriteID>BoneShortWall</SpriteID>
        </Item>
      </Value>
    </StateSprite>
    <Component>
      <ItemID>Bone</ItemID>
      <Quantity>2</Quantity>
    </Component>
  </Item>
  <!--ThatchFloor-->
  <Item>
    <ID>ThatchFloor</ID>
    <Name>thatch floor</Name>
    <Properties>
      <Flags>BlocksLOS</Flags>
    </Properties>
    <Value>5</Value>
    <SpriteID>
      <SpriteID>ThatchFloor</SpriteID>
      <MaterialIndex>-1</MaterialIndex>
    </SpriteID>
    <Component>
      <ItemID>Straw</ItemID>
      <Quantity>2</Quantity>
    </Component>
  </Item>
  <!--ThatchWall-->
  <Item>
    <ID>ThatchWall</ID>
    <Name>thatch wall</Name>
    <Properties>
      <Flags>BlocksMovement, BlocksLOS</Flags>
    </Properties>
    <Value>5</Value>
    <SpriteID>
      <SpriteID>ThatchWall</SpriteID>
      <MaterialIndex>-1</MaterialIndex>
    </SpriteID>
    <StateSprite>
      <Key>HalfWall</Key>
      <Value>
        <Item>
          <SpriteID>ThatchShortWall</SpriteID>
        <MaterialIndex>-1</MaterialIndex>
        </Item>
      </Value>
    </StateSprite>
    <Component>
      <ItemID>Straw</ItemID>
      <Quantity>2</Quantity>
    </Component>
  </Item>
  <!--ThatchIncline-->
  <Item>
    <ID>ThatchIncline</ID>
    <Name>thatch incline</Name>
    <Value>5</Value>
    <SpriteID>
      <SpriteID>ThatchInclineUp</SpriteID>
      <MaterialIndex>-1</MaterialIndex>
    </SpriteID>
    <StateSprite>
      <Key>Top</Key>
      <Value>
        <Item>
          <SpriteID>ThatchInclineDown</SpriteID>
          <MaterialIndex>-1</MaterialIndex>
        </Item>
      </Value>
    </StateSprite>
    <Rotates>true</Rotates>
    <Component>
      <ItemID>Straw</ItemID>
      <Quantity>2</Quantity>
    </Component>
  </Item>
  <!--PlankStairs-->
  <Item>
    <ID>PlankStairs</ID>
    <Name>plank stairs</Name>
    <Value>10</Value>
    <SpriteID>
      <SpriteID>PlankStairs</SpriteID>
    </SpriteID>
    <StateSprite>
      <Key>Top</Key>
      <Value>
        <Item>
          <SpriteID>PlankStairsTop</SpriteID>
        </Item>
      </Value>
    </StateSprite>
    <Rotates>true</Rotates>
    <Component>
      <ItemID>Plank</ItemID>
    </Component>
  </Item>
  <!--PostAndRailFence-->
  <Item>
    <ID>PostAndRailFence</ID>
    <Name>rail fence</Name>
    <Properties>
      <Flags>BlocksMovement</Flags>
    </Properties>
    <Value>5</Value>
    <SpriteID>
      <SpriteID>PostAndRailFencePost</SpriteID>
    </SpriteID>
    <StateSprite>
      <Key>Default</Key>
      <Value>
        <Item>
          <SpriteID>PostAndRailFencePost</SpriteID>
        </Item>
      </Value>
    </StateSprite>
    <StateSprite>
      <Key>TopLeft</Key>
      <Value>
        <Item>
          <SpriteID>PostAndRailFenceFL</SpriteID>
        </Item>
      </Value>
    </StateSprite>
    <StateSprite>
      <Key>TopRight</Key>
      <Value>
        <Item>
          <SpriteID>PostAndRailFenceFR</SpriteID>
        </Item>
      </Value>
    </StateSprite>
    <StateSprite>
      <Key>BottomRight</Key>
      <Value>
        <Item>
          <SpriteID>PostAndRailFenceBR</SpriteID>
        </Item>
      </Value>
    </StateSprite>
    <StateSprite>
      <Key>BottomLeft</Key>
      <Value>
        <Item>
          <SpriteID>PostAndRailFenceBL</SpriteID>
        </Item>
      </Value>
    </StateSprite>
    <BuildAdjacent>true</BuildAdjacent>
    <Component>
      <ItemID>Plank</ItemID>
      <Quantity>2</Quantity>
    </Component>
  </Item>
  <!--PicketFence-->
  <Item>
    <ID>PicketFence</ID>
    <Name>picket fence</Name>
    <Properties>
      <Flags>BlocksMovement</Flags>
    </Properties>
    <Value>5</Value>
    <SpriteID>
      <SpriteID>PicketFencePost</SpriteID>
    </SpriteID>
    <StateSprite>
      <Key>Single</Key>
      <Value>
        <Item>
          <SpriteID>PicketFencePost</SpriteID>
        </Item>
      </Value>
    </StateSprite>
    <StateSprite>
      <Key>TopLeft</Key>
      <Value>
        <Item>
          <SpriteID>PicketFenceFL</SpriteID>
        </Item>
      </Value>
    </StateSprite>
    <StateSprite>
      <Key>TopRight</Key>
      <Value>
        <Item>
          <SpriteID>PicketFenceFR</SpriteID>
        </Item>
      </Value>
    </StateSprite>
    <StateSprite>
      <Key>BottomRight</Key>
      <Value>
        <Item>
          <SpriteID>PicketFenceBR</SpriteID>
        </Item>
      </Value>
    </StateSprite>
    <StateSprite>
      <Key>BottomLeft</Key>
      <Value>
        <Item>
          <SpriteID>PicketFenceBL</SpriteID>
        </Item>
      </Value>
    </StateSprite>
    <BuildAdjacent>true</BuildAdjacent>
    <Component>
      <ItemID>Plank</ItemID>
      <Quantity>2</Quantity>
    </Component>
  </Item>
  <!--Dresser-->
  <Item>
    <ID>Dresser</ID>
    <Name>dresser</Name>
    <SpriteID>
      <SpriteID>Dresser</SpriteID>
    </SpriteID>
    <Rotates>true</Rotates>
    <Component>
      <ItemID>Dresser</ItemID>
    </Component>
  </Item>
  <!--Cabinet-->
  <Item>
    <ID>Cabinet</ID>
    <Name>cabinet</Name>
    <SpriteID>
      <SpriteID>Cabinet</SpriteID>
    </SpriteID>
    <Rotates>true</Rotates>
    <Component>
      <ItemID>Cabinet</ItemID>
    </Component>
  </Item>
  <!--Smelter-->
  <Item>
    <ID>Smelter</ID>
    <Name>Smelter</Name>
    <Value>3</Value>
    <SpriteID>
      <SpriteID>SelectionFloor</SpriteID>
    </SpriteID>
    <Component>
      <ItemID>Mold</ItemID>
      <Quantity>1</Quantity>
    </Component>
    <Component>
      <ItemID>Hearth</ItemID>
      <Quantity>1</Quantity>
    </Component>
    <Component>
      <ItemID>Bellows</ItemID>
      <Quantity>1</Quantity>
    </Component>
  </Item>
  <!--Trough-->
  <Item>
    <ID>Trough</ID>
    <Name>trough</Name>
    <ToolTip>Build in a Pasture to help feed animals.</ToolTip>
    <Effect>
      <Effect>Storage</Effect>
      <Amount>32</Amount>
    </Effect>
    <SpriteID>
      <SpriteID>Trough</SpriteID>
    </SpriteID>
    <Rotates>true</Rotates>
    <Component>
      <ItemID>Trough</ItemID>
    </Component>
  </Item>
  <!--Prospector-->
  <Item>
    <ID>Prospector</ID>
    <Name>Prospector</Name>
    <Value>3</Value>
    <SpriteID>
      <SpriteID>SelectionFloor</SpriteID>
    </SpriteID>
    <Component>
      <ItemID>Table</ItemID>
      <Quantity>1</Quantity>
    </Component>
    <Component>
      <ItemID>Chair</ItemID>
      <Quantity>1</Quantity>
    </Component>
    <Component>
      <ItemID>Chisel</ItemID>
      <Quantity>1</Quantity>
    </Component>
  </Item>
  <!--WallTorch-->
  <Item>
    <ID>WallTorch</ID>
    <Name>torch</Name>
    <ToolTip>Provides light when placed</ToolTip>
    <GroupName>wall torch</GroupName>
    <Effect>
      <Effect>LightSource</Effect>
      <Amount>16</Amount>
    </Effect>
    <Value>1</Value>
    <SpriteID>
      <SpriteID>WallTorch</SpriteID>
    </SpriteID>
    <SpriteID>
      <SpriteID>WallTorchFlame1</SpriteID>
      <MaterialIndex>-1</MaterialIndex>
    </SpriteID>
    <AnimFrame>
      <SpriteID>
        <SpriteID>WallTorch</SpriteID>
      </SpriteID>
      <SpriteID>
        <SpriteID>WallTorchFlame1</SpriteID>
        <MaterialIndex>-1</MaterialIndex>
      </SpriteID>
      <Time>0.08</Time>
    </AnimFrame>
    <AnimFrame>
      <SpriteID>
        <SpriteID>WallTorch</SpriteID>
      </SpriteID>
      <SpriteID>
        <SpriteID>WallTorchFlame2</SpriteID>
        <MaterialIndex>-1</MaterialIndex>
      </SpriteID>
      <Time>0.08</Time>
    </AnimFrame>
    <AnimFrame>
      <SpriteID>
        <SpriteID>WallTorch</SpriteID>
      </SpriteID>
      <SpriteID>
        <SpriteID>WallTorchFlame3</SpriteID>
        <MaterialIndex>-1</MaterialIndex>
      </SpriteID>
      <Time>0.08</Time>
    </AnimFrame>
    <AnimFrame>
      <SpriteID>
        <SpriteID>WallTorch</SpriteID>
      </SpriteID>
      <SpriteID>
        <SpriteID>WallTorchFlame4</SpriteID>
        <MaterialIndex>-1</MaterialIndex>
      </SpriteID>
      <Time>0.08</Time>
    </AnimFrame>
    <Rotates>true</Rotates>
    <BuildAdjacent>true</BuildAdjacent>
    <RequiresFloor>false</RequiresFloor>
    <RequiresSupportWall>true</RequiresSupportWall>
    <Component>
      <ItemID>Torch</ItemID>
    </Component>
  </Item>
  <!--SkullPike-->
  <Item>
    <ID>SkullPike</ID>
    <Name>skull on a pole</Name>
    <Value>1</Value>
    <SpriteID>
      <SpriteID>Pike</SpriteID>
      <MaterialIndex>1</MaterialIndex>
    </SpriteID>
    <SpriteID>
      <SpriteID>SkullOnPike</SpriteID>
      <MaterialIndex>-1</MaterialIndex>
    </SpriteID>
    <Rotates>true</Rotates>
    <Component>
      <ItemID>Skull</ItemID>
    </Component>
    <Component>
      <ItemID>Stick</ItemID>
    </Component>
  </Item>
  <!--AlarmBell-->
  <Item>
    <ID>AlarmBell</ID>
    <Name>alarm bell</Name>
    <Value>1</Value>
    <SpriteID>
      <SpriteID>AlarmBellBase</SpriteID>
      <MaterialIndex>1</MaterialIndex>
    </SpriteID>
    <SpriteID>
      <SpriteID>AlarmBellBell</SpriteID>
      <MaterialIndex>0</MaterialIndex>
    </SpriteID>
    <Component>
      <ItemID>AlarmBell</ItemID>
    </Component>
  </Item>
  <!--Scaffolding-->
  <Item>
    <ID>Scaffolding</ID>
    <Name>scaffolding</Name>
    <Value>2</Value>
    <SpriteID>
      <SpriteID>Scaffold</SpriteID>
    </SpriteID>
    <StateSprite>
      <Key>Top</Key>
      <Value>
        <Item>
          <SpriteID>ScaffoldFloor</SpriteID>
        </Item>
      </Value>
    </StateSprite>
    <Component>
      <ItemID>Plank</ItemID>
    </Component>
  </Item>
  <!--SmoothStoneFloor-->
  <Item>
    <ID>SmoothStoneFloor</ID>
    <Prefix>smooth</Prefix>
    <Name>floor</Name>
    <GroupName>stone floor</GroupName>
    <Properties>
      <Flags>BlocksLOS</Flags>
    </Properties>
    <Value>10</Value>
    <SpriteID>
      <SpriteID>SmoothStoneFloor</SpriteID>
    </SpriteID>
    <Component>
      <ItemID>Block</ItemID>
    </Component>
  </Item>
  <!--SmoothStoneWall-->
  <Item>
    <ID>SmoothStoneWall</ID>
    <Prefix>smooth</Prefix>
    <Name>wall</Name>
    <GroupName>stone wall</GroupName>
    <Properties>
      <Flags>BlocksMovement, BlocksLOS</Flags>
    </Properties>
    <Value>10</Value>
    <SpriteID>
      <SpriteID>SmoothStoneWall</SpriteID>
    </SpriteID>
    <StateSprite>
      <Key>HalfWall</Key>
      <Value>
        <Item>
          <SpriteID>SmoothStoneShortWall</SpriteID>
        </Item>
      </Value>
    </StateSprite>
    <Component>
      <ItemID>Block</ItemID>
    </Component>
  </Item>
  <!--FramedDirtFloor-->
  <Item>
    <ID>FramedDirtFloor</ID>
    <Prefix>framed</Prefix>
    <Name>floor</Name>
    <GroupName>soil floor</GroupName>
    <Properties>
      <Flags>BlocksLOS</Flags>
    </Properties>
    <Value>10</Value>
    <SpriteID>
      <SpriteID>RoughSoilFloor</SpriteID>
    </SpriteID>
    <SpriteID>
      <SpriteID>WoodFloorFrame</SpriteID>
      <MaterialIndex>1</MaterialIndex>
    </SpriteID>
    <Component>
      <ItemID>RawSoil</ItemID>
    </Component>
    <Component>
      <ItemID>Plank</ItemID>
    </Component>
  </Item>
  <!--FramedStoneFloor-->
  <Item>
    <ID>FramedStoneFloor</ID>
    <Prefix>framed</Prefix>
    <Name>floor</Name>
    <GroupName>stone floor</GroupName>
    <Properties>
      <Flags>BlocksLOS</Flags>
    </Properties>
    <Value>10</Value>
    <SpriteID>
      <SpriteID>RoughStoneFloor</SpriteID>
    </SpriteID>
    <SpriteID>
      <SpriteID>WoodFloorFrame</SpriteID>
      <MaterialIndex>1</MaterialIndex>
    </SpriteID>
    <Component>
      <ItemID>RawStone</ItemID>
    </Component>
    <Component>
      <ItemID>Plank</ItemID>
    </Component>
  </Item>
  <!--FramedBlockFloor-->
  <Item>
    <ID>FramedBlockFloor</ID>
    <Prefix>framed</Prefix>
    <Name>floor</Name>
    <GroupName>block floor</GroupName>
    <Properties>
      <Flags>BlocksLOS</Flags>
    </Properties>
    <Value>10</Value>
    <SpriteID>
      <SpriteID>BlockStoneFloor</SpriteID>
    </SpriteID>
    <SpriteID>
      <SpriteID>WoodFloorFrame</SpriteID>
      <MaterialIndex>1</MaterialIndex>
    </SpriteID>
    <Component>
      <ItemID>Block</ItemID>
    </Component>
    <Component>
      <ItemID>Plank</ItemID>
    </Component>
  </Item>
  <!--FramedSmoothFloor-->
  <Item>
    <ID>FramedSmoothFloor</ID>
    <Prefix>framed</Prefix>
    <Name>floor</Name>
    <GroupName>smooth floor</GroupName>
    <Properties>
      <Flags>BlocksLOS</Flags>
    </Properties>
    <Value>10</Value>
    <SpriteID>
      <SpriteID>SmoothStoneFloor</SpriteID>
    </SpriteID>
    <SpriteID>
      <SpriteID>WoodFloorFrame</SpriteID>
      <MaterialIndex>1</MaterialIndex>
    </SpriteID>
    <Component>
      <ItemID>Block</ItemID>
    </Component>
    <Component>
      <ItemID>Plank</ItemID>
    </Component>
  </Item>
  <!--CrossFramedDirtWall-->
  <Item>
    <ID>CrossFramedDirtWall</ID>
    <Prefix>cross framed</Prefix>
    <Name>wall</Name>
    <GroupName>soil wall</GroupName>
    <Properties>
      <Flags>BlocksMovement, BlocksLOS</Flags>
    </Properties>
    <Value>10</Value>
    <SpriteID>
      <SpriteID>RoughSoilWall</SpriteID>
    </SpriteID>
    <SpriteID>
      <SpriteID>WoodCrossFrame</SpriteID>
      <MaterialIndex>1</MaterialIndex>
    </SpriteID>
    <StateSprite>
      <Key>HalfWall</Key>
      <Value>
        <Item>
          <SpriteID>>RoughSoilShortWall</SpriteID>
        </Item>
        <Item>
          <SpriteID>WoodShortWallFrame</SpriteID>
          <MaterialIndex>1</MaterialIndex>
        </Item>
      </Value>
    </StateSprite>
    <Component>
      <ItemID>RawSoil</ItemID>
    </Component>
    <Component>
      <ItemID>Plank</ItemID>
    </Component>
  </Item>
  <!--VFramedDirtWall-->
  <Item>
    <ID>VFramedDirtWall</ID>
    <Prefix>v-framed</Prefix>
    <Name>wall</Name>
    <GroupName>soil wall</GroupName>
    <Properties>
      <Flags>BlocksMovement, BlocksLOS</Flags>
    </Properties>
    <Value>10</Value>
    <SpriteID>
      <SpriteID>RoughSoilWall</SpriteID>
    </SpriteID>
    <SpriteID>
      <SpriteID>WoodVFrame</SpriteID>
      <MaterialIndex>1</MaterialIndex>
    </SpriteID>
    <StateSprite>
      <Key>HalfWall</Key>
      <Value>
        <Item>
          <SpriteID>RoughSoilShortWall</SpriteID>
        </Item>
        <Item>
          <SpriteID>WoodVShortWallFrame</SpriteID>
          <MaterialIndex>1</MaterialIndex>
        </Item>
      </Value>
    </StateSprite>
    <Component>
      <ItemID>RawSoil</ItemID>
    </Component>
    <Component>
      <ItemID>Plank</ItemID>
    </Component>
  </Item>
  <!--CrossFramedStoneWall-->
  <Item>
    <ID>CrossFramedStoneWall</ID>
    <Prefix>cross framed</Prefix>
    <Name>wall</Name>
    <GroupName>stone wall</GroupName>
    <Properties>
      <Flags>BlocksMovement, BlocksLOS</Flags>
    </Properties>
    <Value>10</Value>
    <SpriteID>
      <SpriteID>RoughStoneWall</SpriteID>
    </SpriteID>
    <SpriteID>
      <SpriteID>WoodCrossFrame</SpriteID>
      <MaterialIndex>1</MaterialIndex>
    </SpriteID>
    <StateSprite>
      <Key>HalfWall</Key>
      <Value>
        <Item>
          <SpriteID>RoughStoneShortWall</SpriteID>
        </Item>
        <Item>
          <SpriteID>WoodShortWallFrame</SpriteID>
          <MaterialIndex>1</MaterialIndex>
        </Item>
      </Value>
    </StateSprite>
    <Component>
      <ItemID>RawStone</ItemID>
    </Component>
    <Component>
      <ItemID>Plank</ItemID>
    </Component>
  </Item>
  <!--VFramedStoneWall-->
  <Item>
    <ID>VFramedStoneWall</ID>
    <Prefix>v-framed</Prefix>
    <Name>wall</Name>
    <GroupName>stone wall</GroupName>
    <Properties>
      <Flags>BlocksMovement, BlocksLOS</Flags>
    </Properties>
    <Value>10</Value>
    <SpriteID>
      <SpriteID>RoughStoneWall</SpriteID>
    </SpriteID>
    <SpriteID>
      <SpriteID>WoodVFrame</SpriteID>
      <MaterialIndex>1</MaterialIndex>
    </SpriteID>
    <StateSprite>
      <Key>HalfWall</Key>
      <Value>
        <Item>
          <SpriteID>RoughStoneShortWall</SpriteID>
        </Item>
        <Item>
          <SpriteID>WoodVShortWallFrame</SpriteID>
          <MaterialIndex>1</MaterialIndex>
        </Item>
      </Value>
    </StateSprite>
    <Component>
      <ItemID>RawStone</ItemID>
    </Component>
    <Component>
      <ItemID>Plank</ItemID>
    </Component>
  </Item>
  <!--CrossFramedBlockWall-->
  <Item>
    <ID>CrossFramedBlockWall</ID>
    <Prefix>cross framed</Prefix>
    <Name>wall</Name>
    <GroupName>block wall</GroupName>
    <Properties>
      <Flags>BlocksMovement, BlocksLOS</Flags>
    </Properties>
    <Value>10</Value>
    <SpriteID>
      <SpriteID>BlockStoneWall</SpriteID>
    </SpriteID>
    <SpriteID>
      <SpriteID>WoodCrossFrame</SpriteID>
      <MaterialIndex>1</MaterialIndex>
    </SpriteID>
    <StateSprite>
      <Key>HalfWall</Key>
      <Value>
        <Item>
          <SpriteID>BlockShortWall</SpriteID>
        </Item>
        <Item>
          <SpriteID>WoodShortWallFrame</SpriteID>
          <MaterialIndex>1</MaterialIndex>
        </Item>
      </Value>
    </StateSprite>
    <Component>
      <ItemID>Block</ItemID>
    </Component>
    <Component>
      <ItemID>Plank</ItemID>
    </Component>
  </Item>
  <!--VFramedBlockWall-->
  <Item>
    <ID>VFramedBlockWall</ID>
    <Prefix>v-framed</Prefix>
    <Name>wall</Name>
    <GroupName>block wall</GroupName>
    <Properties>
      <Flags>BlocksMovement, BlocksLOS</Flags>
    </Properties>
    <Value>10</Value>
    <SpriteID>
      <SpriteID>BlockStoneWall</SpriteID>
    </SpriteID>
    <SpriteID>
      <SpriteID>WoodVFrame</SpriteID>
      <MaterialIndex>1</MaterialIndex>
    </SpriteID>
    <StateSprite>
      <Key>HalfWall</Key>
      <Value>
        <Item>
          <SpriteID>BlockShortWall</SpriteID>
        </Item>
        <Item>
          <SpriteID>WoodVShortWallFrame</SpriteID>
          <MaterialIndex>1</MaterialIndex>
        </Item>
      </Value>
    </StateSprite>
    <Component>
      <ItemID>Block</ItemID>
    </Component>
    <Component>
      <ItemID>Plank</ItemID>
    </Component>
  </Item>
  <!--PanelledBlockWall-->
  <Item>
    <ID>PanelledBlockWall</ID>
    <Prefix>wood panelled</Prefix>
    <Name>wall</Name>
    <GroupName>block wall</GroupName>
    <Properties>
      <Flags>BlocksMovement, BlocksLOS</Flags>
    </Properties>
    <Value>10</Value>
    <SpriteID>
      <SpriteID>BlockStoneWall</SpriteID>
    </SpriteID>
    <SpriteID>
      <SpriteID>WoodPanelledFrame</SpriteID>
      <MaterialIndex>1</MaterialIndex>
    </SpriteID>
    <StateSprite>
      <Key>HalfWall</Key>
      <Value>
        <Item>
          <SpriteID>BlockShortWall</SpriteID>
        </Item>
        <Item>
          <SpriteID>WoodPanelledShortWallFrame</SpriteID>
          <MaterialIndex>1</MaterialIndex>
        </Item>
      </Value>
    </StateSprite>
    <Component>
      <ItemID>Block</ItemID>
    </Component>
    <Component>
      <ItemID>Plank</ItemID>
    </Component>
  </Item>
  <!--CrossFramedSmoothWall-->
  <Item>
    <ID>CrossFramedSmoothWall</ID>
    <Prefix>cross framed</Prefix>
    <Name>wall</Name>
    <GroupName>smooth wall</GroupName>
    <Properties>
      <Flags>BlocksMovement, BlocksLOS</Flags>
    </Properties>
    <Value>10</Value>
    <SpriteID>
      <SpriteID>SmoothStoneWall</SpriteID>
    </SpriteID>
    <SpriteID>
      <SpriteID>WoodCrossFrame</SpriteID>
      <MaterialIndex>1</MaterialIndex>
    </SpriteID>
    <StateSprite>
      <Key>HalfWall</Key>
      <Value>
        <Item>
          <SpriteID>SmoothStoneShortWall</SpriteID>
        </Item>
        <Item>
          <SpriteID>WoodShortWallFrame</SpriteID>
          <MaterialIndex>1</MaterialIndex>
        </Item>
      </Value>
    </StateSprite>
    <Component>
      <ItemID>Block</ItemID>
    </Component>
    <Component>
      <ItemID>Plank</ItemID>
    </Component>
  </Item>
  <!--VFramedSmoothWall-->
  <Item>
    <ID>VFramedSmoothWall</ID>
    <Prefix>v-framed</Prefix>
    <Name>wall</Name>
    <GroupName>smooth wall</GroupName>
    <Properties>
      <Flags>BlocksMovement, BlocksLOS</Flags>
    </Properties>
    <Value>10</Value>
    <SpriteID>
      <SpriteID>SmoothStoneWall</SpriteID>
    </SpriteID>
    <SpriteID>
      <SpriteID>WoodVFrame</SpriteID>
      <MaterialIndex>1</MaterialIndex>
    </SpriteID>
    <StateSprite>
      <Key>HalfWall</Key>
      <Value>
        <Item>
          <SpriteID>SmoothStoneShortWall</SpriteID>
        </Item>
        <Item>
          <SpriteID>WoodVShortWallFrame</SpriteID>
          <MaterialIndex>1</MaterialIndex>
        </Item>
      </Value>
    </StateSprite>
    <Component>
      <ItemID>Block</ItemID>
    </Component>
    <Component>
      <ItemID>Plank</ItemID>
    </Component>
  </Item>
  <!--PanelledSmoothWall-->
  <Item>
    <ID>PanelledSmoothWall</ID>
    <Prefix>wood panelled</Prefix>
    <Name>wall</Name>
    <GroupName>smooth wall</GroupName>
    <Properties>
      <Flags>BlocksMovement, BlocksLOS</Flags>
    </Properties>
    <Value>10</Value>
    <SpriteID>
      <SpriteID>SmoothStoneWall</SpriteID>
    </SpriteID>
    <SpriteID>
      <SpriteID>WoodPanelledFrame</SpriteID>
      <MaterialIndex>1</MaterialIndex>
    </SpriteID>
    <StateSprite>
      <Key>HalfWall</Key>
      <Value>
        <Item>
          <SpriteID>SmoothStoneShortWall</SpriteID>
        </Item>
        <Item>
          <SpriteID>WoodPanelledShortWallFrame</SpriteID>
          <MaterialIndex>1</MaterialIndex>
        </Item>
      </Value>
    </StateSprite>
    <Component>
      <ItemID>Block</ItemID>
    </Component>
    <Component>
      <ItemID>Plank</ItemID>
    </Component>
  </Item>
  <!--CeramicFloor-->
  <Item>
    <ID>CeramicFloor</ID>
    <Name>floor</Name>
    <GroupName>ceramic floor</GroupName>
    <Properties>
      <Flags>BlocksLOS</Flags>
    </Properties>
    <Value>10</Value>
    <SpriteID>
      <SpriteID>CeramicFloor</SpriteID>
      <MaterialIndex>-1</MaterialIndex>
    </SpriteID>
    <Component>
      <ItemID>Tile</ItemID>
    </Component>
  </Item>
  <!--CeramicWall-->
  <Item>
    <ID>CeramicWall</ID>
    <Name>wall</Name>
    <GroupName>ceramic wall</GroupName>
    <Properties>
      <Flags>BlocksMovement, BlocksLOS</Flags>
    </Properties>
    <Value>10</Value>
    <SpriteID>
      <SpriteID>CeramicWall</SpriteID>
      <MaterialIndex>-1</MaterialIndex>
    </SpriteID>
    <StateSprite>
      <Key>HalfWall</Key>
      <Value>
        <Item>
          <SpriteID>CeramicShortWall</SpriteID>
        </Item>
      </Value>
    </StateSprite>
    <Component>
      <ItemID>Tile</ItemID>
    </Component>
  </Item>
  <!--CarvedFloor-->
  <Item>
    <ID>CarvedStoneFloor</ID>
    <Prefix>carved</Prefix>
    <Name>floor</Name>
    <Properties>
      <Flags>BlocksLOS</Flags>
    </Properties>
    <Value>10</Value>
    <SpriteID>
      <SpriteID>CarvedStoneFloor</SpriteID>
    </SpriteID>
    <Component>
      <ItemID>Block</ItemID>
    </Component>
  </Item>
  <!--CarvedWall-->
  <Item>
    <ID>CarvedStoneWall</ID>
    <Prefix>carved</Prefix>
    <Name>wall</Name>
    <Properties>
      <Flags>BlocksMovement, BlocksLOS</Flags>
    </Properties>
    <Value>10</Value>
    <SpriteID>
      <SpriteID>CarvedStoneWall</SpriteID>
    </SpriteID>
    <StateSprite>
      <Key>HalfWall</Key>
      <Value>
        <Item>
          <SpriteID>CarvedShortWall</SpriteID>
        </Item>
      </Value>
    </StateSprite>
    <Component>
      <ItemID>Block</ItemID>
    </Component>
  </Item>
</Constructions>