﻿<?xml version="1.0" encoding="utf-8" ?>
<ProspectorSettings>
  <!--MetalSliverItemID: Main ItemID generated when prospecting-->
  <!--WeightedMaterialIDsByMaterialType:
        WeightedMaterialIDs: List of materials to generate when prospecting
          Key: Type of material being prospected
          Value:
            Item:
              MaterialID: ID of material to generate for MetalSliverItemID
              Weight: Weight that this material is selected over others in this group-->
  <!--SilicaItemID: Additional ItemID generated when prospecting-->
  <!--SilicaMaterialID: ID of material to generate for SilicaItemID-->
  <MetalSliverItemID>MetalSliver</MetalSliverItemID>
  <WeightedMaterialIDsByMaterialType>
    <WeightedMaterialIDs>
      <Key>Soil</Key>
      <Value>
        <Item>
          <MaterialID>Copper</MaterialID>
          <Weight>6</Weight>
        </Item>
        <Item>
          <MaterialID>Malachite</MaterialID>
          <Weight>6</Weight>
        </Item>
        <Item>
          <MaterialID>Tin</MaterialID>
          <Weight>5</Weight>
        </Item>
        <Item>
          <MaterialID>Silver</MaterialID>
          <Weight>3</Weight>
        </Item>
      </Value>
    </WeightedMaterialIDs>
    <WeightedMaterialIDs>
      <Key>Stone</Key>
      <Value>
        <Item>
          <MaterialID>Copper</MaterialID>
          <Weight>4</Weight>
        </Item>
        <Item>
          <MaterialID>Malachite</MaterialID>
          <Weight>2</Weight>
        </Item>
        <Item>
          <MaterialID>Tin</MaterialID>
          <Weight>4</Weight>
        </Item>
        <Item>
          <MaterialID>Silver</MaterialID>
          <Weight>3</Weight>
        </Item>
        <Item>
          <MaterialID>Gold</MaterialID>
          <Weight>2</Weight>
        </Item>
        <Item>
          <MaterialID>Lead</MaterialID>
          <Weight>2</Weight>
        </Item>
        <Item>
          <MaterialID>Iron</MaterialID>
          <Weight>2</Weight>
        </Item>
        <Item>
          <MaterialID>Platinum</MaterialID>
          <Weight>1</Weight>
        </Item>
      </Value>
    </WeightedMaterialIDs>
  </WeightedMaterialIDsByMaterialType>
  <SilicaItemID>Silica</SilicaItemID>
  <SilicaMaterialID>Silica</SilicaMaterialID>
</ProspectorSettings>