﻿<?xml version="1.0" encoding="utf-8" ?>
<Storage>
  <!--Item
        StorageID: ID of storage
        RequireSame (optional): Default is false. If true this container will only hold items of the same item ID and material ID
        AllowedItem: Supports an arbitrary number.  ID of item that this container is allowed to hold
  -->
  <Item>
    <StorageID>ResourcePile</StorageID>
    <RequireSame>true</RequireSame>
    <AllowedItem>RawSoil</AllowedItem>
    <AllowedItem>RawStone</AllowedItem>
  </Item>
  <Item>
    <StorageID>MusketRoundPile</StorageID>
    <RequireSame>true</RequireSame>
    <AllowedItem>MusketRound</AllowedItem>
  </Item>
  <Item>
    <StorageID>CrossbowBoltPile</StorageID>
    <RequireSame>true</RequireSame>
    <AllowedItem>CrossbowBolt</AllowedItem>
  </Item>
  <Item>
    <StorageID>StrawPile</StorageID>
    <RequireSame>true</RequireSame>
    <AllowedItem>Straw</AllowedItem>
  </Item>
  <Item>
    <StorageID>SilicaPile</StorageID>
    <RequireSame>true</RequireSame>
    <AllowedItem>Silica</AllowedItem>
  </Item>
  <Item>
    <StorageID>Crate</StorageID>
    <AllowedItem>RawWood</AllowedItem>
    <AllowedItem>RawCoal</AllowedItem>
    <AllowedItem>RawOre</AllowedItem>
    <AllowedItem>RawGem</AllowedItem>
    <AllowedItem>RawHide</AllowedItem>
    <AllowedItem>Fruit</AllowedItem>
    <AllowedItem>Bread</AllowedItem>
    <AllowedItem>Sausage</AllowedItem>
    <AllowedItem>Egg</AllowedItem>
    <AllowedItem>Meat</AllowedItem>      
    <AllowedItem>Sandwich</AllowedItem>      
    <AllowedItem>Bone</AllowedItem>
    <AllowedItem>Skull</AllowedItem>
    <AllowedItem>Block</AllowedItem>
    <AllowedItem>Plank</AllowedItem>
    <AllowedItem>Bar</AllowedItem>
    <AllowedItem>Gem</AllowedItem>
    <AllowedItem>Bolt</AllowedItem>
    <AllowedItem>Bandage</AllowedItem>
    <AllowedItem>Rod</AllowedItem>
    <AllowedItem>Gear</AllowedItem>
    <AllowedItem>Spring</AllowedItem>
    <AllowedItem>PetRock</AllowedItem>
    <AllowedItem>PuzzleBox</AllowedItem>
    <AllowedItem>CommemorativeCoin</AllowedItem>
    <AllowedItem>Statuette</AllowedItem>
    <AllowedItem>Ring</AllowedItem>
    <AllowedItem>GemmedRing</AllowedItem>
    <AllowedItem>Necklace</AllowedItem>
    <AllowedItem>GemmedNecklace</AllowedItem>
    <AllowedItem>Pickaxe</AllowedItem>
    <AllowedItem>FellingAxe</AllowedItem>
    <AllowedItem>Sword</AllowedItem>
    <AllowedItem>HandAxe</AllowedItem>
    <AllowedItem>Hammer</AllowedItem>
    <AllowedItem>Claymore</AllowedItem>
    <AllowedItem>BattleAxe</AllowedItem>
    <AllowedItem>Warhammer</AllowedItem>
    <AllowedItem>Shield</AllowedItem>
    <AllowedItem>Torch</AllowedItem>
    <AllowedItem>Helmet</AllowedItem>
    <AllowedItem>Breastplate</AllowedItem>
    <AllowedItem>Pauldron</AllowedItem>
    <AllowedItem>Greave</AllowedItem>
    <AllowedItem>Gauntlet</AllowedItem>
    <AllowedItem>Boot</AllowedItem>
    <AllowedItem>LeatherHelm</AllowedItem>
    <AllowedItem>LeatherCuirass</AllowedItem>
    <AllowedItem>LeatherBracer</AllowedItem>
    <AllowedItem>LeatherGreave</AllowedItem>
    <AllowedItem>LeatherGlove</AllowedItem>
    <AllowedItem>LeatherBoot</AllowedItem>
    <AllowedItem>SkullHelmet</AllowedItem>
    <AllowedItem>BoneShirt</AllowedItem>
    <AllowedItem>Pistol</AllowedItem>
    <AllowedItem>Blunderbuss</AllowedItem>
    <AllowedItem>Crossbow</AllowedItem>
    <AllowedItem>Chisel</AllowedItem>
    <AllowedItem>Stick</AllowedItem>
    <AllowedItem>Hilt</AllowedItem>
    <AllowedItem>StoneKnifeBlade</AllowedItem>
    <AllowedItem>Knife</AllowedItem>
    <AllowedItem>Needle</AllowedItem>
    <AllowedItem>Sawblade</AllowedItem>
    <AllowedItem>Bellows</AllowedItem>
    <AllowedItem>CuttingWheel</AllowedItem>
    <AllowedItem>File</AllowedItem>
    <AllowedItem>BallPeenHammer</AllowedItem>
    <AllowedItem>Wrench</AllowedItem>
    <AllowedItem>Haft</AllowedItem>
    <AllowedItem>String</AllowedItem>
    <AllowedItem>Padding</AllowedItem>
    <AllowedItem>PickaxeHead</AllowedItem>
    <AllowedItem>FellingAxeHead</AllowedItem>
    <AllowedItem>SwordBlade</AllowedItem>
    <AllowedItem>HandAxeHead</AllowedItem>
    <AllowedItem>HammerHead</AllowedItem>
    <AllowedItem>ClaymoreBlade</AllowedItem>
    <AllowedItem>BattleAxeHead</AllowedItem>
    <AllowedItem>WarhammerHead</AllowedItem>
    <AllowedItem>ShieldBoss</AllowedItem>
    <AllowedItem>ShieldBacking</AllowedItem>
    <AllowedItem>LeatherStrap</AllowedItem>
    <AllowedItem>LeatherArmorPanel</AllowedItem>
    <AllowedItem>ArmorPlate</AllowedItem>
    <AllowedItem>PistolStock</AllowedItem>
    <AllowedItem>PistolBarrel</AllowedItem>
    <AllowedItem>BlunderbussStock</AllowedItem>
    <AllowedItem>BlunderbussBarrel</AllowedItem>
    <AllowedItem>CrossbowBow</AllowedItem>
    <AllowedItem>CrossbowStock</AllowedItem>
    <AllowedItem>Spike</AllowedItem>
    <AllowedItem>WornHelmet</AllowedItem>
    <AllowedItem>WornBreastplate</AllowedItem>
    <AllowedItem>WornPauldron</AllowedItem>
    <AllowedItem>WornGreave</AllowedItem>
    <AllowedItem>WornGauntlet</AllowedItem>
    <AllowedItem>WornBoot</AllowedItem>
    <AllowedItem>WornSword</AllowedItem>
    <AllowedItem>WornHandAxe</AllowedItem>
    <AllowedItem>WornHammer</AllowedItem>
    <AllowedItem>WornClaymore</AllowedItem>
    <AllowedItem>WornBattleAxe</AllowedItem>
    <AllowedItem>WornWarhammer</AllowedItem>
    <AllowedItem>WornShield</AllowedItem>
    <AllowedItem>MetalSliver</AllowedItem>
    <AllowedItem>Mushroom</AllowedItem>
    <AllowedItem>Cheese</AllowedItem>
    <AllowedItem>SausageOmelette</AllowedItem>
    <AllowedItem>CheeseOmelette</AllowedItem>
    <AllowedItem>MushroomOmelette</AllowedItem>
    <AllowedItem>WoodenShield</AllowedItem>
    <AllowedItem>TowerShield</AllowedItem>
    <AllowedItem>StoneSword</AllowedItem>
    <AllowedItem>StoneHandAxe</AllowedItem>
    <AllowedItem>StoneHammer</AllowedItem>
    <AllowedItem>TowerShieldBacking</AllowedItem>
    <AllowedItem>Tile</AllowedItem>
  </Item>
  <Item>
    <StorageID>Barrel</StorageID>
    <RequireSame>true</RequireSame>
    <AllowedItem>Milk</AllowedItem>
    <AllowedItem>Wine</AllowedItem>
    <AllowedItem>Beer</AllowedItem>
    <AllowedItem>Tea</AllowedItem>
  </Item>
  <Item>
    <StorageID>Bag</StorageID>
    <RequireSame>true</RequireSame>
    <AllowedItem>RawCloth</AllowedItem>
    <AllowedItem>Seed</AllowedItem>
    <AllowedItem>Clipping</AllowedItem>      
    <AllowedItem>Wheat</AllowedItem>
  </Item>
  <Item>
    <StorageID>AmmoPouch</StorageID>
    <RequireSame>true</RequireSame>
    <AllowedItem>MusketRound</AllowedItem>
  </Item>
  <Item>
    <StorageID>Quiver</StorageID>
    <RequireSame>true</RequireSame>
    <AllowedItem>CrossbowBolt</AllowedItem>
  </Item>
  <Item>
    <StorageID>Wheelbarrow</StorageID>
    <AllowedItem>RawWood</AllowedItem>
    <AllowedItem>RawCoal</AllowedItem>
    <AllowedItem>RawOre</AllowedItem>
    <AllowedItem>RawGem</AllowedItem>
    <AllowedItem>RawHide</AllowedItem>
    <AllowedItem>Fruit</AllowedItem>
    <AllowedItem>Bread</AllowedItem>
    <AllowedItem>Sausage</AllowedItem>
    <AllowedItem>Egg</AllowedItem>
    <AllowedItem>Meat</AllowedItem>
    <AllowedItem>Sandwich</AllowedItem>
    <AllowedItem>Bone</AllowedItem>
    <AllowedItem>Skull</AllowedItem>
    <AllowedItem>Block</AllowedItem>
    <AllowedItem>Plank</AllowedItem>
    <AllowedItem>Bar</AllowedItem>
    <AllowedItem>Gem</AllowedItem>
    <AllowedItem>Bolt</AllowedItem>
    <AllowedItem>Bandage</AllowedItem>
    <AllowedItem>Rod</AllowedItem>
    <AllowedItem>Gear</AllowedItem>
    <AllowedItem>Spring</AllowedItem>
    <AllowedItem>PetRock</AllowedItem>
    <AllowedItem>PuzzleBox</AllowedItem>
    <AllowedItem>CommemorativeCoin</AllowedItem>
    <AllowedItem>Statuette</AllowedItem>
    <AllowedItem>Ring</AllowedItem>
    <AllowedItem>GemmedRing</AllowedItem>
    <AllowedItem>Necklace</AllowedItem>
    <AllowedItem>GemmedNecklace</AllowedItem>
    <AllowedItem>Pickaxe</AllowedItem>
    <AllowedItem>FellingAxe</AllowedItem>
    <AllowedItem>Sword</AllowedItem>
    <AllowedItem>HandAxe</AllowedItem>
    <AllowedItem>Hammer</AllowedItem>
    <AllowedItem>Claymore</AllowedItem>
    <AllowedItem>BattleAxe</AllowedItem>
    <AllowedItem>Warhammer</AllowedItem>
    <AllowedItem>Shield</AllowedItem>
    <AllowedItem>Torch</AllowedItem>
    <AllowedItem>Helmet</AllowedItem>
    <AllowedItem>Breastplate</AllowedItem>
    <AllowedItem>Pauldron</AllowedItem>
    <AllowedItem>Greave</AllowedItem>
    <AllowedItem>Gauntlet</AllowedItem>
    <AllowedItem>Boot</AllowedItem>
    <AllowedItem>LeatherHelm</AllowedItem>
    <AllowedItem>LeatherCuirass</AllowedItem>
    <AllowedItem>LeatherBracer</AllowedItem>
    <AllowedItem>LeatherGreave</AllowedItem>
    <AllowedItem>LeatherGlove</AllowedItem>
    <AllowedItem>LeatherBoot</AllowedItem>
    <AllowedItem>SkullHelmet</AllowedItem>
    <AllowedItem>BoneShirt</AllowedItem>
    <AllowedItem>Pistol</AllowedItem>
    <AllowedItem>Blunderbuss</AllowedItem>
    <AllowedItem>Crossbow</AllowedItem>
    <AllowedItem>Chisel</AllowedItem>
    <AllowedItem>Stick</AllowedItem>
    <AllowedItem>Hilt</AllowedItem>
    <AllowedItem>StoneKnifeBlade</AllowedItem>
    <AllowedItem>Knife</AllowedItem>
    <AllowedItem>Needle</AllowedItem>
    <AllowedItem>Sawblade</AllowedItem>
    <AllowedItem>Bellows</AllowedItem>
    <AllowedItem>CuttingWheel</AllowedItem>
    <AllowedItem>File</AllowedItem>
    <AllowedItem>BallPeenHammer</AllowedItem>
    <AllowedItem>Wrench</AllowedItem>
    <AllowedItem>Haft</AllowedItem>
    <AllowedItem>String</AllowedItem>
    <AllowedItem>Padding</AllowedItem>
    <AllowedItem>PickaxeHead</AllowedItem>
    <AllowedItem>FellingAxeHead</AllowedItem>
    <AllowedItem>SwordBlade</AllowedItem>
    <AllowedItem>HandAxeHead</AllowedItem>
    <AllowedItem>HammerHead</AllowedItem>
    <AllowedItem>ClaymoreBlade</AllowedItem>
    <AllowedItem>BattleAxeHead</AllowedItem>
    <AllowedItem>WarhammerHead</AllowedItem>
    <AllowedItem>ShieldBoss</AllowedItem>
    <AllowedItem>ShieldBacking</AllowedItem>
    <AllowedItem>LeatherStrap</AllowedItem>
    <AllowedItem>LeatherArmorPanel</AllowedItem>
    <AllowedItem>ArmorPlate</AllowedItem>
    <AllowedItem>PistolStock</AllowedItem>
    <AllowedItem>PistolBarrel</AllowedItem>
    <AllowedItem>BlunderbussStock</AllowedItem>
    <AllowedItem>BlunderbussBarrel</AllowedItem>
    <AllowedItem>CrossbowBow</AllowedItem>
    <AllowedItem>CrossbowStock</AllowedItem>
    <AllowedItem>Spike</AllowedItem>
    <AllowedItem>WornHelmet</AllowedItem>
    <AllowedItem>WornBreastplate</AllowedItem>
    <AllowedItem>WornPauldron</AllowedItem>
    <AllowedItem>WornGreave</AllowedItem>
    <AllowedItem>WornGauntlet</AllowedItem>
    <AllowedItem>WornBoot</AllowedItem>
    <AllowedItem>WornSword</AllowedItem>
    <AllowedItem>WornHandAxe</AllowedItem>
    <AllowedItem>WornHammer</AllowedItem>
    <AllowedItem>WornClaymore</AllowedItem>
    <AllowedItem>WornBattleAxe</AllowedItem>
    <AllowedItem>WornWarhammer</AllowedItem>
    <AllowedItem>WornShield</AllowedItem>
    <AllowedItem>MetalSliver</AllowedItem>
    <AllowedItem>Mushroom</AllowedItem>
    <AllowedItem>Cheese</AllowedItem>
    <AllowedItem>SausageOmelette</AllowedItem>
    <AllowedItem>CheeseOmelette</AllowedItem>
    <AllowedItem>MushroomOmelette</AllowedItem>
    <AllowedItem>WoodenShield</AllowedItem>
    <AllowedItem>TowerShield</AllowedItem>
    <AllowedItem>StoneSword</AllowedItem>
    <AllowedItem>StoneHandAxe</AllowedItem>
    <AllowedItem>StoneHammer</AllowedItem>
    <AllowedItem>TowerShieldBacking</AllowedItem>
    <AllowedItem>Tile</AllowedItem>
  </Item>
  <Item>
    <StorageID>Bucket</StorageID>
    <RequireSame>true</RequireSame>
    <AllowedItem>Milk</AllowedItem>
    <AllowedItem>Wine</AllowedItem>
    <AllowedItem>Beer</AllowedItem>
    <AllowedItem>Tea</AllowedItem>
  </Item>
  <Item>
    <StorageID>Sack</StorageID>
    <RequireSame>true</RequireSame>
    <AllowedItem>RawCloth</AllowedItem>
    <AllowedItem>Seed</AllowedItem>
    <AllowedItem>Clipping</AllowedItem>
    <AllowedItem>Wheat</AllowedItem>
  </Item>
</Storage>
