﻿<WorkshopSettings>
	<!--ConstructionIDToWorkshopID: Associates ConstructionID to a WorkshopID.
        Item
          Key: Construction ID
          Value: Workshop ID
  -->
  <!--FloorSprite: Sprite used to indicate area covered by workshop
          SpriteID: Supports an arbitrary number of these
            SpriteID: Actual ID of sprite
  -->
  <!--SmeltItemID: ID of item that gets pulled out when smelting.  Randomly gets back half of this item used in crafted +- 25%-->
  <!--ButcherShopID: Workshop ID of ButcherShop-->
  <!--TinkerBenchID: Workshop ID of Tinker Bench-->
  <!--MarketStallID: Workshop ID of Market Stall-->
  <!--SmelterID: Workshop ID of Smelter-->
  <!--ProspectorID: Workshop ID of Prospector-->
  <!--TrainingGroundsID: Workshop ID of Training Grounds-->
  <!--CoreItemIDsToMaterialIDs: Map of ItemIDs to weighted MaterialIDs for generating items with possible material options for items that aren't crafted
        CoreItemIDToMaterialIDs:
          Key: ItemID
          Value:
            Item:
              MaterialID: MaterialID
              Weight: Weight that this material is randomly chosen
  -->
  <ConstructionIDToWorkshopID>
	  <Item>
		<Key>Stonecutter</Key>
		<Value>Stonecutter</Value>
	  </Item>
	  <Item>
		<Key>Woodcutter</Key>
		<Value>Woodcutter</Value>
	  </Item>
	  <Item>
		<Key>Forge</Key>
		<Value>Forge</Value>
	  </Item>
	  <Item>
		<Key>Gemcutter</Key>
		<Value>Gemcutter</Value>
	  </Item>
	  <Item>
		<Key>Loom</Key>
		<Value>Loom</Value>
	  </Item>
	  <Item>
		<Key>Furnace</Key>
		<Value>Furnace</Value>
	  </Item>
	  <Item>
		<Key>Kiln</Key>
		<Value>Kiln</Value>
	  </Item>
	  <Item>
		<Key>Distillery</Key>
		<Value>Distillery</Value>
	  </Item>
	  <Item>
		<Key>Butcher</Key>
		<Value>Butcher</Value>
	  </Item>
	  <Item>
		<Key>Stonemason</Key>
		<Value>Stonemason</Value>
	  </Item>
	  <Item>
		<Key>Stonecarver</Key>
		<Value>Stonecarver</Value>
	  </Item>
	  <Item>
		<Key>Carpenter</Key>
		<Value>Carpenter</Value>
	  </Item>
	  <Item>
		<Key>Woodcarver</Key>
		<Value>Woodcarver</Value>
	  </Item>
	  <Item>
		<Key>Blacksmith</Key>
		<Value>Blacksmith</Value>
	  </Item>
	  <Item>
		<Key>Metalworker</Key>
		<Value>Metalworker</Value>
	  </Item>
	  <Item>
		<Key>MachineShop</Key>
		<Value>MachineShop</Value>
	  </Item>
	  <Item>
		<Key>Jeweler</Key>
		<Value>Jeweler</Value>
	  </Item>
	  <Item>
		<Key>Tailor</Key>
		<Value>Tailor</Value>
	  </Item>
	  <Item>
		<Key>Leatherworker</Key>
		<Value>Leatherworker</Value>
	  </Item>
	  <Item>
		<Key>Kitchen</Key>
		<Value>Kitchen</Value>
	  </Item>
	  <Item>
		<Key>Weaponsmith</Key>
		<Value>Weaponsmith</Value>
	  </Item>
	  <Item>
		<Key>Armorer</Key>
		<Value>Armorer</Value>
	  </Item>
	  <Item>
		<Key>TinkerBench</Key>
		<Value>TinkerBench</Value>
	  </Item>
	  <Item>
		<Key>Engineer</Key>
		<Value>Engineer</Value>
	  </Item>
	  <Item>
		<Key>MarketStall</Key>
		<Value>MarketStall</Value>
	  </Item>
	  <Item>
		<Key>TrainingGrounds</Key>
		<Value>TrainingGrounds</Value>
	  </Item>
	  <Item>
		<Key>CrudeWorkbench</Key>
		<Value>CrudeWorkbench</Value>
	  </Item>
	  <Item>
		<Key>Bonecarver</Key>
		<Value>Bonecarver</Value>
	  </Item>
	  <Item>
		<Key>Smelter</Key>
		<Value>Smelter</Value>
	  </Item>
	  <Item>
		<Key>Prospector</Key>
		<Value>Prospector</Value>
	  </Item>
	</ConstructionIDToWorkshopID>
	<FloorSprite>
	  <SpriteID>
		  <SpriteID>SolidSelectionFloor</SpriteID>
	  </SpriteID>
	</FloorSprite>
	<SmeltItemID>Bar</SmeltItemID>
	<ButcherShopID>Butcher</ButcherShopID>
	<TinkerBenchID>TinkerBench</TinkerBenchID>
	<MarketStallID>MarketStall</MarketStallID>
	<SmelterID>Smelter</SmelterID>
	<ProspectorID>Prospector</ProspectorID>
	<TrainingGroundsID>TrainingGrounds</TrainingGroundsID>
  <CoreItemIDsToMaterialIDs>
    <CoreItemIDToMaterialIDs>
      <Key>RawSoil</Key>
      <Value>
        <Item>
          <MaterialID>Dirt</MaterialID>
          <Weight>1</Weight>
        </Item>
        <Item>
          <MaterialID>Clay</MaterialID>
          <Weight>1</Weight>
        </Item>
      </Value>
    </CoreItemIDToMaterialIDs>
    <CoreItemIDToMaterialIDs>
      <Key>RawStone</Key>
      <Value>
        <Item>
          <MaterialID>Granite</MaterialID>
          <Weight>1</Weight>
        </Item>
        <Item>
          <MaterialID>Basalt</MaterialID>
          <Weight>1</Weight>
        </Item>
        <Item>
          <MaterialID>Marble</MaterialID>
          <Weight>1</Weight>
        </Item>
        <Item>
          <MaterialID>Sandstone</MaterialID>
          <Weight>1</Weight>
        </Item>
        <Item>
          <MaterialID>Bauxite</MaterialID>
          <Weight>1</Weight>
        </Item>
        <Item>
          <MaterialID>Serpentine</MaterialID>
          <Weight>1</Weight>
        </Item>
        <Item>
          <MaterialID>LapisLazuli</MaterialID>
          <Weight>1</Weight>
        </Item>
        <Item>
          <MaterialID>Obsidian</MaterialID>
          <Weight>1</Weight>
        </Item>
      </Value>
    </CoreItemIDToMaterialIDs>
    <CoreItemIDToMaterialIDs>
      <Key>RawWood</Key>
      <Value>
        <Item>
          <MaterialID>Pine</MaterialID>
          <Weight>1</Weight>
        </Item>
        <Item>
          <MaterialID>AppleWood</MaterialID>
          <Weight>1</Weight>
        </Item>
        <Item>
          <MaterialID>Birch</MaterialID>
          <Weight>1</Weight>
        </Item>
        <Item>
          <MaterialID>OrangeWood</MaterialID>
          <Weight>1</Weight>
        </Item>
      </Value>
    </CoreItemIDToMaterialIDs>
    <CoreItemIDToMaterialIDs>
      <Key>RawCoal</Key>
      <Value>
        <Item>
          <MaterialID>Coal</MaterialID>
          <Weight>1</Weight>
        </Item>
      </Value>
    </CoreItemIDToMaterialIDs>
    <CoreItemIDToMaterialIDs>
      <Key>RawOre</Key>
      <Value>
        <Item>
          <MaterialID>Copper</MaterialID>
          <Weight>1</Weight>
        </Item>
        <Item>
          <MaterialID>Malachite</MaterialID>
          <Weight>1</Weight>
        </Item>
        <Item>
          <MaterialID>Tin</MaterialID>
          <Weight>1</Weight>
        </Item>
        <Item>
          <MaterialID>Iron</MaterialID>
          <Weight>1</Weight>
        </Item>
        <Item>
          <MaterialID>Lead</MaterialID>
          <Weight>1</Weight>
        </Item>
        <Item>
          <MaterialID>Silver</MaterialID>
          <Weight>1</Weight>
        </Item>
        <Item>
          <MaterialID>Gold</MaterialID>
          <Weight>1</Weight>
        </Item>
        <Item>
          <MaterialID>Platinum</MaterialID>
          <Weight>1</Weight>
        </Item>
      </Value>
    </CoreItemIDToMaterialIDs>
    <CoreItemIDToMaterialIDs>
      <Key>RawGem</Key>
      <Value>
        <Item>
          <MaterialID>Emerald</MaterialID>
          <Weight>1</Weight>
        </Item>
        <Item>
          <MaterialID>Sapphire</MaterialID>
          <Weight>1</Weight>
        </Item>
      </Value>
    </CoreItemIDToMaterialIDs>
    <CoreItemIDToMaterialIDs>
      <Key>RawCloth</Key>
      <Value>
        <Item>
          <MaterialID>Cotton</MaterialID>
          <Weight>1</Weight>
        </Item>
        <Item>
          <MaterialID>Wool</MaterialID>
          <Weight>1</Weight>
        </Item>
      </Value>
    </CoreItemIDToMaterialIDs>
    <CoreItemIDToMaterialIDs>
      <Key>RawHide</Key>
      <Value>
        <Item>
          <MaterialID>YakHide</MaterialID>
          <Weight>1</Weight>
        </Item>
        <Item>
          <MaterialID>AlpacaHide</MaterialID>
          <Weight>1</Weight>
        </Item>
        <Item>
          <MaterialID>EmuHide</MaterialID>
          <Weight>1</Weight>
        </Item>
        <Item>
          <MaterialID>HoneyBadgerHide</MaterialID>
          <Weight>1</Weight>
        </Item>
        <Item>
          <MaterialID>MonitorLizardHide</MaterialID>
          <Weight>1</Weight>
        </Item>
        <Item>
          <MaterialID>BearHide</MaterialID>
          <Weight>1</Weight>
        </Item>
        <Item>
          <MaterialID>OgreHide</MaterialID>
          <Weight>1</Weight>
        </Item>
        <Item>
          <MaterialID>ToughOgreHide</MaterialID>
          <Weight>1</Weight>
        </Item>
      </Value>
    </CoreItemIDToMaterialIDs>
    <CoreItemIDToMaterialIDs>
      <Key>Seed</Key>
      <Value>
        <Item>
          <MaterialID>Strawberry</MaterialID>
          <Weight>1</Weight>
        </Item>
        <Item>
          <MaterialID>Cotton</MaterialID>
          <Weight>1</Weight>
        </Item>
        <Item>
          <MaterialID>Wheat</MaterialID>
          <Weight>1</Weight>
        </Item>
        <Item>
          <MaterialID>Grape</MaterialID>
          <Weight>1</Weight>
        </Item>
        <Item>
          <MaterialID>Mushroom</MaterialID>
          <Weight>1</Weight>
        </Item>
      </Value>
    </CoreItemIDToMaterialIDs>
    <CoreItemIDToMaterialIDs>
      <Key>Clipping</Key>
      <Value>
        <Item>
          <MaterialID>Pine</MaterialID>
          <Weight>1</Weight>
        </Item>
        <Item>
          <MaterialID>AppleWood</MaterialID>
          <Weight>1</Weight>
        </Item>
        <Item>
          <MaterialID>Birch</MaterialID>
          <Weight>1</Weight>
        </Item>
        <Item>
          <MaterialID>OrangeWood</MaterialID>
          <Weight>1</Weight>
        </Item>
      </Value>
    </CoreItemIDToMaterialIDs>
    <CoreItemIDToMaterialIDs>
      <Key>Wheat</Key>
      <Value>
        <Item>
          <MaterialID>Wheat</MaterialID>
          <Weight>1</Weight>
        </Item>
      </Value>
    </CoreItemIDToMaterialIDs>
    <CoreItemIDToMaterialIDs>
      <Key>Fruit</Key>
      <Value>
        <Item>
          <MaterialID>Strawberry</MaterialID>
          <Weight>1</Weight>
        </Item>
        <Item>
          <MaterialID>Apple</MaterialID>
          <Weight>1</Weight>
        </Item>
        <Item>
          <MaterialID>Grape</MaterialID>
          <Weight>1</Weight>
        </Item>
        <Item>
          <MaterialID>Orange</MaterialID>
          <Weight>1</Weight>
        </Item>
      </Value>
    </CoreItemIDToMaterialIDs>
    <CoreItemIDToMaterialIDs>
      <Key>Egg</Key>
      <Value>
        <Item>
          <MaterialID>Egg</MaterialID>
          <Weight>1</Weight>
        </Item>
      </Value>
    </CoreItemIDToMaterialIDs>
    <CoreItemIDToMaterialIDs>
      <Key>Meat</Key>
      <Value>
        <Item>
          <MaterialID>StandardStrongFlesh</MaterialID>
          <Weight>1</Weight>
        </Item>
        <Item>
          <MaterialID>YakFlesh</MaterialID>
          <Weight>1</Weight>
        </Item>
        <Item>
          <MaterialID>AlpacaFlesh</MaterialID>
          <Weight>1</Weight>
        </Item>
        <Item>
          <MaterialID>EmuFlesh</MaterialID>
          <Weight>1</Weight>
        </Item>
        <Item>
          <MaterialID>HoneyBadgerFlesh</MaterialID>
          <Weight>1</Weight>
        </Item>
        <Item>
          <MaterialID>MonitorLizardFlesh</MaterialID>
          <Weight>1</Weight>
        </Item>
        <Item>
          <MaterialID>BearFlesh</MaterialID>
          <Weight>1</Weight>
        </Item>
        <Item>
          <MaterialID>OgreFlesh</MaterialID>
          <Weight>1</Weight>
        </Item>
        <Item>
          <MaterialID>TwoHeadedOgreFlesh</MaterialID>
          <Weight>1</Weight>
        </Item>
      </Value>
    </CoreItemIDToMaterialIDs>
    <CoreItemIDToMaterialIDs>
      <Key>Milk</Key>
      <Value>
        <Item>
          <MaterialID>Milk</MaterialID>
          <Weight>1</Weight>
        </Item>
      </Value>
    </CoreItemIDToMaterialIDs>
    <CoreItemIDToMaterialIDs>
      <Key>Bone</Key>
      <Value>
        <Item>
          <MaterialID>YakBone</MaterialID>
          <Weight>1</Weight>
        </Item>
        <Item>
          <MaterialID>AlpacaBone</MaterialID>
          <Weight>1</Weight>
        </Item>
        <Item>
          <MaterialID>EmuBone</MaterialID>
          <Weight>1</Weight>
        </Item>
        <Item>
          <MaterialID>HoneyBadgerBone</MaterialID>
          <Weight>1</Weight>
        </Item>
        <Item>
          <MaterialID>MonitorLizardBone</MaterialID>
          <Weight>1</Weight>
        </Item>
        <Item>
          <MaterialID>BearBone</MaterialID>
          <Weight>1</Weight>
        </Item>
        <Item>
          <MaterialID>OgreBone</MaterialID>
          <Weight>1</Weight>
        </Item>
        <Item>
          <MaterialID>TwoHeadedOgreBone</MaterialID>
          <Weight>1</Weight>
        </Item>
        <Item>
          <MaterialID>StandardBone</MaterialID>
          <Weight>1</Weight>
        </Item>
      </Value>
    </CoreItemIDToMaterialIDs>
    <CoreItemIDToMaterialIDs>
      <Key>Skull</Key>
      <Value>
        <Item>
          <MaterialID>YakSkull</MaterialID>
          <Weight>1</Weight>
        </Item>
        <Item>
          <MaterialID>AlpacaSkull</MaterialID>
          <Weight>1</Weight>
        </Item>
        <Item>
          <MaterialID>EmuSkull</MaterialID>
          <Weight>1</Weight>
        </Item>
        <Item>
          <MaterialID>HoneyBadgerSkull</MaterialID>
          <Weight>1</Weight>
        </Item>
        <Item>
          <MaterialID>MonitorLizardSkull</MaterialID>
          <Weight>1</Weight>
        </Item>
        <Item>
          <MaterialID>BearSkull</MaterialID>
          <Weight>1</Weight>
        </Item>
        <Item>
          <MaterialID>OgreSkull</MaterialID>
          <Weight>1</Weight>
        </Item>
        <Item>
          <MaterialID>TwoHeadedOgreSkull</MaterialID>
          <Weight>1</Weight>
        </Item>
        <Item>
          <MaterialID>StandardShell</MaterialID>
          <Weight>1</Weight>
        </Item>
      </Value>
    </CoreItemIDToMaterialIDs>
    <CoreItemIDToMaterialIDs>
      <Key>Straw</Key>
      <Value>
        <Item>
          <MaterialID>Wheat</MaterialID>
          <Weight>1</Weight>
        </Item>
      </Value>
    </CoreItemIDToMaterialIDs>
  </CoreItemIDsToMaterialIDs>
</WorkshopSettings>