﻿<?xml version="1.0" encoding="utf-8" ?>
<Bodies>
  <!--Item:
        ID: ID of body to be used in race.xml
        ShowEquipment (Optional): Default is false.  If true when viewing this character it will show the equipment tab
        BaseSprite (Optional): If set it overwrites the SpriteID in race.xml.  The BaseSprite is combined with the BodyTile SpriteID to get the final Sprite ID.  IE Gnome + Torso = GnomeTorso
        CorpseAngles (Optional): Default is 90, -90.  Rotate angles allowed for drawing the corpse
        AdditionalEquipmentSlot (Optional): Adds additional equipment slots of the defined type that aren't specified by a body section
        FarmedItem (Optional): Items that can be farmed off this body while pastured
          ItemID: ID of item to harvest
          MaterialID: ID of material
          Quantity: Quantity of items
          RegrowRateMin: Minimum number of days before this item can be harvested again
          RegrowRateMax: Maximum number of days before this item can be harvested again
          Gender: Gender that this item can be harvested from
        MainBody: Root body section
          Name: Name of this section.  Primarily used in combat log
          BodyPartID: ID of body part that makes up this section
          MaterialID: Primarily used if this section is picked up and used as a weapon
          TemplateMaterialIndex (Optional): Index into template materials to get material ID.  Overwrites MaterialID if used
          TemplatePartsQuantity (Optional): Contributes to total number of items required to spawn a golem as well as the number of parts released when losing this section or dying
          ToHitWeight: Weight that this section is hit over other sections when attacked
          Limb (Optional): Default is true.  If true this section (and all sections connected off it) can be severed from the body by slashing damage
          Connection (Optional): Default is false.  If Limb is true and Connection is true then the connected sections are severed instead of this one.  IE when a neck is severed the body section that comes off is the head and not the neck
          Symmetrical (Optional): Default is false.  If true, generates a left and right of this section
          EquipType (Optional): When wearing equipment of this type it covers this section.  Supports Head, Body, Arm, Leg, Glove, Foot, Back, Belt
          Hand (Optional): Default is false.  If true, it generates additional LeftHand and RightHand equipment slots used for uniforms. (Actually carrying items is determined by body parts with the Grip function
          Tile (Optional): 
            BodyTiles:
              TileDetails: Supports arbitrary amount
                SpriteID: ID of Sprite.  If BodyTile it is combined with BaseSprite of the body. (Decorations aren't combined)
                Weight (Optional): Default is 1. Weight that this TileDetails is used for this section
                UseSkinColor (Optional): Default is true.  This Sprite is tinted by the generated skin color if true
                UseHairColor (Optional): Default is false.  This Sprite is tinted by the generated hair color if true
                Color (Optional): Supports arbitary amount.  Randomly picks one of these colors to tint the sprite if UseSkinColor and UseHairColor are false
                  Color (Optional): Default is no tint. Color to tint Sprite
                  Weight (Optional): Default is 1.  Weight that this color is selected
            MaleDecoration: Sprite that is rendered over the BodyTile for Males
              TileDetails: Same as above
            FemaleDecoration: Sprite that is rendered over the BodyTile for Females
              TileDetails: Same as above
            NeuterDecoration: Sprite that is rendered over the BodyTile for no gender
              TileDetails: Same as above
            DrawOrder: Sections are sorted by DrawOrder and rendered in descending order
            Offset: X, Y offset used for rendering if this section is severed from the body
          ConnectsTo (Optional): Additional body sections that are connected to this one
  -->
  <Item>
    <ID>Gnome</ID>
    <ShowEquipment>true</ShowEquipment>
    <BaseSprite>Gnome</BaseSprite>
    <AdditionalEquipmentSlot>Back</AdditionalEquipmentSlot>
    <AdditionalEquipmentSlot>Belt</AdditionalEquipmentSlot>
    <MainBody>
      <Name>upper body</Name>
      <BodyPartID>GnomeUpperBody</BodyPartID>
      <MaterialID>StandardBone</MaterialID>
      <ToHitWeight>1</ToHitWeight>
      <Limb>false</Limb>
      <EquipType>Body</EquipType>
      <Tile>
        <BodyTiles>
          <TileDetails>
            <SpriteID>Torso</SpriteID>
          </TileDetails>
        </BodyTiles>
        <MaleDecoration>
          <TileDetails>
            <SpriteID>GnomeClothTorso1</SpriteID>
            <UseSkinColor>false</UseSkinColor>
            <Color>
              <Color>192 192 0 255</Color>
            </Color>
            <Color>
              <Color>255 255 255 255</Color>
            </Color>
          </TileDetails>
          <TileDetails>
            <SpriteID>GnomeClothTorso2</SpriteID>
            <UseSkinColor>false</UseSkinColor>
            <Color>
              <Color>0 192 0 255</Color>
            </Color>
            <Color>
              <Color>192 192 0 255</Color>
            </Color>
            <Color>
                <Color>255 255 255 255</Color>
            </Color>
          </TileDetails>
          <TileDetails>
            <SpriteID>GnomeClothTorso3</SpriteID>
            <UseSkinColor>false</UseSkinColor>
            <Color>
              <Color>192 192 0 255</Color>
            </Color>
            <Color>
              <Color>255 255 255 255</Color>
            </Color>
          </TileDetails>
        </MaleDecoration>
        <FemaleDecoration>
          <TileDetails>
            <SpriteID>GnomeClothTorso1</SpriteID>
            <UseSkinColor>false</UseSkinColor>
            <Color>
              <Color>192 192 0 255</Color>
            </Color>
            <Color>
              <Color>255 255 255 255</Color>
            </Color>
          </TileDetails>
          <TileDetails>
            <SpriteID>GnomeClothTorso2</SpriteID>
            <UseSkinColor>false</UseSkinColor>
            <Color>
              <Color>0 192 0 255</Color>
            </Color>
            <Color>
              <Color>192 192 0 255</Color>
            </Color>
            <Color>
              <Color>255 255 255 255</Color>
            </Color>
          </TileDetails>
          <TileDetails>
            <SpriteID>GnomeClothTorso3</SpriteID>
            <UseSkinColor>false</UseSkinColor>
            <Color>
              <Color>192 192 0 255</Color>
            </Color>
            <Color>
              <Color>255 255 255 255</Color>
            </Color>
          </TileDetails>
        </FemaleDecoration>
        <DrawOrder>3</DrawOrder>
        <Offset>0 4</Offset>
      </Tile>
      <ConnectsTo>
        <Name>lower body</Name>
        <BodyPartID>GnomeLowerBody</BodyPartID>
        <MaterialID>StandardBone</MaterialID>
        <ToHitWeight>0.75</ToHitWeight>
        <Limb>false</Limb>
        <EquipType>Body</EquipType>
        <ConnectsTo>
          <Name>leg</Name>
          <BodyPartID>GnomeLeg</BodyPartID>
          <MaterialID>StandardBone</MaterialID>
          <ToHitWeight>0.5</ToHitWeight>
          <Symmetrical>true</Symmetrical>
          <EquipType>Leg</EquipType>
          <Tile>
            <BodyTiles>
              <TileDetails>
                <SpriteID>FootRight</SpriteID>
              </TileDetails>
            </BodyTiles>
            <DrawOrder>2</DrawOrder>
            <Offset>4 -2</Offset>
          </Tile>
          <ConnectsTo>
            <Name>foot</Name>
            <BodyPartID>GnomeFoot</BodyPartID>
            <MaterialID>StandardBone</MaterialID>
            <ToHitWeight>0.1</ToHitWeight>
            <EquipType>Foot</EquipType>
            <Tile>
              <BodyTiles>
                <TileDetails>
                  <SpriteID>FootRight</SpriteID>
                </TileDetails>
              </BodyTiles>
              <MaleDecoration>
                <TileDetails>
                  <SpriteID>GnomeClothBootRight</SpriteID>
                </TileDetails>
                <TileDetails>
                  <SpriteID>SPRITEID_NONE</SpriteID>
                </TileDetails>
              </MaleDecoration>
              <FemaleDecoration>
                <TileDetails>
                  <SpriteID>GnomeClothBootRight</SpriteID>
                </TileDetails>
                <TileDetails>
                  <SpriteID>SPRITEID_NONE</SpriteID>
                </TileDetails>
              </FemaleDecoration>
              <DrawOrder>2</DrawOrder>
              <Offset>4 -2</Offset>
            </Tile>
          </ConnectsTo>
        </ConnectsTo>
      </ConnectsTo>
      <ConnectsTo>
        <Name>neck</Name>
        <BodyPartID>GnomeNeck</BodyPartID>
        <MaterialID>StandardWeakFlesh</MaterialID>
        <ToHitWeight>0.05</ToHitWeight>
        <Connection>true</Connection>
        <EquipType>Body</EquipType>
        <ConnectsTo>
          <Name>head</Name>
          <BodyPartID>GnomeHead</BodyPartID>
          <MaterialID>StandardShell</MaterialID>
          <ToHitWeight>0.2</ToHitWeight>
          <Limb>false</Limb>
          <EquipType>Head</EquipType>
          <Tile>
            <BodyTiles>
              <TileDetails>
                <SpriteID>Head</SpriteID>
              </TileDetails>
            </BodyTiles>
            <MaleDecoration>
              <TileDetails>
                <SpriteID>GnomeMaleHair1</SpriteID>
                <UseSkinColor>false</UseSkinColor>
                <UseHairColor>true</UseHairColor>
              </TileDetails>
              <TileDetails>
                <SpriteID>GnomeMaleHair2</SpriteID>
                <UseSkinColor>false</UseSkinColor>
                <UseHairColor>true</UseHairColor>
              </TileDetails>
              <TileDetails>
                <SpriteID>GnomeMaleHair3</SpriteID>
                <Weight>0.25</Weight>
                <UseSkinColor>false</UseSkinColor>
                <UseHairColor>true</UseHairColor>
              </TileDetails>
              <TileDetails>
                <SpriteID>GnomeMaleHair4</SpriteID>
                <Weight>0.25</Weight>
                <UseSkinColor>false</UseSkinColor>
                <UseHairColor>true</UseHairColor>
              </TileDetails>
              <TileDetails>
                <SpriteID>GnomeHat1</SpriteID>
                <UseSkinColor>false</UseSkinColor>
                <Color>
                  <Color>0 255 0 255</Color>
                </Color>
                <Color>
                  <Color>255 255 0 255</Color>
                </Color>
                <Color>
                  <Color>255 255 255 255</Color>
                </Color>
              </TileDetails>
              <TileDetails>
                <SpriteID>GnomeHat2</SpriteID>
                <UseSkinColor>false</UseSkinColor>
                <Color>
                  <Color>255 255 255 255</Color>
                </Color>
              </TileDetails>
            </MaleDecoration>
            <MaleDecoration>
              <TileDetails>
                <SpriteID>GnomeMaleBeard1</SpriteID>
                <UseSkinColor>false</UseSkinColor>
                <UseHairColor>true</UseHairColor>
              </TileDetails>
              <TileDetails>
                <SpriteID>GnomeMaleBeard2</SpriteID>
                <UseSkinColor>false</UseSkinColor>
                <UseHairColor>true</UseHairColor>
              </TileDetails>
              <TileDetails>
                <SpriteID>GnomeMaleBeard3</SpriteID>
                <UseSkinColor>false</UseSkinColor>
                <UseHairColor>true</UseHairColor>
              </TileDetails>
              <TileDetails>
                <SpriteID>GnomeMaleBeard4</SpriteID>
                <UseSkinColor>false</UseSkinColor>
                <UseHairColor>true</UseHairColor>
              </TileDetails>
              <TileDetails>
                <SpriteID>GnomeMaleBeard5</SpriteID>
                <UseSkinColor>false</UseSkinColor>
                <UseHairColor>true</UseHairColor>
              </TileDetails>
              <TileDetails>
                <SpriteID>GnomeMaleBeard6</SpriteID>
                <UseSkinColor>false</UseSkinColor>
                <UseHairColor>true</UseHairColor>
              </TileDetails>
              <TileDetails>
                <SpriteID>GnomeMaleBeard7</SpriteID>
                <UseSkinColor>false</UseSkinColor>
                <UseHairColor>true</UseHairColor>
              </TileDetails>
              <TileDetails>
                <SpriteID>SPRITEID_NONE</SpriteID>
              </TileDetails>
            </MaleDecoration>
            <MaleDecoration>
              <TileDetails>
                <SpriteID>GnomeMonocle</SpriteID>
              </TileDetails>
              <TileDetails>
                <SpriteID>SPRITEID_NONE</SpriteID>
                <Weight>5</Weight>
              </TileDetails>
            </MaleDecoration>
            <FemaleDecoration>
              <TileDetails>
                <SpriteID>GnomeFemaleHair1</SpriteID>
                <UseSkinColor>false</UseSkinColor>
                <UseHairColor>true</UseHairColor>
              </TileDetails>
              <TileDetails>
                <SpriteID>GnomeFemaleHair2</SpriteID>
                <UseSkinColor>false</UseSkinColor>
                <UseHairColor>true</UseHairColor>
              </TileDetails>
            </FemaleDecoration>
            <DrawOrder>1</DrawOrder>
            <Offset>0 9</Offset>
          </Tile>
          <ConnectsTo>
            <Name>eye</Name>
            <BodyPartID>GnomeEye</BodyPartID>
            <MaterialID>StandardWeakFlesh</MaterialID>
            <ToHitWeight>0.05</ToHitWeight>
            <Limb>false</Limb>
            <Symmetrical>true</Symmetrical>
            <EquipType>Head</EquipType>
          </ConnectsTo>
          <ConnectsTo>
            <Name>mouth</Name>
            <BodyPartID>GnomeMouth</BodyPartID>
            <MaterialID>StandardWeakFlesh</MaterialID>
            <ToHitWeight>0.1</ToHitWeight>
            <Limb>false</Limb>
            <EquipType>Head</EquipType>
          </ConnectsTo>
        </ConnectsTo>
      </ConnectsTo>
      <ConnectsTo>
        <Name>arm</Name>
        <BodyPartID>GnomeArm</BodyPartID>
        <MaterialID>StandardBone</MaterialID>
        <ToHitWeight>0.5</ToHitWeight>
        <Symmetrical>true</Symmetrical>
        <EquipType>Arm</EquipType>
        <Tile>
          <BodyTiles>
            <TileDetails>
              <SpriteID>ArmRight</SpriteID>
            </TileDetails>
          </BodyTiles>
          <MaleDecoration>
            <TileDetails>
              <SpriteID>GnomeClothArmRight</SpriteID>
              <UseSkinColor>false</UseSkinColor>
              <Color>
                <Color>192 0 0 255</Color>
              </Color>
              <Color>
                <Color>0 192 0 255</Color>
              </Color>
              <Color>
                <Color>0 0 192 255</Color>
              </Color>
              <Color>
                <Color>192 192 0 255</Color>
              </Color>
              <Color>
                <Color>192 0 192 255</Color>
              </Color>
              <Color>
                <Color>0 192 192 255</Color>
              </Color>
              <Color>
                <Color>255 255 255 255</Color>
              </Color>
            </TileDetails>
            <TileDetails>
              <SpriteID>SPRITEID_NONE</SpriteID>
            </TileDetails>
          </MaleDecoration>
          <FemaleDecoration>
            <TileDetails>
              <SpriteID>GnomeClothArmRight</SpriteID>
              <UseSkinColor>false</UseSkinColor>
              <Color>
                <Color>192 0 0 255</Color>
              </Color>
              <Color>
                <Color>0 192 0 255</Color>
              </Color>
              <Color>
                <Color>0 0 192 255</Color>
              </Color>
              <Color>
                <Color>192 192 0 255</Color>
              </Color>
              <Color>
                <Color>192 0 192 255</Color>
              </Color>
              <Color>
                <Color>0 192 192 255</Color>
              </Color>
              <Color>
                <Color>255 255 255 255</Color>
              </Color>
            </TileDetails>
            <TileDetails>
              <SpriteID>SPRITEID_NONE</SpriteID>
            </TileDetails>
          </FemaleDecoration>
          <DrawOrder>4</DrawOrder>
          <Offset>7 4</Offset>
        </Tile>
        <ConnectsTo>
          <Name>hand</Name>
          <BodyPartID>GnomeHand</BodyPartID>
          <MaterialID>StandardBone</MaterialID>
          <ToHitWeight>0.1</ToHitWeight>
          <EquipType>Glove</EquipType>
          <Hand>true</Hand>
          <Tile>
            <BodyTiles>
              <TileDetails>
                <SpriteID>HandRight</SpriteID>
              </TileDetails>
            </BodyTiles>
            <DrawOrder>4</DrawOrder>
            <Offset>8 3</Offset>
          </Tile>
        </ConnectsTo>
      </ConnectsTo>
    </MainBody>
  </Item>
  <Item>
    <ID>Goblin</ID>
    <ShowEquipment>true</ShowEquipment>
    <BaseSprite>Gnome</BaseSprite>
    <MainBody>
      <Name>upper body</Name>
      <BodyPartID>GnomeUpperBody</BodyPartID>
      <MaterialID>StandardBone</MaterialID>
      <ToHitWeight>1</ToHitWeight>
      <Limb>false</Limb>
      <EquipType>Body</EquipType>
      <Tile>
        <BodyTiles>
          <TileDetails>
            <SpriteID>Torso</SpriteID>
          </TileDetails>
        </BodyTiles>
        <MaleDecoration>
          <TileDetails>
            <SpriteID>GoblinClothTorso1</SpriteID>
            <UseSkinColor>false</UseSkinColor>
            <Color>
              <Color>192 192 192 255</Color>
            </Color>
            <Color>
              <Color>153 126 81 255</Color>
            </Color>
          </TileDetails>
          <TileDetails>
            <SpriteID>GoblinClothTorso2</SpriteID>
            <UseSkinColor>false</UseSkinColor>
            <Color>
              <Color>153 126 81 255</Color>
            </Color>
          </TileDetails>
        </MaleDecoration>
        <FemaleDecoration>
          <TileDetails>
            <SpriteID>GoblinClothTorso1</SpriteID>
            <UseSkinColor>false</UseSkinColor>
            <Color>
              <Color>192 192 192 255</Color>
            </Color>
            <Color>
              <Color>153 126 81 255</Color>
            </Color>
          </TileDetails>
          <TileDetails>
            <SpriteID>GoblinClothTorso2</SpriteID>
            <UseSkinColor>false</UseSkinColor>
            <Color>
              <Color>153 126 81 255</Color>
            </Color>
          </TileDetails>
        </FemaleDecoration>
        <DrawOrder>3</DrawOrder>
        <Offset>0 4</Offset>
      </Tile>
      <ConnectsTo>
        <Name>lower body</Name>
        <BodyPartID>GnomeLowerBody</BodyPartID>
        <MaterialID>StandardBone</MaterialID>
        <ToHitWeight>0.75</ToHitWeight>
        <Limb>false</Limb>
        <EquipType>Body</EquipType>
        <ConnectsTo>
          <Name>leg</Name>
          <BodyPartID>GnomeLeg</BodyPartID>
          <MaterialID>StandardBone</MaterialID>
          <ToHitWeight>0.5</ToHitWeight>
          <Symmetrical>true</Symmetrical>
          <EquipType>Leg</EquipType>
          <Tile>
            <BodyTiles>
              <TileDetails>
                <SpriteID>FootRight</SpriteID>
              </TileDetails>
            </BodyTiles>
            <DrawOrder>2</DrawOrder>
            <Offset>4 -2</Offset>
          </Tile>
          <ConnectsTo>
            <Name>foot</Name>
            <BodyPartID>GnomeFoot</BodyPartID>
            <MaterialID>StandardBone</MaterialID>
            <ToHitWeight>0.1</ToHitWeight>
            <EquipType>Foot</EquipType>
            <Tile>
              <BodyTiles>
                <TileDetails>
                  <SpriteID>FootRight</SpriteID>
                </TileDetails>
              </BodyTiles>
              <DrawOrder>2</DrawOrder>
              <Offset>4 -2</Offset>
            </Tile>
          </ConnectsTo>
        </ConnectsTo>
      </ConnectsTo>
      <ConnectsTo>
        <Name>neck</Name>
        <BodyPartID>GnomeNeck</BodyPartID>
        <MaterialID>StandardWeakFlesh</MaterialID>
        <ToHitWeight>0.05</ToHitWeight>
        <Connection>true</Connection>
        <EquipType>Body</EquipType>
        <ConnectsTo>
          <Name>head</Name>
          <BodyPartID>GnomeHead</BodyPartID>
          <MaterialID>StandardShell</MaterialID>
          <ToHitWeight>0.2</ToHitWeight>
          <Limb>false</Limb>
          <EquipType>Head</EquipType>
          <Tile>
            <BodyTiles>
              <TileDetails>
                <SpriteID>Head</SpriteID>
              </TileDetails>
            </BodyTiles>
            <DrawOrder>1</DrawOrder>
            <Offset>0 9</Offset>
          </Tile>
          <ConnectsTo>
            <Name>eye</Name>
            <BodyPartID>GnomeEye</BodyPartID>
            <MaterialID>StandardWeakFlesh</MaterialID>
            <ToHitWeight>0.05</ToHitWeight>
            <Limb>false</Limb>
            <Symmetrical>true</Symmetrical>
            <EquipType>Head</EquipType>
          </ConnectsTo>
          <ConnectsTo>
            <Name>mouth</Name>
            <BodyPartID>GnomeMouth</BodyPartID>
            <MaterialID>StandardWeakFlesh</MaterialID>
            <ToHitWeight>0.1</ToHitWeight>
            <Limb>false</Limb>
            <EquipType>Head</EquipType>
          </ConnectsTo>
        </ConnectsTo>
      </ConnectsTo>
      <ConnectsTo>
        <Name>arm</Name>
        <BodyPartID>GnomeArm</BodyPartID>
        <MaterialID>StandardBone</MaterialID>
        <ToHitWeight>0.5</ToHitWeight>
        <Symmetrical>true</Symmetrical>
        <EquipType>Arm</EquipType>
        <Tile>
          <BodyTiles>
            <TileDetails>
              <SpriteID>ArmRight</SpriteID>
            </TileDetails>
          </BodyTiles>
          <DrawOrder>4</DrawOrder>
          <Offset>7 4</Offset>
        </Tile>
        <ConnectsTo>
          <Name>hand</Name>
          <BodyPartID>GnomeHand</BodyPartID>
          <MaterialID>StandardBone</MaterialID>
          <ToHitWeight>0.1</ToHitWeight>
          <EquipType>Glove</EquipType>
          <Hand>true</Hand>
          <Tile>
            <BodyTiles>
              <TileDetails>
                <SpriteID>HandRight</SpriteID>
              </TileDetails>
            </BodyTiles>
            <DrawOrder>4</DrawOrder>
            <Offset>8 3</Offset>
          </Tile>
        </ConnectsTo>
      </ConnectsTo>
    </MainBody>
  </Item>
  <Item>
    <ID>Alpaca</ID>
    <FarmedItem>
      <ItemID>RawCloth</ItemID>
      <MaterialID>Wool</MaterialID>
      <Quantity>2</Quantity>
      <RegrowRateMin>1.8</RegrowRateMin>
      <RegrowRateMax>2.2</RegrowRateMax>
      <Gender>Male</Gender>
      <Gender>Female</Gender>
    </FarmedItem>
    <MainBody>
      <Name>upper body</Name>
      <BodyPartID>AlpacaUpperBody</BodyPartID>
      <MaterialID>AlpacaBone</MaterialID>
      <ToHitWeight>1</ToHitWeight>
      <Limb>false</Limb>
      <ConnectsTo>
        <Name>lower body</Name>
        <BodyPartID>AlpacaLowerBody</BodyPartID>
        <MaterialID>AlpacaBone</MaterialID>
        <ToHitWeight>0.75</ToHitWeight>
        <Limb>false</Limb>
        <ConnectsTo>
          <Name>back leg</Name>
          <BodyPartID>AlpacaLeg</BodyPartID>
          <MaterialID>AlpacaBone</MaterialID>
          <ToHitWeight>0.3</ToHitWeight>
          <Symmetrical>true</Symmetrical>
          <ConnectsTo>
            <Name>back hoof</Name>
            <BodyPartID>AlpacaHoof</BodyPartID>
            <MaterialID>AlpacaBone</MaterialID>
            <ToHitWeight>0.1</ToHitWeight>
          </ConnectsTo>
        </ConnectsTo>
      </ConnectsTo>
      <ConnectsTo>
        <Name>neck</Name>
        <BodyPartID>AlpacaNeck</BodyPartID>
        <MaterialID>StandardWeakFlesh</MaterialID>
        <ToHitWeight>0.1</ToHitWeight>
        <Connection>true</Connection>
        <ConnectsTo>
          <Name>head</Name>
          <BodyPartID>AlpacaHead</BodyPartID>
          <MaterialID>AlpacaSkull</MaterialID>
          <ToHitWeight>0.2</ToHitWeight>
          <Limb>false</Limb>
          <ConnectsTo>
            <Name>eye</Name>
            <BodyPartID>GnomeEye</BodyPartID>
            <MaterialID>StandardWeakFlesh</MaterialID>
            <ToHitWeight>0.05</ToHitWeight>
            <Limb>false</Limb>
            <Symmetrical>true</Symmetrical>
          </ConnectsTo>
        </ConnectsTo>
      </ConnectsTo>
      <ConnectsTo>
        <Name>front leg</Name>
        <BodyPartID>AlpacaLeg</BodyPartID>
        <MaterialID>AlpacaBone</MaterialID>
        <ToHitWeight>0.5</ToHitWeight>
        <Symmetrical>true</Symmetrical>
        <ConnectsTo>
          <Name>front hoof</Name>
          <BodyPartID>AlpacaHoof</BodyPartID>
          <MaterialID>AlpacaBone</MaterialID>
          <ToHitWeight>0.1</ToHitWeight>
        </ConnectsTo>
      </ConnectsTo>
    </MainBody>
  </Item>
  <Item>
    <ID>Yak</ID>
    <CorpseAngles>180</CorpseAngles>
    <FarmedItem>
      <ItemID>Milk</ItemID>
      <MaterialID>Milk</MaterialID>
      <Quantity>8</Quantity>
      <RegrowRateMin>1.8</RegrowRateMin>
      <RegrowRateMax>2.2</RegrowRateMax>
      <Gender>Female</Gender>
    </FarmedItem>
    <MainBody>
      <Name>upper body</Name>
      <BodyPartID>YakUpperBody</BodyPartID>
      <MaterialID>YakBone</MaterialID>
      <ToHitWeight>1</ToHitWeight>
      <Limb>false</Limb>
      <ConnectsTo>
        <Name>lower body</Name>
        <BodyPartID>YakLowerBody</BodyPartID>
        <MaterialID>YakBone</MaterialID>
        <ToHitWeight>0.75</ToHitWeight>
        <Limb>false</Limb>
        <ConnectsTo>
          <Name>back leg</Name>
          <BodyPartID>YakLeg</BodyPartID>
          <MaterialID>YakBone</MaterialID>
          <ToHitWeight>0.3</ToHitWeight>
          <Symmetrical>true</Symmetrical>
          <ConnectsTo>
            <Name>back hoof</Name>
            <BodyPartID>YakHoof</BodyPartID>
            <MaterialID>YakBone</MaterialID>
            <ToHitWeight>0.1</ToHitWeight>
          </ConnectsTo>
        </ConnectsTo>
      </ConnectsTo>
      <ConnectsTo>
        <Name>neck</Name>
        <BodyPartID>YakNeck</BodyPartID>
        <MaterialID>StandardWeakFlesh</MaterialID>
        <ToHitWeight>0.05</ToHitWeight>
        <Connection>true</Connection>
        <ConnectsTo>
          <Name>head</Name>
          <BodyPartID>YakHead</BodyPartID>
          <MaterialID>YakSkull</MaterialID>
          <ToHitWeight>0.2</ToHitWeight>
          <Limb>false</Limb>
          <ConnectsTo>
            <Name>eye</Name>
            <BodyPartID>GnomeEye</BodyPartID>
            <MaterialID>StandardWeakFlesh</MaterialID>
            <ToHitWeight>0.05</ToHitWeight>
            <Limb>false</Limb>
            <Symmetrical>true</Symmetrical>
          </ConnectsTo>
        </ConnectsTo>
      </ConnectsTo>
      <ConnectsTo>
        <Name>front leg</Name>
        <BodyPartID>YakLeg</BodyPartID>
        <MaterialID>YakBone</MaterialID>
        <ToHitWeight>0.5</ToHitWeight>
        <Symmetrical>true</Symmetrical>
        <ConnectsTo>
          <Name>front hoof</Name>
          <BodyPartID>YakHoof</BodyPartID>
          <MaterialID>YakBone</MaterialID>
          <ToHitWeight>0.1</ToHitWeight>
        </ConnectsTo>
      </ConnectsTo>
    </MainBody>
  </Item>
  <Item>
    <ID>Emu</ID>
    <FarmedItem>
      <ItemID>Egg</ItemID>
      <MaterialID>Egg</MaterialID>
      <Quantity>6</Quantity>
      <RegrowRateMin>2.7</RegrowRateMin>
      <RegrowRateMax>3.3</RegrowRateMax>
      <Gender>Female</Gender>
    </FarmedItem>
    <MainBody>
      <Name>upper body</Name>
      <BodyPartID>EmuUpperBody</BodyPartID>
      <MaterialID>EmuBone</MaterialID>
      <ToHitWeight>1</ToHitWeight>
      <Limb>false</Limb>
      <ConnectsTo>
        <Name>wing</Name>
        <BodyPartID>EmuWing</BodyPartID>
        <MaterialID>EmuBone</MaterialID>
        <ToHitWeight>0.75</ToHitWeight>
        <Limb>true</Limb>
        <Symmetrical>true</Symmetrical>
      </ConnectsTo>
      <ConnectsTo>
        <Name>neck</Name>
        <BodyPartID>EmuNeck</BodyPartID>
        <MaterialID>StandardWeakFlesh</MaterialID>
        <ToHitWeight>0.1</ToHitWeight>
        <Connection>true</Connection>
        <ConnectsTo>
          <Name>head</Name>
          <BodyPartID>EmuHead</BodyPartID>
          <MaterialID>EmuSkull</MaterialID>
          <ToHitWeight>0.2</ToHitWeight>
          <Limb>false</Limb>
          <ConnectsTo>
            <Name>eye</Name>
            <BodyPartID>GnomeEye</BodyPartID>
            <MaterialID>StandardWeakFlesh</MaterialID>
            <ToHitWeight>0.05</ToHitWeight>
            <Limb>false</Limb>
            <Symmetrical>true</Symmetrical>
          </ConnectsTo>
          <ConnectsTo>
            <Name>beak</Name>
            <BodyPartID>EmuBeak</BodyPartID>
            <MaterialID>EmuBone</MaterialID>
            <ToHitWeight>0.1</ToHitWeight>
            <Limb>false</Limb>
          </ConnectsTo>
        </ConnectsTo>
      </ConnectsTo>
      <ConnectsTo>
        <Name>leg</Name>
        <BodyPartID>EmuLeg</BodyPartID>
        <MaterialID>EmuBone</MaterialID>
        <ToHitWeight>0.5</ToHitWeight>
        <Symmetrical>true</Symmetrical>
        <ConnectsTo>
          <Name>claw</Name>
          <BodyPartID>EmuClaw</BodyPartID>
          <MaterialID>EmuBone</MaterialID>
          <ToHitWeight>0.1</ToHitWeight>
        </ConnectsTo>
      </ConnectsTo>
    </MainBody>
  </Item>
  <Item>
    <ID>HoneyBadger</ID>
    <CorpseAngles>180</CorpseAngles>
    <MainBody>
      <Name>upper body</Name>
      <BodyPartID>HoneyBadgerUpperBody</BodyPartID>
      <MaterialID>HoneyBadgerBone</MaterialID>
      <ToHitWeight>1</ToHitWeight>
      <Limb>false</Limb>
      <ConnectsTo>
        <Name>lower body</Name>
        <BodyPartID>HoneyBadgerLowerBody</BodyPartID>
        <MaterialID>HoneyBadgerBone</MaterialID>
        <ToHitWeight>0.75</ToHitWeight>
        <Limb>false</Limb>
        <ConnectsTo>
          <Name>leg</Name>
          <BodyPartID>HoneyBadgerLeg</BodyPartID>
          <MaterialID>HoneyBadgerBone</MaterialID>
          <ToHitWeight>0.3</ToHitWeight>
          <Symmetrical>true</Symmetrical>
          <ConnectsTo>
            <Name>back paw</Name>
            <BodyPartID>HoneyBadgerFoot</BodyPartID>
            <MaterialID>HoneyBadgerBone</MaterialID>
            <ToHitWeight>0.1</ToHitWeight>
          </ConnectsTo>
        </ConnectsTo>
      </ConnectsTo>
      <ConnectsTo>
        <Name>neck</Name>
        <BodyPartID>HoneyBadgerNeck</BodyPartID>
        <MaterialID>StandardWeakFlesh</MaterialID>
        <ToHitWeight>0.05</ToHitWeight>
        <Connection>true</Connection>
        <ConnectsTo>
          <Name>head</Name>
          <BodyPartID>HoneyBadgerHead</BodyPartID>
          <MaterialID>HoneyBadgerSkull</MaterialID>
          <ToHitWeight>0.2</ToHitWeight>
          <Limb>false</Limb>
          <ConnectsTo>
            <Name>eye</Name>
            <BodyPartID>GnomeEye</BodyPartID>
            <MaterialID>StandardWeakFlesh</MaterialID>
            <ToHitWeight>0.05</ToHitWeight>
            <Limb>false</Limb>
            <Symmetrical>true</Symmetrical>
          </ConnectsTo>
          <ConnectsTo>
            <Name>mouth</Name>
            <BodyPartID>HoneyBadgerMouth</BodyPartID>
            <MaterialID>StandardWeakFlesh</MaterialID>
            <ToHitWeight>0.1</ToHitWeight>
            <Limb>false</Limb>
          </ConnectsTo>
        </ConnectsTo>
      </ConnectsTo>
      <ConnectsTo>
        <Name>arm</Name>
        <BodyPartID>HoneyBadgerArm</BodyPartID>
        <MaterialID>HoneyBadgerBone</MaterialID>
        <ToHitWeight>0.5</ToHitWeight>
        <Symmetrical>true</Symmetrical>
        <ConnectsTo>
          <Name>front paw</Name>
          <BodyPartID>HoneyBadgerHand</BodyPartID>
          <MaterialID>HoneyBadgerBone</MaterialID>
          <ToHitWeight>0.1</ToHitWeight>
        </ConnectsTo>
      </ConnectsTo>
    </MainBody>
  </Item>
  <Item>
    <ID>MonitorLizard</ID>
    <CorpseAngles>180</CorpseAngles>
    <MainBody>
      <Name>upper body</Name>
      <BodyPartID>MonitorLizardUpperBody</BodyPartID>
      <MaterialID>MonitorLizardBone</MaterialID>
      <ToHitWeight>1</ToHitWeight>
      <Limb>false</Limb>
      <ConnectsTo>
        <Name>lower body</Name>
        <BodyPartID>MonitorLizardLowerBody</BodyPartID>
        <MaterialID>MonitorLizardBone</MaterialID>
        <ToHitWeight>0.75</ToHitWeight>
        <Limb>false</Limb>
        <ConnectsTo>
          <Name>leg</Name>
          <BodyPartID>MonitorLizardLeg</BodyPartID>
          <MaterialID>MonitorLizardBone</MaterialID>
          <ToHitWeight>0.3</ToHitWeight>
          <Symmetrical>true</Symmetrical>
          <ConnectsTo>
            <Name>back foot</Name>
            <BodyPartID>MonitorLizardFoot</BodyPartID>
            <MaterialID>MonitorLizardBone</MaterialID>
            <ToHitWeight>0.1</ToHitWeight>
          </ConnectsTo>
        </ConnectsTo>
        <ConnectsTo>
          <Name>tail</Name>
          <BodyPartID>MonitorLizardTail</BodyPartID>
          <MaterialID>MonitorLizardBone</MaterialID>
          <ToHitWeight>0.5</ToHitWeight>
        </ConnectsTo>
      </ConnectsTo>
      <ConnectsTo>
        <Name>neck</Name>
        <BodyPartID>MonitorLizardNeck</BodyPartID>
        <MaterialID>StandardWeakFlesh</MaterialID>
        <ToHitWeight>0.05</ToHitWeight>
        <Connection>true</Connection>
        <ConnectsTo>
          <Name>head</Name>
          <BodyPartID>MonitorLizardHead</BodyPartID>
          <MaterialID>MonitorLizardSkull</MaterialID>
          <ToHitWeight>0.2</ToHitWeight>
          <Limb>false</Limb>
          <ConnectsTo>
            <Name>eye</Name>
            <BodyPartID>GnomeEye</BodyPartID>
            <MaterialID>StandardWeakFlesh</MaterialID>
            <ToHitWeight>0.05</ToHitWeight>
            <Limb>false</Limb>
            <Symmetrical>true</Symmetrical>
          </ConnectsTo>
          <ConnectsTo>
            <Name>mouth</Name>
            <BodyPartID>MonitorLizardMouth</BodyPartID>
            <MaterialID>StandardWeakFlesh</MaterialID>
            <ToHitWeight>0.1</ToHitWeight>
            <Limb>false</Limb>
          </ConnectsTo>
        </ConnectsTo>
      </ConnectsTo>
      <ConnectsTo>
        <Name>arm</Name>
        <BodyPartID>MonitorLizardArm</BodyPartID>
        <MaterialID>MonitorLizardBone</MaterialID>
        <ToHitWeight>0.5</ToHitWeight>
        <Symmetrical>true</Symmetrical>
        <ConnectsTo>
          <Name>front foot</Name>
          <BodyPartID>MonitorLizardHand</BodyPartID>
          <MaterialID>MonitorLizardBone</MaterialID>
          <ToHitWeight>0.1</ToHitWeight>
        </ConnectsTo>
      </ConnectsTo>
    </MainBody>
  </Item>
  <Item>
    <ID>Bear</ID>
    <CorpseAngles>180</CorpseAngles>
    <MainBody>
      <Name>upper body</Name>
      <BodyPartID>BearUpperBody</BodyPartID>
      <MaterialID>BearBone</MaterialID>
      <ToHitWeight>1</ToHitWeight>
      <Limb>false</Limb>
      <ConnectsTo>
        <Name>lower body</Name>
        <BodyPartID>BearLowerBody</BodyPartID>
        <MaterialID>BearBone</MaterialID>
        <ToHitWeight>0.75</ToHitWeight>
        <Limb>false</Limb>
        <ConnectsTo>
          <Name>leg</Name>
          <BodyPartID>BearLeg</BodyPartID>
          <MaterialID>BearBone</MaterialID>
          <ToHitWeight>0.3</ToHitWeight>
          <Symmetrical>true</Symmetrical>
          <ConnectsTo>
            <Name>back paw</Name>
            <BodyPartID>BearFoot</BodyPartID>
            <MaterialID>BearBone</MaterialID>
            <ToHitWeight>0.1</ToHitWeight>
          </ConnectsTo>
        </ConnectsTo>
      </ConnectsTo>
      <ConnectsTo>
        <Name>neck</Name>
        <BodyPartID>BearNeck</BodyPartID>
        <MaterialID>StandardWeakFlesh</MaterialID>
        <ToHitWeight>0.05</ToHitWeight>
        <Connection>true</Connection>
        <ConnectsTo>
          <Name>head</Name>
          <BodyPartID>BearHead</BodyPartID>
          <MaterialID>BearSkull</MaterialID>
          <ToHitWeight>0.2</ToHitWeight>
          <Limb>false</Limb>
          <ConnectsTo>
            <Name>eye</Name>
            <BodyPartID>GnomeEye</BodyPartID>
            <MaterialID>StandardWeakFlesh</MaterialID>
            <ToHitWeight>0.05</ToHitWeight>
            <Limb>false</Limb>
            <Symmetrical>true</Symmetrical>
          </ConnectsTo>
          <ConnectsTo>
            <Name>mouth</Name>
            <BodyPartID>BearMouth</BodyPartID>
            <MaterialID>StandardWeakFlesh</MaterialID>
            <ToHitWeight>0.1</ToHitWeight>
            <Limb>false</Limb>
          </ConnectsTo>
        </ConnectsTo>
      </ConnectsTo>
      <ConnectsTo>
        <Name>arm</Name>
        <BodyPartID>BearArm</BodyPartID>
        <MaterialID>BearBone</MaterialID>
        <ToHitWeight>0.5</ToHitWeight>
        <Symmetrical>true</Symmetrical>
        <ConnectsTo>
          <Name>front paw</Name>
          <BodyPartID>BearHand</BodyPartID>
          <MaterialID>BearBone</MaterialID>
          <ToHitWeight>0.1</ToHitWeight>
        </ConnectsTo>
      </ConnectsTo>
    </MainBody>
  </Item>
  <Item>
    <ID>Spider</ID>
    <CorpseAngles>180</CorpseAngles>
    <MainBody>
      <Name>cephalothorax</Name>
      <BodyPartID>SpiderCephalothorax</BodyPartID>
      <MaterialID>ThickChitin</MaterialID>
      <ToHitWeight>1</ToHitWeight>
      <Limb>false</Limb>
      <ConnectsTo>
        <Name>abdoman</Name>
        <BodyPartID>SpiderAbdoman</BodyPartID>
        <MaterialID>ThickChitin</MaterialID>
        <ToHitWeight>0.5</ToHitWeight>
        <Limb>false</Limb>
        <ConnectsTo>
          <Name>stinger</Name>
          <BodyPartID>SpiderStinger</BodyPartID>
          <MaterialID>ThinChitin</MaterialID>
          <ToHitWeight>0.05</ToHitWeight>
          <Limb>true</Limb>
        </ConnectsTo>
      </ConnectsTo>
      <ConnectsTo>
        <Name>fangs</Name>
        <BodyPartID>SpiderFang</BodyPartID>
        <MaterialID>ThinChitin</MaterialID>
        <ToHitWeight>0.05</ToHitWeight>
        <Limb>false</Limb>
      </ConnectsTo>
      <ConnectsTo>
        <Name>front leg</Name>
        <BodyPartID>SpiderLeg</BodyPartID>
        <MaterialID>ThinChitin</MaterialID>
        <ToHitWeight>0.1</ToHitWeight>
        <Symmetrical>true</Symmetrical>
      </ConnectsTo>
      <ConnectsTo>
        <Name>front middle leg</Name>
        <BodyPartID>SpiderLeg</BodyPartID>
        <MaterialID>ThinChitin</MaterialID>
        <ToHitWeight>0.1</ToHitWeight>
        <Symmetrical>true</Symmetrical>
      </ConnectsTo>
      <ConnectsTo>
        <Name>back middle leg</Name>
        <BodyPartID>SpiderLeg</BodyPartID>
        <MaterialID>ThinChitin</MaterialID>
        <ToHitWeight>0.1</ToHitWeight>
        <Symmetrical>true</Symmetrical>
      </ConnectsTo>
      <ConnectsTo>
        <Name>back leg</Name>
        <BodyPartID>SpiderLeg</BodyPartID>
        <MaterialID>ThinChitin</MaterialID>
        <ToHitWeight>0.1</ToHitWeight>
        <Symmetrical>true</Symmetrical>
      </ConnectsTo>
      <ConnectsTo>
        <Name>anterior median eye</Name>
        <BodyPartID>GnomeEye</BodyPartID>
        <MaterialID>StandardWeakFlesh</MaterialID>
        <ToHitWeight>0.01</ToHitWeight>
        <Limb>false</Limb>
        <Symmetrical>true</Symmetrical>
      </ConnectsTo>
      <ConnectsTo>
        <Name>posterior median eye</Name>
        <BodyPartID>GnomeEye</BodyPartID>
        <MaterialID>StandardWeakFlesh</MaterialID>
        <ToHitWeight>0.01</ToHitWeight>
        <Limb>false</Limb>
        <Symmetrical>true</Symmetrical>
      </ConnectsTo>
      <ConnectsTo>
        <Name>anterior lateral eye</Name>
        <BodyPartID>GnomeEye</BodyPartID>
        <MaterialID>StandardWeakFlesh</MaterialID>
        <ToHitWeight>0.01</ToHitWeight>
        <Limb>false</Limb>
        <Symmetrical>true</Symmetrical>
      </ConnectsTo>
      <ConnectsTo>
        <Name>posterior lateral eye</Name>
        <BodyPartID>GnomeEye</BodyPartID>
        <MaterialID>StandardWeakFlesh</MaterialID>
        <ToHitWeight>0.01</ToHitWeight>
        <Limb>false</Limb>
        <Symmetrical>true</Symmetrical>
      </ConnectsTo>
    </MainBody>
  </Item>
  <Item>
    <ID>Golem</ID>
    <BaseSprite>Golem</BaseSprite>
    <MainBody>
      <Name>upper body</Name>
      <BodyPartID>GolemUpperBody</BodyPartID>
      <MaterialID>MATERIALID_NONE</MaterialID>
      <TemplateMaterialIndex>0</TemplateMaterialIndex>
      <TemplatePartsQuantity>80</TemplatePartsQuantity>
      <ToHitWeight>1</ToHitWeight>
      <Limb>false</Limb>
      <Tile>
        <BodyTiles>
          <TileDetails>
            <SpriteID>Torso</SpriteID>
          </TileDetails>
        </BodyTiles>
        <DrawOrder>3</DrawOrder>
        <Offset>0 4</Offset>
      </Tile>
      <ConnectsTo>
        <Name>lower body</Name>
        <BodyPartID>GolemLowerBody</BodyPartID>
        <MaterialID>MATERIALID_NONE</MaterialID>
        <TemplateMaterialIndex>0</TemplateMaterialIndex>
        <ToHitWeight>0.75</ToHitWeight>
        <Limb>false</Limb>
        <ConnectsTo>
          <Name>leg</Name>
          <BodyPartID>GolemLeg</BodyPartID>
          <MaterialID>MATERIALID_NONE</MaterialID>
          <TemplateMaterialIndex>0</TemplateMaterialIndex>
          <TemplatePartsQuantity>50</TemplatePartsQuantity>
          <ToHitWeight>0.5</ToHitWeight>
          <Symmetrical>true</Symmetrical>
          <Tile>
            <BodyTiles>
              <TileDetails>
                <SpriteID>LegRight</SpriteID>
              </TileDetails>
            </BodyTiles>
            <DrawOrder>4</DrawOrder>
            <Offset>4 -2</Offset>
          </Tile>
          <ConnectsTo>
            <Name>foot</Name>
            <BodyPartID>GolemFoot</BodyPartID>
            <MaterialID>MATERIALID_NONE</MaterialID>
            <TemplateMaterialIndex>0</TemplateMaterialIndex>
            <ToHitWeight>0.1</ToHitWeight>
            <Limb>false</Limb>
          </ConnectsTo>
        </ConnectsTo>
      </ConnectsTo>
      <ConnectsTo>
        <Name>arm</Name>
        <BodyPartID>GolemArm</BodyPartID>
        <MaterialID>MATERIALID_NONE</MaterialID>
        <TemplateMaterialIndex>0</TemplateMaterialIndex>
        <TemplatePartsQuantity>35</TemplatePartsQuantity>
        <ToHitWeight>0.5</ToHitWeight>
        <Symmetrical>true</Symmetrical>
        <Tile>
          <BodyTiles>
            <TileDetails>
              <SpriteID>ArmRight</SpriteID>
            </TileDetails>
          </BodyTiles>
          <DrawOrder>2</DrawOrder>
          <Offset>7 4</Offset>
        </Tile>
        <ConnectsTo>
          <Name>hand</Name>
          <BodyPartID>GolemHand</BodyPartID>
          <MaterialID>MATERIALID_NONE</MaterialID>
          <TemplateMaterialIndex>0</TemplateMaterialIndex>
          <ToHitWeight>0.1</ToHitWeight>
          <Limb>false</Limb>
          <Hand>true</Hand>
        </ConnectsTo>
      </ConnectsTo>
    </MainBody>
  </Item>
  <Item>
    <ID>Ogre</ID>
    <BaseSprite>Ogre</BaseSprite>
    <MainBody>
      <Name>upper body</Name>
      <BodyPartID>OgreUpperBody</BodyPartID>
      <MaterialID>OgreBone</MaterialID>
      <ToHitWeight>1</ToHitWeight>
      <Limb>false</Limb>
      <EquipType>Body</EquipType>
      <Tile>
        <BodyTiles>
          <TileDetails>
            <SpriteID>Torso</SpriteID>
          </TileDetails>
        </BodyTiles>
        <DrawOrder>3</DrawOrder>
        <Offset>0 4</Offset>
      </Tile>
      <ConnectsTo>
        <Name>lower body</Name>
        <BodyPartID>OgreLowerBody</BodyPartID>
        <MaterialID>OgreBone</MaterialID>
        <ToHitWeight>0.75</ToHitWeight>
        <Limb>false</Limb>
        <EquipType>Body</EquipType>
        <ConnectsTo>
          <Name>leg</Name>
          <BodyPartID>OgreLeg</BodyPartID>
          <MaterialID>OgreBone</MaterialID>
          <ToHitWeight>0.5</ToHitWeight>
          <Symmetrical>true</Symmetrical>
          <EquipType>Leg</EquipType>
          <Tile>
            <BodyTiles>
              <TileDetails>
                <SpriteID>FootRight</SpriteID>
              </TileDetails>
            </BodyTiles>
            <DrawOrder>4</DrawOrder>
            <Offset>4 -2</Offset>
          </Tile>
          <ConnectsTo>
            <Name>foot</Name>
            <BodyPartID>OgreFoot</BodyPartID>
            <MaterialID>OgreBone</MaterialID>
            <ToHitWeight>0.1</ToHitWeight>
            <EquipType>Foot</EquipType>
            <Tile>
              <BodyTiles>
                <TileDetails>
                  <SpriteID>FootRight</SpriteID>
                </TileDetails>
              </BodyTiles>
              <DrawOrder>4</DrawOrder>
              <Offset>4 -2</Offset>
            </Tile>
          </ConnectsTo>
        </ConnectsTo>
      </ConnectsTo>
      <ConnectsTo>
        <Name>neck</Name>
        <BodyPartID>OgreNeck</BodyPartID>
        <MaterialID>StandardWeakFlesh</MaterialID>
        <ToHitWeight>0.05</ToHitWeight>
        <Connection>true</Connection>
        <EquipType>Body</EquipType>
        <ConnectsTo>
          <Name>head</Name>
          <BodyPartID>OgreHead</BodyPartID>
          <MaterialID>OgreSkull</MaterialID>
          <ToHitWeight>0.2</ToHitWeight>
          <Limb>false</Limb>
          <EquipType>Head</EquipType>
          <Tile>
            <BodyTiles>
              <TileDetails>
                <SpriteID>Head</SpriteID>
              </TileDetails>
            </BodyTiles>
            <DrawOrder>1</DrawOrder>
            <Offset>0 9</Offset>
          </Tile>
          <ConnectsTo>
            <Name>eye</Name>
            <BodyPartID>GnomeEye</BodyPartID>
            <MaterialID>StandardWeakFlesh</MaterialID>
            <ToHitWeight>0.05</ToHitWeight>
            <Limb>false</Limb>
            <Symmetrical>true</Symmetrical>
            <EquipType>Head</EquipType>
          </ConnectsTo>
          <ConnectsTo>
            <Name>mouth</Name>
            <BodyPartID>OgreMouth</BodyPartID>
            <MaterialID>StandardWeakFlesh</MaterialID>
            <ToHitWeight>0.1</ToHitWeight>
            <Limb>false</Limb>
            <EquipType>Head</EquipType>
          </ConnectsTo>
        </ConnectsTo>
      </ConnectsTo>
      <ConnectsTo>
        <Name>arm</Name>
        <BodyPartID>OgreArm</BodyPartID>
        <MaterialID>OgreBone</MaterialID>
        <ToHitWeight>0.5</ToHitWeight>
        <Symmetrical>true</Symmetrical>
        <EquipType>Arm</EquipType>
        <Tile>
          <BodyTiles>
            <TileDetails>
              <SpriteID>ArmRight</SpriteID>
            </TileDetails>
          </BodyTiles>
          <DrawOrder>3</DrawOrder>
          <Offset>7 4</Offset>
        </Tile>
        <ConnectsTo>
          <Name>hand</Name>
          <BodyPartID>OgreHand</BodyPartID>
          <MaterialID>OgreBone</MaterialID>
          <ToHitWeight>0.1</ToHitWeight>
          <EquipType>Glove</EquipType>
          <Hand>true</Hand>
          <Tile>
            <BodyTiles>
              <TileDetails>
                <SpriteID>HandRight</SpriteID>
              </TileDetails>
            </BodyTiles>
            <DrawOrder>3</DrawOrder>
            <Offset>8 3</Offset>
          </Tile>
        </ConnectsTo>
      </ConnectsTo>
    </MainBody>
  </Item>
  <Item>
    <ID>BlueOgre</ID>
    <BaseSprite>BlueOgre</BaseSprite>
    <MainBody>
      <Name>upper body</Name>
      <BodyPartID>BlueOgreUpperBody</BodyPartID>
      <MaterialID>TwoHeadedOgreBone</MaterialID>
      <ToHitWeight>1</ToHitWeight>
      <Limb>false</Limb>
      <EquipType>Body</EquipType>
      <Tile>
        <BodyTiles>
          <TileDetails>
            <SpriteID>Torso</SpriteID>
          </TileDetails>
        </BodyTiles>
        <DrawOrder>3</DrawOrder>
        <Offset>0 4</Offset>
      </Tile>
      <ConnectsTo>
        <Name>lower body</Name>
        <BodyPartID>BlueOgreLowerBody</BodyPartID>
        <MaterialID>TwoHeadedOgreBone</MaterialID>
        <ToHitWeight>0.75</ToHitWeight>
        <Limb>false</Limb>
        <EquipType>Body</EquipType>
        <ConnectsTo>
          <Name>leg</Name>
          <BodyPartID>BlueOgreLeg</BodyPartID>
          <MaterialID>TwoHeadedOgreBone</MaterialID>
          <ToHitWeight>0.5</ToHitWeight>
          <Symmetrical>true</Symmetrical>
          <EquipType>Leg</EquipType>
          <Tile>
            <BodyTiles>
              <TileDetails>
                <SpriteID>FootRight</SpriteID>
              </TileDetails>
            </BodyTiles>
            <DrawOrder>4</DrawOrder>
            <Offset>4 -2</Offset>
          </Tile>
          <ConnectsTo>
            <Name>foot</Name>
            <BodyPartID>BlueOgreFoot</BodyPartID>
            <MaterialID>TwoHeadedOgreBone</MaterialID>
            <ToHitWeight>0.1</ToHitWeight>
            <EquipType>Foot</EquipType>
            <Tile>
              <BodyTiles>
                <TileDetails>
                  <SpriteID>FootRight</SpriteID>
                </TileDetails>
              </BodyTiles>
              <DrawOrder>4</DrawOrder>
              <Offset>4 -2</Offset>
            </Tile>
          </ConnectsTo>
        </ConnectsTo>
      </ConnectsTo>
      <ConnectsTo>
        <Name>neck</Name>
        <BodyPartID>BlueOgreNeck</BodyPartID>
        <MaterialID>StandardWeakFlesh</MaterialID>
        <ToHitWeight>0.05</ToHitWeight>
        <Connection>true</Connection>
        <Symmetrical>true</Symmetrical>
        <EquipType>Body</EquipType>
        <ConnectsTo>
          <Name>head</Name>
          <BodyPartID>BlueOgreHead</BodyPartID>
          <MaterialID>TwoHeadedOgreSkull</MaterialID>
          <ToHitWeight>0.2</ToHitWeight>
          <Limb>false</Limb>
          <EquipType>Head</EquipType>
          <Tile>
            <BodyTiles>
              <TileDetails>
                <SpriteID>HeadRight</SpriteID>
              </TileDetails>
            </BodyTiles>
            <DrawOrder>1</DrawOrder>
            <Offset>0 9</Offset>
          </Tile>
          <ConnectsTo>
            <Name>eye</Name>
            <BodyPartID>GnomeEye</BodyPartID>
            <MaterialID>StandardWeakFlesh</MaterialID>
            <ToHitWeight>0.05</ToHitWeight>
            <Limb>false</Limb>
            <Symmetrical>true</Symmetrical>
            <EquipType>Head</EquipType>
          </ConnectsTo>
          <ConnectsTo>
            <Name>mouth</Name>
            <BodyPartID>BlueOgreMouth</BodyPartID>
            <MaterialID>StandardWeakFlesh</MaterialID>
            <ToHitWeight>0.1</ToHitWeight>
            <Limb>false</Limb>
            <EquipType>Head</EquipType>
          </ConnectsTo>
        </ConnectsTo>
      </ConnectsTo>
      <ConnectsTo>
        <Name>arm</Name>
        <BodyPartID>BlueOgreArm</BodyPartID>
        <MaterialID>TwoHeadedOgreBone</MaterialID>
        <ToHitWeight>0.5</ToHitWeight>
        <Symmetrical>true</Symmetrical>
        <EquipType>Arm</EquipType>
        <Tile>
          <BodyTiles>
            <TileDetails>
              <SpriteID>ArmRight</SpriteID>
            </TileDetails>
          </BodyTiles>
          <DrawOrder>3</DrawOrder>
          <Offset>7 4</Offset>
        </Tile>
        <ConnectsTo>
          <Name>hand</Name>
          <BodyPartID>BlueOgreHand</BodyPartID>
          <MaterialID>TwoHeadedOgreBone</MaterialID>
          <ToHitWeight>0.1</ToHitWeight>
          <EquipType>Glove</EquipType>
          <Hand>true</Hand>
          <Tile>
            <BodyTiles>
              <TileDetails>
                <SpriteID>HandRight</SpriteID>
              </TileDetails>
            </BodyTiles>
            <DrawOrder>3</DrawOrder>
            <Offset>8 3</Offset>
          </Tile>
        </ConnectsTo>
      </ConnectsTo>
    </MainBody>
  </Item>
  <Item>
    <ID>Mant</ID>
    <BaseSprite>Mant</BaseSprite>
    <MainBody>
      <Name>thorax</Name>
      <BodyPartID>MantThorax</BodyPartID>
      <MaterialID>ThickChitin</MaterialID>
      <ToHitWeight>1</ToHitWeight>
      <Limb>false</Limb>
      <Tile>
        <BodyTiles>
          <TileDetails>
            <SpriteID>Torso</SpriteID>
          </TileDetails>
        </BodyTiles>
        <DrawOrder>3</DrawOrder>
        <Offset>0 4</Offset>
      </Tile>
      <ConnectsTo>
        <Name>abdomen</Name>
        <BodyPartID>MantAbdomen</BodyPartID>
        <MaterialID>ThickChitin</MaterialID>
        <ToHitWeight>0.75</ToHitWeight>
        <Limb>false</Limb>
        <ConnectsTo>
          <Name>stinger</Name>
          <BodyPartID>MantStinger</BodyPartID>
          <MaterialID>ThinChitin</MaterialID>
          <ToHitWeight>0.25</ToHitWeight>
        </ConnectsTo>
      </ConnectsTo>
      <ConnectsTo>
        <Name>arm</Name>
        <BodyPartID>MantArm</BodyPartID>
        <MaterialID>ThinChitin</MaterialID>
        <ToHitWeight>0.5</ToHitWeight>
        <Symmetrical>true</Symmetrical>
        <Tile>
          <BodyTiles>
            <TileDetails>
              <SpriteID>ArmRight</SpriteID>
            </TileDetails>
          </BodyTiles>
          <DrawOrder>3</DrawOrder>
          <Offset>7 4</Offset>
        </Tile>
      </ConnectsTo>
      <ConnectsTo>
        <Name>leg</Name>
        <BodyPartID>MantLeg</BodyPartID>
        <MaterialID>ThinChitin</MaterialID>
        <ToHitWeight>0.5</ToHitWeight>
        <Symmetrical>true</Symmetrical>
        <Tile>
          <BodyTiles>
            <TileDetails>
              <SpriteID>LegRight</SpriteID>
            </TileDetails>
          </BodyTiles>
          <DrawOrder>4</DrawOrder>
          <Offset>4 -2</Offset>
        </Tile>
      </ConnectsTo>
      <ConnectsTo>
        <Name>head</Name>
        <BodyPartID>MantHead</BodyPartID>
        <MaterialID>ThickChitin</MaterialID>
        <ToHitWeight>0.5</ToHitWeight>
        <Limb>true</Limb>
        <Tile>
          <BodyTiles>
            <TileDetails>
              <SpriteID>Head</SpriteID>
            </TileDetails>
          </BodyTiles>
          <DrawOrder>1</DrawOrder>
          <Offset>0 9</Offset>
        </Tile>
        <ConnectsTo>
          <Name>compound eye</Name>
          <BodyPartID>GnomeEye</BodyPartID>
          <MaterialID>StandardWeakFlesh</MaterialID>
          <ToHitWeight>0.05</ToHitWeight>
          <Limb>false</Limb>
          <Symmetrical>true</Symmetrical>
        </ConnectsTo>
        <ConnectsTo>
          <Name>mandibles</Name>
          <BodyPartID>MantMandibles</BodyPartID>
          <MaterialID>ThinChitin</MaterialID>
          <ToHitWeight>0.1</ToHitWeight>
          <Limb>false</Limb>
          <Hand>true</Hand>
        </ConnectsTo>
        <ConnectsTo>
          <Name>antennae</Name>
          <BodyPartID>MantAntennae</BodyPartID>
          <MaterialID>ThinChitin</MaterialID>
          <ToHitWeight>0.2</ToHitWeight>
          <Limb>true</Limb>
          <Symmetrical>true</Symmetrical>
          <Tile>
            <BodyTiles>
              <TileDetails>
                <SpriteID>AntennaeRight</SpriteID>
              </TileDetails>
            </BodyTiles>
            <DrawOrder>0</DrawOrder>
            <Offset>0 9</Offset>
          </Tile>
        </ConnectsTo>
      </ConnectsTo>
    </MainBody>
  </Item>
  <Item>
    <ID>Beetle</ID>
    <BaseSprite>Beetle</BaseSprite>
    <CorpseAngles>180</CorpseAngles>
    <MainBody>
      <Name>thorax</Name>
      <BodyPartID>BeetleThorax</BodyPartID>
      <MaterialID>ThickChitin</MaterialID>
      <ToHitWeight>0.75</ToHitWeight>
      <Limb>false</Limb>
      <Tile>
        <BodyTiles>
          <TileDetails>
            <SpriteID>Torso</SpriteID>
          </TileDetails>
        </BodyTiles>
        <DrawOrder>3</DrawOrder>
        <Offset>0 4</Offset>
      </Tile>
      <ConnectsTo>
        <Name>abdomen</Name>
        <BodyPartID>BeetleAbdomen</BodyPartID>
        <MaterialID>ThickChitin</MaterialID>
        <ToHitWeight>1</ToHitWeight>
        <Limb>false</Limb>
      </ConnectsTo>
      <ConnectsTo>
        <Name>front leg</Name>
        <BodyPartID>BeetleLeg</BodyPartID>
        <MaterialID>ThinChitin</MaterialID>
        <ToHitWeight>0.5</ToHitWeight>
        <Symmetrical>true</Symmetrical>
      </ConnectsTo>
      <ConnectsTo>
        <Name>middle leg</Name>
        <BodyPartID>BeetleLeg</BodyPartID>
        <MaterialID>ThinChitin</MaterialID>
        <ToHitWeight>0.5</ToHitWeight>
        <Symmetrical>true</Symmetrical>
      </ConnectsTo>
      <ConnectsTo>
        <Name>back leg</Name>
        <BodyPartID>BeetleLeg</BodyPartID>
        <MaterialID>ThinChitin</MaterialID>
        <ToHitWeight>0.5</ToHitWeight>
        <Symmetrical>true</Symmetrical>
      </ConnectsTo>
      <ConnectsTo>
        <Name>head</Name>
        <BodyPartID>BeetleHead</BodyPartID>
        <MaterialID>ThickChitin</MaterialID>
        <ToHitWeight>1</ToHitWeight>
        <Limb>true</Limb>
        <Tile>
          <BodyTiles>
            <TileDetails>
              <SpriteID>Head</SpriteID>
            </TileDetails>
          </BodyTiles>
          <DrawOrder>1</DrawOrder>
          <Offset>0 9</Offset>
        </Tile>
        <ConnectsTo>
          <Name>compound eye</Name>
          <BodyPartID>GnomeEye</BodyPartID>
          <MaterialID>StandardWeakFlesh</MaterialID>
          <ToHitWeight>0.05</ToHitWeight>
          <Limb>false</Limb>
          <Symmetrical>true</Symmetrical>
        </ConnectsTo>
        <ConnectsTo>
          <Name>mandibles</Name>
          <BodyPartID>BeetleMandibles</BodyPartID>
          <MaterialID>ThinChitin</MaterialID>
          <ToHitWeight>0.1</ToHitWeight>
          <Limb>false</Limb>
        </ConnectsTo>
        <ConnectsTo>
          <Name>antennae</Name>
          <BodyPartID>BeetleAntennae</BodyPartID>
          <MaterialID>ThinChitin</MaterialID>
          <ToHitWeight>0.2</ToHitWeight>
          <Limb>true</Limb>
          <Symmetrical>true</Symmetrical>
        </ConnectsTo>
      </ConnectsTo>
    </MainBody>
  </Item>
  <Item>
    <ID>BeetleCocoon</ID>
    <MainBody>
      <Name>shell</Name>
      <BodyPartID>BeetleCocoon</BodyPartID>
      <MaterialID>ThinMantChitin</MaterialID>
      <ToHitWeight>1</ToHitWeight>
      <Limb>false</Limb>
    </MainBody>
  </Item>
  <Item>
    <ID>Zombie</ID>
    <BaseSprite>Zombie</BaseSprite>
    <MainBody>
      <Name>upper body</Name>
      <BodyPartID>ZombieUpperBody</BodyPartID>
      <MaterialID>StandardBone</MaterialID>
      <ToHitWeight>1</ToHitWeight>
      <Limb>false</Limb>
      <EquipType>Body</EquipType>
      <Tile>
        <BodyTiles>
          <TileDetails>
            <SpriteID>Torso</SpriteID>
          </TileDetails>
        </BodyTiles>
        <DrawOrder>3</DrawOrder>
        <Offset>0 4</Offset>
      </Tile>
      <ConnectsTo>
        <Name>lower body</Name>
        <BodyPartID>ZombieLowerBody</BodyPartID>
        <MaterialID>StandardBone</MaterialID>
        <ToHitWeight>0.75</ToHitWeight>
        <Limb>false</Limb>
        <EquipType>Body</EquipType>
        <ConnectsTo>
          <Name>leg</Name>
          <BodyPartID>ZombieLeg</BodyPartID>
          <MaterialID>StandardBone</MaterialID>
          <ToHitWeight>0.5</ToHitWeight>
          <Symmetrical>true</Symmetrical>
          <EquipType>Leg</EquipType>
          <Tile>
            <BodyTiles>
              <TileDetails>
                <SpriteID>FootRight</SpriteID>
              </TileDetails>
            </BodyTiles>
            <DrawOrder>2</DrawOrder>
            <Offset>4 -2</Offset>
          </Tile>
          <ConnectsTo>
            <Name>foot</Name>
            <BodyPartID>ZombieFoot</BodyPartID>
            <MaterialID>StandardBone</MaterialID>
            <ToHitWeight>0.1</ToHitWeight>
            <EquipType>Foot</EquipType>
            <Tile>
              <BodyTiles>
                <TileDetails>
                  <SpriteID>FootRight</SpriteID>
                </TileDetails>
              </BodyTiles>
              <DrawOrder>2</DrawOrder>
              <Offset>4 -2</Offset>
            </Tile>
          </ConnectsTo>
        </ConnectsTo>
      </ConnectsTo>
      <ConnectsTo>
        <Name>neck</Name>
        <BodyPartID>ZombieNeck</BodyPartID>
        <MaterialID>StandardWeakFlesh</MaterialID>
        <ToHitWeight>0.05</ToHitWeight>
        <Connection>true</Connection>
        <EquipType>Body</EquipType>
        <ConnectsTo>
          <Name>head</Name>
          <BodyPartID>ZombieHead</BodyPartID>
          <MaterialID>StandardShell</MaterialID>
          <ToHitWeight>0.75</ToHitWeight>
          <Limb>false</Limb>
          <EquipType>Head</EquipType>
          <Tile>
            <BodyTiles>
              <TileDetails>
                <SpriteID>Head</SpriteID>
              </TileDetails>
            </BodyTiles>
            <DrawOrder>1</DrawOrder>
            <Offset>0 9</Offset>
          </Tile>
          <ConnectsTo>
            <Name>eye</Name>
            <BodyPartID>GnomeEye</BodyPartID>
            <MaterialID>StandardWeakFlesh</MaterialID>
            <ToHitWeight>0.05</ToHitWeight>
            <Limb>false</Limb>
            <Symmetrical>true</Symmetrical>
            <EquipType>Head</EquipType>
          </ConnectsTo>
          <ConnectsTo>
            <Name>mouth</Name>
            <BodyPartID>ZombieMouth</BodyPartID>
            <MaterialID>StandardWeakFlesh</MaterialID>
            <ToHitWeight>0.1</ToHitWeight>
            <Limb>false</Limb>
            <EquipType>Head</EquipType>
          </ConnectsTo>
        </ConnectsTo>
      </ConnectsTo>
      <ConnectsTo>
        <Name>arm</Name>
        <BodyPartID>ZombieArm</BodyPartID>
        <MaterialID>StandardBone</MaterialID>
        <ToHitWeight>0.5</ToHitWeight>
        <Symmetrical>true</Symmetrical>
        <EquipType>Arm</EquipType>
        <Tile>
          <BodyTiles>
            <TileDetails>
              <SpriteID>ArmRight</SpriteID>
            </TileDetails>
          </BodyTiles>
          <DrawOrder>4</DrawOrder>
          <Offset>7 4</Offset>
        </Tile>
        <ConnectsTo>
          <Name>hand</Name>
          <BodyPartID>ZombieHand</BodyPartID>
          <MaterialID>StandardBone</MaterialID>
          <ToHitWeight>0.1</ToHitWeight>
          <EquipType>Glove</EquipType>
          <Hand>true</Hand>
          <Tile>
            <BodyTiles>
              <TileDetails>
                <SpriteID>HandRight</SpriteID>
              </TileDetails>
            </BodyTiles>
            <DrawOrder>4</DrawOrder>
            <Offset>8 3</Offset>
          </Tile>
        </ConnectsTo>
      </ConnectsTo>
    </MainBody>
  </Item>
  <Item>
    <ID>Skeleton</ID>
    <ShowEquipment>true</ShowEquipment>
    <BaseSprite>Skeleton</BaseSprite>
    <MainBody>
      <Name>upper body</Name>
      <BodyPartID>SkeletonUpperBody</BodyPartID>
      <MaterialID>StandardBone</MaterialID>
      <ToHitWeight>1</ToHitWeight>
      <Limb>false</Limb>
      <EquipType>Body</EquipType>
      <Tile>
        <BodyTiles>
          <TileDetails>
            <SpriteID>Torso</SpriteID>
          </TileDetails>
        </BodyTiles>
        <DrawOrder>3</DrawOrder>
        <Offset>0 4</Offset>
      </Tile>
      <ConnectsTo>
        <Name>leg</Name>
        <BodyPartID>SkeletonLeg</BodyPartID>
        <MaterialID>StandardBone</MaterialID>
        <ToHitWeight>0.5</ToHitWeight>
        <Symmetrical>true</Symmetrical>
        <EquipType>Leg</EquipType>
        <Tile>
          <BodyTiles>
            <TileDetails>
              <SpriteID>FootRight</SpriteID>
            </TileDetails>
          </BodyTiles>
          <DrawOrder>2</DrawOrder>
          <Offset>4 -2</Offset>
        </Tile>
        <ConnectsTo>
          <Name>foot</Name>
          <BodyPartID>SkeletonFoot</BodyPartID>
          <MaterialID>StandardBone</MaterialID>
          <ToHitWeight>0.1</ToHitWeight>
          <EquipType>Foot</EquipType>
          <Tile>
            <BodyTiles>
              <TileDetails>
                <SpriteID>FootRight</SpriteID>
              </TileDetails>
            </BodyTiles>
            <DrawOrder>2</DrawOrder>
            <Offset>4 -2</Offset>
          </Tile>
        </ConnectsTo>
      </ConnectsTo>
      <ConnectsTo>
        <Name>neck</Name>
        <BodyPartID>SkeletonNeck</BodyPartID>
        <MaterialID>StandardBone</MaterialID>
        <ToHitWeight>0.05</ToHitWeight>
        <Connection>true</Connection>
        <EquipType>Body</EquipType>
        <ConnectsTo>
          <Name>head</Name>
          <BodyPartID>SkeletonHead</BodyPartID>
          <MaterialID>StandardShell</MaterialID>
          <ToHitWeight>0.2</ToHitWeight>
          <Limb>false</Limb>
          <EquipType>Head</EquipType>
          <Tile>
            <BodyTiles>
              <TileDetails>
                <SpriteID>Head</SpriteID>
              </TileDetails>
            </BodyTiles>
            <DrawOrder>1</DrawOrder>
            <Offset>0 9</Offset>
          </Tile>
        </ConnectsTo>
      </ConnectsTo>
      <ConnectsTo>
        <Name>arm</Name>
        <BodyPartID>SkeletonArm</BodyPartID>
        <MaterialID>StandardBone</MaterialID>
        <ToHitWeight>0.5</ToHitWeight>
        <Symmetrical>true</Symmetrical>
        <EquipType>Arm</EquipType>
        <Tile>
          <BodyTiles>
            <TileDetails>
              <SpriteID>ArmRight</SpriteID>
            </TileDetails>
          </BodyTiles>
          <DrawOrder>4</DrawOrder>
          <Offset>7 4</Offset>
        </Tile>
        <ConnectsTo>
          <Name>hand</Name>
          <BodyPartID>SkeletonHand</BodyPartID>
          <MaterialID>StandardBone</MaterialID>
          <ToHitWeight>0.1</ToHitWeight>
          <EquipType>Glove</EquipType>
          <Hand>true</Hand>
          <Tile>
            <BodyTiles>
              <TileDetails>
                <SpriteID>HandRight</SpriteID>
              </TileDetails>
            </BodyTiles>
            <DrawOrder>4</DrawOrder>
            <Offset>8 3</Offset>
          </Tile>
        </ConnectsTo>
      </ConnectsTo>
    </MainBody>
  </Item>
  <Item>
    <ID>Automaton</ID>
    <BaseSprite>Automaton</BaseSprite>
    <MainBody>
      <Name>upper body</Name>
      <BodyPartID>AutomatonUpperBody</BodyPartID>
      <MaterialID>MATERIALID_NONE</MaterialID>
      <TemplateMaterialIndex>0</TemplateMaterialIndex>
      <ToHitWeight>1</ToHitWeight>
      <Limb>false</Limb>
      <Tile>
        <BodyTiles>
          <TileDetails>
            <SpriteID>Torso</SpriteID>
          </TileDetails>
        </BodyTiles>
        <NeuterDecoration>
          <TileDetails>
            <SpriteID>AutomatonTorsoHighlight</SpriteID>
            <UseSkinColor>false</UseSkinColor>
          </TileDetails>
        </NeuterDecoration>
        <DrawOrder>3</DrawOrder>
        <Offset>0 4</Offset>
      </Tile>
      <ConnectsTo>
        <Name>lower body</Name>
        <BodyPartID>AutomatonLowerBody</BodyPartID>
        <MaterialID>MATERIALID_NONE</MaterialID>
        <TemplateMaterialIndex>0</TemplateMaterialIndex>
        <ToHitWeight>0.75</ToHitWeight>
        <Limb>false</Limb>
        <ConnectsTo>
          <Name>leg</Name>
          <BodyPartID>AutomatonLeg</BodyPartID>
          <MaterialID>MATERIALID_NONE</MaterialID>
          <TemplateMaterialIndex>0</TemplateMaterialIndex>
          <ToHitWeight>0.5</ToHitWeight>
          <Symmetrical>true</Symmetrical>
          <Tile>
            <BodyTiles>
              <TileDetails>
                <SpriteID>FootRight</SpriteID>
              </TileDetails>
            </BodyTiles>
            <NeuterDecoration>
              <TileDetails>
                <SpriteID>AutomatonFootHighlightRight</SpriteID>
                <UseSkinColor>false</UseSkinColor>
              </TileDetails>
            </NeuterDecoration>
            <DrawOrder>4</DrawOrder>
            <Offset>4 -2</Offset>
          </Tile>
          <ConnectsTo>
            <Name>foot</Name>
            <BodyPartID>AutomatonFoot</BodyPartID>
            <MaterialID>MATERIALID_NONE</MaterialID>
            <TemplateMaterialIndex>0</TemplateMaterialIndex>
            <ToHitWeight>0.1</ToHitWeight>
            <Limb>false</Limb>
          </ConnectsTo>
        </ConnectsTo>
      </ConnectsTo>
      <ConnectsTo>
        <Name>head</Name>
        <BodyPartID>AutomatonHead</BodyPartID>
        <MaterialID>MATERIALID_NONE</MaterialID>
        <TemplateMaterialIndex>0</TemplateMaterialIndex>
        <ToHitWeight>0.2</ToHitWeight>
        <Limb>false</Limb>
        <Tile>
          <BodyTiles>
            <TileDetails>
              <SpriteID>Head</SpriteID>
            </TileDetails>
          </BodyTiles>
          <NeuterDecoration>
            <TileDetails>
              <SpriteID>AutomatonHeadHighlight</SpriteID>
              <UseSkinColor>false</UseSkinColor>
            </TileDetails>
          </NeuterDecoration>
          <DrawOrder>1</DrawOrder>
          <Offset>0 4</Offset>
        </Tile>
      </ConnectsTo>
      <ConnectsTo>
        <Name>arm</Name>
        <BodyPartID>AutomatonArm</BodyPartID>
        <MaterialID>MATERIALID_NONE</MaterialID>
        <TemplateMaterialIndex>0</TemplateMaterialIndex>
        <ToHitWeight>0.5</ToHitWeight>
        <Symmetrical>true</Symmetrical>
        <Tile>
          <BodyTiles>
            <TileDetails>
              <SpriteID>ArmRight</SpriteID>
            </TileDetails>
          </BodyTiles>
          <NeuterDecoration>
            <TileDetails>
              <SpriteID>AutomatonArmHighlightRight</SpriteID>
              <UseSkinColor>false</UseSkinColor>
            </TileDetails>
          </NeuterDecoration>
          <DrawOrder>3</DrawOrder>
          <Offset>7 4</Offset>
        </Tile>
        <ConnectsTo>
          <Name>hand</Name>
          <BodyPartID>AutomatonHand</BodyPartID>
          <MaterialID>MATERIALID_NONE</MaterialID>
          <TemplateMaterialIndex>0</TemplateMaterialIndex>
          <ToHitWeight>0.1</ToHitWeight>
          <Limb>true</Limb>
          <Hand>true</Hand>
          <Tile>
            <BodyTiles>
              <TileDetails>
                <SpriteID>HandRight</SpriteID>
              </TileDetails>
            </BodyTiles>
            <NeuterDecoration>
              <TileDetails>
                <SpriteID>AutomatonHandHighlightRight</SpriteID>
                <UseSkinColor>false</UseSkinColor>
              </TileDetails>
            </NeuterDecoration>
            <DrawOrder>3</DrawOrder>
            <Offset>7 4</Offset>
          </Tile>
        </ConnectsTo>
      </ConnectsTo>
    </MainBody>
  </Item>
</Bodies>
