﻿<?xml version="1.0" encoding="utf-8" ?>
<BodyParts>
  <!--Item:
        ID: ID of body part to be used in body.xml
        Name: Name of part. Used in the combat log
        MaterialID: ID of material for this part
        TemplateMaterialIndex (Optional): Index into template materials to get material ID.  Overwrites MaterialID if used
        BodyFunction (Optional): Supports Thought, Circulation, Sight, Breathe, Throat, Structure, Motor, Grip, Stand
        BodyProperties (Optional): Supports Splinters, HasBlood, HasArtery, Nauseates.  Use commas to separate multiple properties
        Thickness (Optional): Default is 1.0. Increases amount of damage this body part can sustain linearly.
        ToHitWeight (Optional): Default is 1.0.  Weight that this body part will be hit in combat if the section it's in is hit
        HarvestedItem (Optional): ID of item that can be harvested when butchering from this body part.  Material of item is the material of this body part
        HarvestedQuantity (Optional): Default is 1.  Quantity of harvested item
        Symmetrical (Optional): Default is false.  If true, generates a left and right of this body part
        Contains (Optional): Additional body parts that are inside this one.  ID is not needed for these internal body parts
        NaturalWeapon (Optional):
          Name: Name of weapon.          
          MaterialID: Material of weapon
          TemplateMaterialIndex (Optional): Index into template materials.  Overwrites MaterialID if used
          Size: Size of weapon.  Used to calculate damage
          WeaponDef:
            Skill: Associated skill used for this weapon
            AttackMove: Supports an arbitrary number of these
              Verb: Used in combat log
              SFXEventName (optional): sound effect that fires for this attack
              AttackType: Type of attack.  Used for defending against this attack.  Available types - Swing, Thrust, HandToHand, Projectile
              AttackTime (optional, seconds): Default is 3.  Time before another attack can be attempted after this one
              AttackRange (optional) [min, max] values are in distance squared: Defines min and max distance attack can be used.
              RequiresAmmo (optional): Default is false.  If true, requires ammo to be available and consumes on use
              Weight (optional): Weight that this attack will be selected
              MinimumSkillLevel (optional): Minimum skill level before this attack can be made
              DamageScale (optional): Multiplier that scales damage for this attack
              Damage:  Type of damage this weapon applies. Supports multiple.  Damage is applied in order listed.  ex, Claymore will first do slash damage then apply blunt damage.  If slash damage cuts through a layer (skin, muscle), blunt damage will be applied to the next layer
            TargetedAttackMove (optional): Supports an arbitrary number
              TargetedMaterial: Material which determines if this attack will be used
              AttackDef:  AttackMove defined above
            DefendMove (optional): Supports an arbitrary number
              Verb: Used in combat log
              SFXEventName (optional): sound effect that fires for this defend move        
              DefendTime (optional, seconds): Default is 1.  Time before this weapon can be used to defend with again
              AttackDelay (optional, seconds): Default is 1.  Delays next attack by this amount when defending.
              DefendType: Supports an arbitrary number of these.  AttackType that this move can defend against
            Point (optional): Default is 0.  Used for determining damage of pierce attacks
            Edge (optional): Default is 0.   Used for determining damage of slash attacks
            BluntModifier (optional): Default is 1. Used for determining damage of blunt attacks
            ProjectileModifier (optional): Default is 1.  Used for determing damage of ranged attacks
            VelocityModifier (optional): Default is 1.  Used for determining damage of melee attacks as well as difficulty to defend against this weapon
            KnockbackModifier (optional): Default is 0.  Determines chance of knocking an enemy back when hit
            AmmoItemID (optional): ItemID of ammo used by this weapon for ranged attacks
  -->
  <Item>
    <ID>GnomeUpperBody</ID>
    <Name>skin</Name>
    <MaterialID>StandardSkin</MaterialID>
    <BodyProperties>HasBlood</BodyProperties>
    <Contains>
      <Name>ribs</Name>
      <MaterialID>StandardBone</MaterialID>
      <BodyProperties>Splinters</BodyProperties>
      <Contains>
        <Name>lung</Name>
        <MaterialID>StandardWeakFlesh</MaterialID>
        <BodyFunction>Breathe</BodyFunction>
        <Symmetrical>true</Symmetrical>
      </Contains>
      <Contains>
        <Name>heart</Name>
        <MaterialID>StandardWeakFlesh</MaterialID>
        <BodyFunction>Circulation</BodyFunction>
        <ToHitWeight>0.5</ToHitWeight>
      </Contains>
    </Contains>
  </Item>
  <Item>
    <ID>GnomeLowerBody</ID>
    <Name>skin</Name>
    <MaterialID>StandardSkin</MaterialID>
    <BodyProperties>HasBlood</BodyProperties>
    <Contains>
      <Name>abdominal muscles</Name>
      <MaterialID>StandardStrongFlesh</MaterialID>
      <BodyProperties>HasBlood, HasArtery</BodyProperties>
      <Contains>
        <Name>guts</Name>
        <MaterialID>StandardWeakFlesh</MaterialID>
        <BodyFunction>InternalOrgan</BodyFunction>
        <BodyProperties>HasBlood, HasArtery, Nauseates</BodyProperties>
      </Contains>
    </Contains>
  </Item>
  <Item>
    <ID>GnomeHead</ID>
    <Name>skin</Name>
    <MaterialID>StandardSkin</MaterialID>
    <BodyProperties>HasBlood</BodyProperties>
    <Contains>
      <Name>skull</Name>
      <MaterialID>StandardShell</MaterialID>
      <BodyFunction>Structure</BodyFunction>
      <HarvestedItem>Skull</HarvestedItem>
      <HarvestedQuantity>1</HarvestedQuantity>
      <Contains>
        <Name>brain</Name>
        <MaterialID>StandardWeakFlesh</MaterialID>
        <BodyFunction>Thought</BodyFunction>
      </Contains>
    </Contains>
  </Item>
  <Item>
    <ID>GnomeEye</ID>
    <Name>eye</Name>
    <MaterialID>StandardWeakFlesh</MaterialID>
    <BodyFunction>Sight</BodyFunction>
    <Symmetrical>true</Symmetrical>
  </Item>
  <Item>
    <ID>GnomeMouth</ID>
    <Name>jaw</Name>
    <MaterialID>StandardBone</MaterialID>
    <NaturalWeapon>
      <Name></Name>
      <MaterialID>StandardBone</MaterialID>
      <Size>5</Size>
      <WeaponDef>
        <Skill>NaturalAttack</Skill>
        <AttackMove>
          <Verb>bites</Verb>
          <AttackType>HandToHand</AttackType>
          <Damage>Pierce</Damage>
          <Damage>Blunt</Damage>
        </AttackMove>
        <Point>1</Point>
        <PenetrationDepth>1</PenetrationDepth>
        <VelocityModifier>0.25</VelocityModifier>
      </WeaponDef>
    </NaturalWeapon>
  </Item>
  <Item>
    <ID>GnomeNeck</ID>
    <Name>skin</Name>
    <MaterialID>StandardSkin</MaterialID>
    <BodyProperties>HasBlood, HasArtery</BodyProperties>
    <Contains>
      <Name>throat</Name>
      <MaterialID>StandardWeakFlesh</MaterialID>
      <BodyFunction>Throat</BodyFunction>
    </Contains>
  </Item>
  <Item>
    <ID>GnomeArm</ID>
    <Name>skin</Name>
    <MaterialID>StandardSkin</MaterialID>
    <BodyProperties>HasBlood</BodyProperties>
    <Symmetrical>true</Symmetrical>
    <Contains>
      <Name>muscle</Name>
      <MaterialID>StandardStrongFlesh</MaterialID>
      <BodyFunction>Motor</BodyFunction>
      <BodyProperties>HasBlood, HasArtery</BodyProperties>
      <HarvestedItem>Meat</HarvestedItem>
      <HarvestedQuantity>1</HarvestedQuantity>
      <Contains>
        <Name>bone</Name>
        <MaterialID>StandardBone</MaterialID>
        <BodyFunction>Structure</BodyFunction>
      </Contains>
    </Contains>
  </Item>
  <Item>
    <ID>GnomeLeg</ID>
    <Name>skin</Name>
    <MaterialID>StandardSkin</MaterialID>
    <BodyProperties>HasBlood</BodyProperties>
    <Symmetrical>true</Symmetrical>
    <Contains>
      <Name>muscle</Name>
      <MaterialID>StandardStrongFlesh</MaterialID>
      <BodyFunction>Motor</BodyFunction>
      <BodyProperties>HasBlood, HasArtery</BodyProperties>
      <HarvestedItem>Meat</HarvestedItem>
      <HarvestedQuantity>1</HarvestedQuantity>
      <Contains>
        <Name>bone</Name>
        <MaterialID>StandardBone</MaterialID>
        <BodyFunction>Structure</BodyFunction>
      </Contains>
    </Contains>
  </Item>
  <Item>
    <ID>GnomeHand</ID>
    <Name>skin</Name>
    <MaterialID>StandardSkin</MaterialID>
    <BodyProperties>HasBlood</BodyProperties>
    <Contains>
      <Name>bone</Name>
      <MaterialID>StandardBone</MaterialID>
      <BodyFunction>Structure</BodyFunction>
      <BodyProperties>Splinters</BodyProperties>
      <Contains>
        <Name>muscle</Name>
        <MaterialID>StandardStrongFlesh</MaterialID>
        <BodyFunction>Grip</BodyFunction>
        <BodyProperties>HasBlood</BodyProperties>
      </Contains>
    </Contains>
    <NaturalWeapon>
      <Name></Name>
      <MaterialID>StandardBone</MaterialID>
      <Size>15</Size>
      <WeaponDef>
        <Skill>NaturalAttack</Skill>
        <AttackMove>
          <Verb>punches</Verb>
          <AttackType>HandToHand</AttackType>
          <Damage>Blunt</Damage>
        </AttackMove>
        <VelocityModifier>1</VelocityModifier>
      </WeaponDef>
    </NaturalWeapon>
  </Item>
  <Item>
    <ID>GnomeFoot</ID>
    <Name>skin</Name>
    <MaterialID>StandardSkin</MaterialID>
    <BodyProperties>HasBlood</BodyProperties>
    <Contains>
      <Name>bone</Name>
      <MaterialID>StandardBone</MaterialID>
      <BodyFunction>Structure</BodyFunction>
      <BodyProperties>Splinters</BodyProperties>
      <Contains>
        <Name>muscle</Name>
        <MaterialID>StandardStrongFlesh</MaterialID>
        <BodyFunction>Stand</BodyFunction>
        <BodyProperties>HasBlood</BodyProperties>
      </Contains>
    </Contains>
    <NaturalWeapon>
      <Name></Name>
      <MaterialID>StandardBone</MaterialID>
      <Size>30</Size>
      <WeaponDef>
        <Skill>NaturalAttack</Skill>
        <AttackMove>
          <Verb>kicks</Verb>
          <AttackType>HandToHand</AttackType>
          <Damage>Blunt</Damage>
        </AttackMove>
        <VelocityModifier>0.8</VelocityModifier>
      </WeaponDef>
    </NaturalWeapon>
  </Item>
  <Item>
    <ID>AlpacaUpperBody</ID>
    <Name>hide</Name>
    <MaterialID>AlpacaHide</MaterialID>
    <BodyProperties>HasBlood</BodyProperties>
    <HarvestedItem>RawHide</HarvestedItem>
    <HarvestedQuantity>2</HarvestedQuantity>
    <Contains>
      <Name>ribs</Name>
      <MaterialID>AlpacaBone</MaterialID>
      <BodyProperties>Splinters</BodyProperties>
      <HarvestedItem>Bone</HarvestedItem>
      <HarvestedQuantity>6</HarvestedQuantity>
      <Contains>
        <Name>lung</Name>
        <MaterialID>StandardWeakFlesh</MaterialID>
        <BodyFunction>Breathe</BodyFunction>
        <Symmetrical>true</Symmetrical>
      </Contains>
      <Contains>
        <Name>heart</Name>
        <MaterialID>StandardWeakFlesh</MaterialID>
        <BodyFunction>Circulation</BodyFunction>
        <ToHitWeight>0.5</ToHitWeight>
      </Contains>
    </Contains>
  </Item>
  <Item>
    <ID>AlpacaLowerBody</ID>
    <Name>hide</Name>
    <MaterialID>AlpacaHide</MaterialID>
    <BodyProperties>HasBlood</BodyProperties>
    <HarvestedItem>RawHide</HarvestedItem>
    <HarvestedQuantity>2</HarvestedQuantity>
    <Contains>
      <Name>abdominal muscles</Name>
      <MaterialID>AlpacaFlesh</MaterialID>
      <BodyProperties>HasBlood, HasArtery</BodyProperties>
      <Contains>
        <Name>guts</Name>
        <MaterialID>StandardWeakFlesh</MaterialID>
        <BodyFunction>InternalOrgan</BodyFunction>
        <BodyProperties>HasBlood, HasArtery, Nauseates</BodyProperties>
      </Contains>
    </Contains>
  </Item>
  <Item>
    <ID>AlpacaHead</ID>
    <Name>hide</Name>
    <MaterialID>AlpacaHide</MaterialID>
    <BodyProperties>HasBlood</BodyProperties>
    <Contains>
      <Name>skull</Name>
      <MaterialID>AlpacaSkull</MaterialID>
      <BodyFunction>Structure</BodyFunction>
      <HarvestedItem>Skull</HarvestedItem>
      <Contains>
        <Name>brain</Name>
        <MaterialID>StandardWeakFlesh</MaterialID>
        <BodyFunction>Thought</BodyFunction>
      </Contains>
    </Contains>
  </Item>
  <Item>
    <ID>AlpacaNeck</ID>
    <Name>hide</Name>
    <MaterialID>AlpacaHide</MaterialID>
    <BodyProperties>HasBlood, HasArtery</BodyProperties>
    <Contains>
      <Name>throat</Name>
      <MaterialID>StandardWeakFlesh</MaterialID>
      <BodyFunction>Throat</BodyFunction>
    </Contains>
  </Item>
  <Item>
    <ID>AlpacaLeg</ID>
    <Name>hide</Name>
    <MaterialID>AlpacaHide</MaterialID>
    <BodyProperties>HasBlood</BodyProperties>
    <HarvestedItem>RawHide</HarvestedItem>
    <HarvestedQuantity>1</HarvestedQuantity>
    <Symmetrical>true</Symmetrical>
    <Contains>
      <Name>muscle</Name>
      <MaterialID>AlpacaFlesh</MaterialID>
      <BodyFunction>Motor</BodyFunction>
      <BodyProperties>HasBlood, HasArtery</BodyProperties>
      <HarvestedItem>Meat</HarvestedItem>
      <HarvestedQuantity>2</HarvestedQuantity>
      <Contains>
        <Name>bone</Name>
        <MaterialID>AlpacaBone</MaterialID>
        <BodyFunction>Structure</BodyFunction>
        <HarvestedItem>Bone</HarvestedItem>
      </Contains>
    </Contains>
  </Item>
  <Item>
    <ID>AlpacaHoof</ID>
    <Name>bone</Name>
    <MaterialID>AlpacaBone</MaterialID>
    <BodyFunction>Stand</BodyFunction>
    <NaturalWeapon>
      <Name></Name>
      <MaterialID>AlpacaBone</MaterialID>
      <Size>10</Size>
      <WeaponDef>
        <Skill>NaturalAttack</Skill>
        <AttackMove>
          <Verb>kicks</Verb>
          <AttackType>HandToHand</AttackType>
          <AttackTime>6</AttackTime>
          <Damage>Blunt</Damage>
        </AttackMove>
        <Edge>1</Edge>
        <VelocityModifier>1</VelocityModifier>
      </WeaponDef>
    </NaturalWeapon>
  </Item>
  <Item>
    <ID>YakUpperBody</ID>
    <Name>hide</Name>
    <MaterialID>YakHide</MaterialID>
    <BodyProperties>HasBlood</BodyProperties>
    <HarvestedItem>RawHide</HarvestedItem>
    <HarvestedQuantity>3</HarvestedQuantity>
    <Contains>
      <Name>ribs</Name>
      <MaterialID>YakBone</MaterialID>
      <BodyProperties>Splinters</BodyProperties>
      <HarvestedItem>Bone</HarvestedItem>
      <HarvestedQuantity>6</HarvestedQuantity>
      <Contains>
        <Name>lung</Name>
        <MaterialID>StandardWeakFlesh</MaterialID>
        <BodyFunction>Breathe</BodyFunction>
        <Symmetrical>true</Symmetrical>
      </Contains>
      <Contains>
        <Name>heart</Name>
        <MaterialID>StandardWeakFlesh</MaterialID>
        <BodyFunction>Circulation</BodyFunction>
        <ToHitWeight>0.5</ToHitWeight>
      </Contains>
    </Contains>
  </Item>
  <Item>
    <ID>YakLowerBody</ID>
    <Name>hide</Name>
    <MaterialID>YakHide</MaterialID>
    <BodyProperties>HasBlood</BodyProperties>
    <HarvestedItem>RawHide</HarvestedItem>
    <HarvestedQuantity>3</HarvestedQuantity>
    <Contains>
      <Name>abdominal muscles</Name>
      <MaterialID>YakFlesh</MaterialID>
      <BodyProperties>HasBlood, HasArtery</BodyProperties>
      <Contains>
        <Name>guts</Name>
        <MaterialID>StandardWeakFlesh</MaterialID>
        <BodyFunction>InternalOrgan</BodyFunction>
        <BodyProperties>HasBlood, HasArtery, Nauseates</BodyProperties>
      </Contains>
    </Contains>
  </Item>
  <Item>
    <ID>YakHead</ID>
    <Name>hide</Name>
    <MaterialID>YakHide</MaterialID>
    <BodyProperties>HasBlood</BodyProperties>
    <Contains>
      <Name>skull</Name>
      <MaterialID>YakSkull</MaterialID>
      <BodyFunction>Structure</BodyFunction>
      <HarvestedItem>Skull</HarvestedItem>
      <Contains>
        <Name>brain</Name>
        <MaterialID>StandardWeakFlesh</MaterialID>
        <BodyFunction>Thought</BodyFunction>
      </Contains>
    </Contains>
  </Item>
  <Item>
    <ID>YakNeck</ID>
    <Name>hide</Name>
    <MaterialID>YakHide</MaterialID>
    <BodyProperties>HasBlood, HasArtery</BodyProperties>
    <Contains>
      <Name>throat</Name>
      <MaterialID>StandardWeakFlesh</MaterialID>
      <BodyFunction>Throat</BodyFunction>
    </Contains>
  </Item>
  <Item>
    <ID>YakLeg</ID>
    <Name>hide</Name>
    <MaterialID>YakHide</MaterialID>
    <BodyProperties>HasBlood</BodyProperties>
    <HarvestedItem>RawHide</HarvestedItem>
    <HarvestedQuantity>1</HarvestedQuantity>
    <Symmetrical>true</Symmetrical>
    <Contains>
      <Name>muscle</Name>
      <MaterialID>YakFlesh</MaterialID>
      <BodyFunction>Motor</BodyFunction>
      <BodyProperties>HasBlood, HasArtery</BodyProperties>
      <HarvestedItem>Meat</HarvestedItem>
      <HarvestedQuantity>3</HarvestedQuantity>
      <Contains>
        <Name>bone</Name>
        <MaterialID>YakBone</MaterialID>
        <BodyFunction>Structure</BodyFunction>
        <HarvestedItem>Bone</HarvestedItem>
      </Contains>
    </Contains>
  </Item>
  <Item>
    <ID>YakHoof</ID>
    <Name>bone</Name>
    <MaterialID>YakBone</MaterialID>
    <BodyFunction>Stand</BodyFunction>
    <NaturalWeapon>
      <Name></Name>
      <MaterialID>YakBone</MaterialID>
      <Size>10</Size>
      <WeaponDef>
        <Skill>NaturalAttack</Skill>
        <AttackMove>
          <Verb>kicks</Verb>
          <AttackType>HandToHand</AttackType>
          <AttackTime>6</AttackTime>
          <Damage>Blunt</Damage>
        </AttackMove>
        <Edge>1</Edge>
        <VelocityModifier>1</VelocityModifier>
      </WeaponDef>
    </NaturalWeapon>
  </Item>
  <Item>
    <ID>EmuUpperBody</ID>
    <Name>skin</Name>
    <MaterialID>EmuHide</MaterialID>
    <BodyProperties>HasBlood</BodyProperties>
    <HarvestedItem>RawHide</HarvestedItem>
    <HarvestedQuantity>3</HarvestedQuantity>
    <Contains>
      <Name>ribs</Name>
      <MaterialID>EmuBone</MaterialID>
      <BodyProperties>Splinters</BodyProperties>
      <HarvestedItem>Bone</HarvestedItem>
      <HarvestedQuantity>6</HarvestedQuantity>
      <Contains>
        <Name>lung</Name>
        <MaterialID>StandardWeakFlesh</MaterialID>
        <BodyFunction>Breathe</BodyFunction>
        <Symmetrical>true</Symmetrical>
      </Contains>
      <Contains>
        <Name>heart</Name>
        <MaterialID>StandardWeakFlesh</MaterialID>
        <BodyFunction>Circulation</BodyFunction>
        <ToHitWeight>0.5</ToHitWeight>
      </Contains>
    </Contains>
  </Item>
  <Item>
    <ID>EmuHead</ID>
    <Name>skin</Name>
    <MaterialID>EmuHide</MaterialID>
    <BodyProperties>HasBlood</BodyProperties>
    <Contains>
      <Name>skull</Name>
      <MaterialID>EmuSkull</MaterialID>
      <BodyFunction>Structure</BodyFunction>
      <HarvestedItem>Skull</HarvestedItem>
      <Contains>
        <Name>brain</Name>
        <MaterialID>StandardWeakFlesh</MaterialID>
        <BodyFunction>Thought</BodyFunction>
      </Contains>
    </Contains>
  </Item>
  <Item>
    <ID>EmuBeak</ID>
    <Name>beak</Name>
    <MaterialID>EmuBone</MaterialID>
    <NaturalWeapon>
      <Name></Name>
      <MaterialID>EmuBone</MaterialID>
      <Size>15</Size>
      <WeaponDef>
        <Skill>NaturalAttack</Skill>
        <AttackMove>
          <Verb>pecks</Verb>
          <AttackType>HandToHand</AttackType>
          <Damage>Pierce</Damage>
          <Damage>Blunt</Damage>
        </AttackMove>
        <Point>1</Point>
        <PenetrationDepth>1</PenetrationDepth>
        <VelocityModifier>0.25</VelocityModifier>
      </WeaponDef>
    </NaturalWeapon>
  </Item>
  <Item>
    <ID>EmuNeck</ID>
    <Name>skin</Name>
    <MaterialID>EmuHide</MaterialID>
    <BodyProperties>HasBlood, HasArtery</BodyProperties>
    <Contains>
      <Name>throat</Name>
      <MaterialID>StandardWeakFlesh</MaterialID>
      <BodyFunction>Throat</BodyFunction>
    </Contains>
  </Item>
  <Item>
    <ID>EmuLeg</ID>
    <Name>skin</Name>
    <MaterialID>EmuHide</MaterialID>
    <BodyProperties>HasBlood</BodyProperties>
    <Symmetrical>true</Symmetrical>
    <Contains>
      <Name>muscle</Name>
      <MaterialID>EmuFlesh</MaterialID>
      <BodyFunction>Motor</BodyFunction>
      <BodyProperties>HasBlood, HasArtery</BodyProperties>
      <Contains>
        <Name>bone</Name>
        <MaterialID>EmuBone</MaterialID>
        <BodyFunction>Structure</BodyFunction>
        <HarvestedItem>Bone</HarvestedItem>
      </Contains>
    </Contains>
  </Item>
  <Item>
    <ID>EmuWing</ID>
    <Name>skin</Name>
    <MaterialID>EmuHide</MaterialID>
    <BodyProperties>HasBlood</BodyProperties>
    <Symmetrical>true</Symmetrical>
    <Contains>
      <Name>muscle</Name>
      <MaterialID>EmuFlesh</MaterialID>
      <BodyFunction>Motor</BodyFunction>
      <BodyProperties>HasBlood, HasArtery</BodyProperties>
      <HarvestedItem>Meat</HarvestedItem>
      <HarvestedQuantity>3</HarvestedQuantity>
      <Contains>
        <Name>bone</Name>
        <MaterialID>EmuBone</MaterialID>
        <BodyFunction>Structure</BodyFunction>
        <HarvestedItem>Bone</HarvestedItem>
      </Contains>
    </Contains>
  </Item>
  <Item>
    <ID>EmuClaw</ID>
    <Name>skin</Name>
    <MaterialID>StandardSkin</MaterialID>
    <BodyProperties>HasBlood</BodyProperties>
    <Contains>
      <Name>bone</Name>
      <MaterialID>EmuBone</MaterialID>
      <BodyFunction>Structure</BodyFunction>
      <BodyProperties>Splinters</BodyProperties>
      <Contains>
        <Name>muscle</Name>
        <MaterialID>EmuFlesh</MaterialID>
        <BodyFunction>Grip</BodyFunction>
        <BodyProperties>HasBlood, HasArtery</BodyProperties>
      </Contains>
    </Contains>
    <NaturalWeapon>
      <Name></Name>
      <MaterialID>EmuBone</MaterialID>
      <Size>10</Size>
      <WeaponDef>
        <Skill>NaturalAttack</Skill>
        <AttackMove>
          <Verb>claws</Verb>
          <AttackType>HandToHand</AttackType>
          <Damage>Slash</Damage>
        </AttackMove>
        <Edge>1</Edge>
        <VelocityModifier>1</VelocityModifier>
      </WeaponDef>
    </NaturalWeapon>
  </Item>
  <Item>
    <ID>HoneyBadgerUpperBody</ID>
    <Name>hide</Name>
    <MaterialID>HoneyBadgerHide</MaterialID>
    <BodyProperties>HasBlood</BodyProperties>
    <HarvestedItem>RawHide</HarvestedItem>
    <HarvestedQuantity>2</HarvestedQuantity>
    <Contains>
      <Name>ribs</Name>
      <MaterialID>HoneyBadgerBone</MaterialID>
      <BodyProperties>Splinters</BodyProperties>
      <HarvestedItem>Bone</HarvestedItem>
      <HarvestedQuantity>6</HarvestedQuantity>
      <Contains>
        <Name>lung</Name>
        <MaterialID>StandardWeakFlesh</MaterialID>
        <BodyFunction>Breathe</BodyFunction>
        <Symmetrical>true</Symmetrical>
      </Contains>
      <Contains>
        <Name>heart</Name>
        <MaterialID>StandardWeakFlesh</MaterialID>
        <BodyFunction>Circulation</BodyFunction>
        <ToHitWeight>0.5</ToHitWeight>
      </Contains>
    </Contains>
  </Item>
  <Item>
    <ID>HoneyBadgerLowerBody</ID>
    <Name>hide</Name>
    <MaterialID>HoneyBadgerHide</MaterialID>
    <BodyProperties>HasBlood</BodyProperties>
    <HarvestedItem>RawHide</HarvestedItem>
    <HarvestedQuantity>2</HarvestedQuantity>
    <Contains>
      <Name>abdominal muscles</Name>
      <MaterialID>HoneyBadgerFlesh</MaterialID>
      <BodyProperties>HasBlood, HasArtery</BodyProperties>
      <Contains>
        <Name>guts</Name>
        <MaterialID>StandardWeakFlesh</MaterialID>
        <BodyFunction>InternalOrgan</BodyFunction>
        <BodyProperties>HasBlood, HasArtery, Nauseates</BodyProperties>
      </Contains>
    </Contains>
  </Item>
  <Item>
    <ID>HoneyBadgerHead</ID>
    <Name>hide</Name>
    <MaterialID>HoneyBadgerHide</MaterialID>
    <BodyProperties>HasBlood</BodyProperties>
    <Contains>
      <Name>skull</Name>
      <MaterialID>HoneyBadgerSkull</MaterialID>
      <BodyFunction>Structure</BodyFunction>
      <HarvestedItem>Skull</HarvestedItem>
      <Contains>
        <Name>brain</Name>
        <MaterialID>StandardWeakFlesh</MaterialID>
        <BodyFunction>Thought</BodyFunction>
      </Contains>
    </Contains>
  </Item>
  <Item>
    <ID>HoneyBadgerMouth</ID>
    <Name>jaw</Name>
    <MaterialID>HoneyBadgerBone</MaterialID>
    <NaturalWeapon>
      <Name></Name>
      <MaterialID>HoneyBadgerBone</MaterialID>
      <Size>15</Size>
      <WeaponDef>
        <Skill>NaturalAttack</Skill>
        <AttackMove>
          <Verb>bites</Verb>
          <AttackType>HandToHand</AttackType>
          <Damage>Pierce</Damage>
          <Damage>Blunt</Damage>
        </AttackMove>
        <Point>1</Point>
        <PenetrationDepth>1</PenetrationDepth>
        <VelocityModifier>1.0</VelocityModifier>
      </WeaponDef>
    </NaturalWeapon>
  </Item>
  <Item>
    <ID>HoneyBadgerNeck</ID>
    <Name>hide</Name>
    <MaterialID>HoneyBadgerHide</MaterialID>
    <BodyProperties>HasBlood, HasArtery</BodyProperties>
    <Contains>
      <Name>throat</Name>
      <MaterialID>StandardWeakFlesh</MaterialID>
      <BodyFunction>Throat</BodyFunction>
    </Contains>
  </Item>
  <Item>
    <ID>HoneyBadgerArm</ID>
    <Name>hide</Name>
    <MaterialID>HoneyBadgerHide</MaterialID>
    <BodyProperties>HasBlood</BodyProperties>
    <Symmetrical>true</Symmetrical>
    <Contains>
      <Name>muscle</Name>
      <MaterialID>HoneyBadgerFlesh</MaterialID>
      <BodyFunction>Motor</BodyFunction>
      <BodyProperties>HasBlood, HasArtery</BodyProperties>
      <HarvestedItem>Meat</HarvestedItem>
      <HarvestedQuantity>1</HarvestedQuantity>
      <Contains>
        <Name>bone</Name>
        <MaterialID>HoneyBadgerBone</MaterialID>
        <BodyFunction>Structure</BodyFunction>
        <HarvestedItem>Bone</HarvestedItem>
      </Contains>
    </Contains>
  </Item>
  <Item>
    <ID>HoneyBadgerLeg</ID>
    <Name>hide</Name>
    <MaterialID>HoneyBadgerHide</MaterialID>
    <BodyProperties>HasBlood</BodyProperties>
    <Symmetrical>true</Symmetrical>
    <Contains>
      <Name>muscle</Name>
      <MaterialID>HoneyBadgerFlesh</MaterialID>
      <BodyFunction>Motor</BodyFunction>
      <BodyProperties>HasBlood, HasArtery</BodyProperties>
      <HarvestedItem>Meat</HarvestedItem>
      <HarvestedQuantity>1</HarvestedQuantity>
      <Contains>
        <Name>bone</Name>
        <MaterialID>HoneyBadgerBone</MaterialID>
        <BodyFunction>Structure</BodyFunction>
        <HarvestedItem>Bone</HarvestedItem>
      </Contains>
    </Contains>
  </Item>
  <Item>
    <ID>HoneyBadgerHand</ID>
    <Name>hide</Name>
    <MaterialID>HoneyBadgerHide</MaterialID>
    <BodyProperties>HasBlood</BodyProperties>
    <Contains>
      <Name>bone</Name>
      <MaterialID>HoneyBadgerBone</MaterialID>
      <BodyFunction>Structure</BodyFunction>
      <BodyProperties>Splinters</BodyProperties>
      <Contains>
        <Name>muscle</Name>
        <MaterialID>HoneyBadgerFlesh</MaterialID>
        <BodyProperties>HasBlood</BodyProperties>
      </Contains>
    </Contains>
    <NaturalWeapon>
      <Name></Name>
      <MaterialID>HoneyBadgerBone</MaterialID>
      <Size>10</Size>
      <WeaponDef>
        <Skill>NaturalAttack</Skill>
        <AttackMove>
          <Verb>scratches</Verb>
          <AttackType>HandToHand</AttackType>
          <Damage>Slash</Damage>
          <Damage>Pierce</Damage>
          <Damage>Blunt</Damage>
        </AttackMove>
        <Point>0.5</Point>
        <PenetrationDepth>1</PenetrationDepth>
        <Edge>1</Edge>
        <BluntModifier>0.75</BluntModifier>
        <VelocityModifier>1</VelocityModifier>
      </WeaponDef>
    </NaturalWeapon>
  </Item>
  <Item>
    <ID>HoneyBadgerFoot</ID>
    <Name>hide</Name>
    <MaterialID>HoneyBadgerHide</MaterialID>
    <BodyProperties>HasBlood</BodyProperties>
    <Contains>
      <Name>bone</Name>
      <MaterialID>HoneyBadgerBone</MaterialID>
      <BodyFunction>Structure</BodyFunction>
      <BodyProperties>Splinters</BodyProperties>
      <Contains>
        <Name>muscle</Name>
        <MaterialID>HoneyBadgerFlesh</MaterialID>
        <BodyFunction>Stand</BodyFunction>
        <BodyProperties>HasBlood</BodyProperties>
      </Contains>
    </Contains>
  </Item>
  <Item>
    <ID>MonitorLizardUpperBody</ID>
    <Name>hide</Name>
    <MaterialID>MonitorLizardHide</MaterialID>
    <BodyProperties>HasBlood</BodyProperties>
    <HarvestedItem>RawHide</HarvestedItem>
    <HarvestedQuantity>2</HarvestedQuantity>
    <Contains>
      <Name>ribs</Name>
      <MaterialID>MonitorLizardBone</MaterialID>
      <BodyProperties>Splinters</BodyProperties>
      <HarvestedItem>Bone</HarvestedItem>
      <HarvestedQuantity>6</HarvestedQuantity>
      <Contains>
        <Name>lung</Name>
        <MaterialID>StandardWeakFlesh</MaterialID>
        <BodyFunction>Breathe</BodyFunction>
        <Symmetrical>true</Symmetrical>
      </Contains>
      <Contains>
        <Name>heart</Name>
        <MaterialID>StandardWeakFlesh</MaterialID>
        <BodyFunction>Circulation</BodyFunction>
        <ToHitWeight>0.5</ToHitWeight>
      </Contains>
    </Contains>
  </Item>
  <Item>
    <ID>MonitorLizardLowerBody</ID>
    <Name>hide</Name>
    <MaterialID>MonitorLizardHide</MaterialID>
    <BodyProperties>HasBlood</BodyProperties>
    <HarvestedItem>RawHide</HarvestedItem>
    <HarvestedQuantity>2</HarvestedQuantity>
    <Contains>
      <Name>abdominal muscles</Name>
      <MaterialID>MonitorLizardFlesh</MaterialID>
      <BodyProperties>HasBlood, HasArtery</BodyProperties>
      <Contains>
        <Name>guts</Name>
        <MaterialID>StandardWeakFlesh</MaterialID>
        <BodyFunction>InternalOrgan</BodyFunction>
        <BodyProperties>HasBlood, HasArtery, Nauseates</BodyProperties>
      </Contains>
    </Contains>
  </Item>
  <Item>
    <ID>MonitorLizardHead</ID>
    <Name>hide</Name>
    <MaterialID>MonitorLizardHide</MaterialID>
    <BodyProperties>HasBlood</BodyProperties>
    <Contains>
      <Name>skull</Name>
      <MaterialID>MonitorLizardSkull</MaterialID>
      <BodyFunction>Structure</BodyFunction>
      <HarvestedItem>Skull</HarvestedItem>
      <Contains>
        <Name>brain</Name>
        <MaterialID>StandardWeakFlesh</MaterialID>
        <BodyFunction>Thought</BodyFunction>
      </Contains>
    </Contains>
  </Item>
  <Item>
    <ID>MonitorLizardMouth</ID>
    <Name>jaw</Name>
    <MaterialID>MonitorLizardBone</MaterialID>
    <NaturalWeapon>
      <Name></Name>
      <MaterialID>MonitorLizardBone</MaterialID>
      <Size>20</Size>
      <WeaponDef>
        <Skill>NaturalAttack</Skill>
        <AttackMove>
          <Verb>bites</Verb>
          <AttackType>HandToHand</AttackType>
          <Damage>Pierce</Damage>
          <Damage>Blunt</Damage>
        </AttackMove>
        <Point>1</Point>
        <PenetrationDepth>1</PenetrationDepth>
        <VelocityModifier>1.0</VelocityModifier>
      </WeaponDef>
    </NaturalWeapon>
  </Item>
  <Item>
    <ID>MonitorLizardNeck</ID>
    <Name>hide</Name>
    <MaterialID>MonitorLizardHide</MaterialID>
    <BodyProperties>HasBlood, HasArtery</BodyProperties>
    <Contains>
      <Name>throat</Name>
      <MaterialID>StandardWeakFlesh</MaterialID>
      <BodyFunction>Throat</BodyFunction>
    </Contains>
  </Item>
  <Item>
    <ID>MonitorLizardArm</ID>
    <Name>hide</Name>
    <MaterialID>MonitorLizardHide</MaterialID>
    <BodyProperties>HasBlood</BodyProperties>
    <Symmetrical>true</Symmetrical>
    <Contains>
      <Name>muscle</Name>
      <MaterialID>MonitorLizardFlesh</MaterialID>
      <BodyFunction>Motor</BodyFunction>
      <BodyProperties>HasBlood, HasArtery</BodyProperties>
      <HarvestedItem>Meat</HarvestedItem>
      <HarvestedQuantity>1</HarvestedQuantity>
      <Contains>
        <Name>bone</Name>
        <MaterialID>MonitorLizardBone</MaterialID>
        <BodyFunction>Structure</BodyFunction>
        <HarvestedItem>Bone</HarvestedItem>
      </Contains>
    </Contains>
  </Item>
  <Item>
    <ID>MonitorLizardLeg</ID>
    <Name>hide</Name>
    <MaterialID>MonitorLizardHide</MaterialID>
    <BodyProperties>HasBlood</BodyProperties>
    <Symmetrical>true</Symmetrical>
    <Contains>
      <Name>muscle</Name>
      <MaterialID>MonitorLizardFlesh</MaterialID>
      <BodyFunction>Motor</BodyFunction>
      <BodyProperties>HasBlood, HasArtery</BodyProperties>
      <HarvestedItem>Meat</HarvestedItem>
      <HarvestedQuantity>1</HarvestedQuantity>
      <Contains>
        <Name>bone</Name>
        <MaterialID>MonitorLizardBone</MaterialID>
        <BodyFunction>Structure</BodyFunction>
        <HarvestedItem>Bone</HarvestedItem>
      </Contains>
    </Contains>
  </Item>
  <Item>
    <ID>MonitorLizardTail</ID>
    <Name>hide</Name>
    <MaterialID>MonitorLizardHide</MaterialID>
    <BodyProperties>HasBlood</BodyProperties>
    <Symmetrical>true</Symmetrical>
    <Contains>
      <Name>muscle</Name>
      <MaterialID>MonitorLizardFlesh</MaterialID>
      <BodyFunction>Motor</BodyFunction>
      <BodyProperties>HasBlood, HasArtery</BodyProperties>
      <HarvestedItem>Meat</HarvestedItem>
      <HarvestedQuantity>1</HarvestedQuantity>
      <Contains>
        <Name>bone</Name>
        <MaterialID>MonitorLizardBone</MaterialID>
        <BodyFunction>Structure</BodyFunction>
        <HarvestedItem>Bone</HarvestedItem>
      </Contains>
    </Contains>
  </Item>
  <Item>
    <ID>MonitorLizardHand</ID>
    <Name>hide</Name>
    <MaterialID>MonitorLizardHide</MaterialID>
    <BodyProperties>HasBlood</BodyProperties>
    <Contains>
      <Name>bone</Name>
      <MaterialID>MonitorLizardBone</MaterialID>
      <BodyFunction>Structure</BodyFunction>
      <BodyProperties>Splinters</BodyProperties>
      <Contains>
        <Name>muscle</Name>
        <MaterialID>MonitorLizardFlesh</MaterialID>
        <BodyProperties>HasBlood</BodyProperties>
      </Contains>
    </Contains>
    <NaturalWeapon>
      <Name></Name>
      <MaterialID>MonitorLizardBone</MaterialID>
      <Size>15</Size>
      <WeaponDef>
        <Skill>NaturalAttack</Skill>
        <AttackMove>
          <Verb>scratches</Verb>
          <AttackType>HandToHand</AttackType>
          <Damage>Slash</Damage>
          <Damage>Pierce</Damage>
          <Damage>Blunt</Damage>
        </AttackMove>
        <Point>0.5</Point>
        <PenetrationDepth>1</PenetrationDepth>
        <Edge>1</Edge>
        <BluntModifier>0.75</BluntModifier>
        <VelocityModifier>1</VelocityModifier>
      </WeaponDef>
    </NaturalWeapon>
  </Item>
  <Item>
    <ID>MonitorLizardFoot</ID>
    <Name>hide</Name>
    <MaterialID>MonitorLizardHide</MaterialID>
    <BodyProperties>HasBlood</BodyProperties>
    <Contains>
      <Name>bone</Name>
      <MaterialID>MonitorLizardBone</MaterialID>
      <BodyFunction>Structure</BodyFunction>
      <BodyProperties>Splinters</BodyProperties>
      <Contains>
        <Name>muscle</Name>
        <MaterialID>MonitorLizardFlesh</MaterialID>
        <BodyFunction>Stand</BodyFunction>
        <BodyProperties>HasBlood</BodyProperties>
      </Contains>
    </Contains>
  </Item>
  <Item>
    <ID>BearUpperBody</ID>
    <Name>hide</Name>
    <MaterialID>BearHide</MaterialID>
    <BodyProperties>HasBlood</BodyProperties>
    <HarvestedItem>RawHide</HarvestedItem>
    <HarvestedQuantity>3</HarvestedQuantity>
    <Contains>
      <Name>ribs</Name>
      <MaterialID>BearBone</MaterialID>
      <BodyProperties>Splinters</BodyProperties>
      <HarvestedItem>Bone</HarvestedItem>
      <HarvestedQuantity>6</HarvestedQuantity>
      <Contains>
        <Name>lung</Name>
        <MaterialID>StandardWeakFlesh</MaterialID>
        <BodyFunction>Breathe</BodyFunction>
        <Symmetrical>true</Symmetrical>
      </Contains>
      <Contains>
        <Name>heart</Name>
        <MaterialID>StandardWeakFlesh</MaterialID>
        <BodyFunction>Circulation</BodyFunction>
        <ToHitWeight>0.5</ToHitWeight>
      </Contains>
    </Contains>
  </Item>
  <Item>
    <ID>BearLowerBody</ID>
    <Name>hide</Name>
    <MaterialID>BearHide</MaterialID>
    <BodyProperties>HasBlood</BodyProperties>
    <HarvestedItem>RawHide</HarvestedItem>
    <HarvestedQuantity>3</HarvestedQuantity>
    <Contains>
      <Name>abdominal muscles</Name>
      <MaterialID>BearFlesh</MaterialID>
      <BodyProperties>HasBlood, HasArtery</BodyProperties>
      <Contains>
        <Name>guts</Name>
        <MaterialID>StandardWeakFlesh</MaterialID>
        <BodyFunction>InternalOrgan</BodyFunction>
        <BodyProperties>HasBlood, HasArtery, Nauseates</BodyProperties>
      </Contains>
    </Contains>
  </Item>
  <Item>
    <ID>BearHead</ID>
    <Name>hide</Name>
    <MaterialID>BearHide</MaterialID>
    <BodyProperties>HasBlood</BodyProperties>
    <Contains>
      <Name>skull</Name>
      <MaterialID>BearSkull</MaterialID>
      <BodyFunction>Structure</BodyFunction>
      <HarvestedItem>Skull</HarvestedItem>
      <Contains>
        <Name>brain</Name>
        <MaterialID>StandardWeakFlesh</MaterialID>
        <BodyFunction>Thought</BodyFunction>
      </Contains>
    </Contains>
  </Item>
  <Item>
    <ID>BearMouth</ID>
    <Name>jaw</Name>
    <MaterialID>BearBone</MaterialID>
    <NaturalWeapon>
      <Name></Name>
      <MaterialID>BearBone</MaterialID>
      <Size>60</Size>
      <WeaponDef>
        <Skill>NaturalAttack</Skill>
        <AttackMove>
          <Verb>bites</Verb>
          <AttackType>HandToHand</AttackType>
          <Damage>Pierce</Damage>
          <Damage>Blunt</Damage>
        </AttackMove>
        <Point>1</Point>
        <PenetrationDepth>1</PenetrationDepth>
        <BluntModifier>1.0</BluntModifier>
        <VelocityModifier>1.0</VelocityModifier>
      </WeaponDef>
    </NaturalWeapon>
  </Item>
  <Item>
    <ID>BearNeck</ID>
    <Name>hide</Name>
    <MaterialID>BearHide</MaterialID>
    <BodyProperties>HasBlood, HasArtery</BodyProperties>
    <Contains>
      <Name>throat</Name>
      <MaterialID>StandardWeakFlesh</MaterialID>
      <BodyFunction>Throat</BodyFunction>
    </Contains>
  </Item>
  <Item>
    <ID>BearArm</ID>
    <Name>hide</Name>
    <MaterialID>BearHide</MaterialID>
    <BodyProperties>HasBlood</BodyProperties>
    <HarvestedItem>RawHide</HarvestedItem>
    <HarvestedQuantity>1</HarvestedQuantity>
    <Symmetrical>true</Symmetrical>
    <Contains>
      <Name>muscle</Name>
      <MaterialID>BearFlesh</MaterialID>
      <BodyFunction>Motor</BodyFunction>
      <BodyProperties>HasBlood, HasArtery</BodyProperties>
      <HarvestedItem>Meat</HarvestedItem>
      <HarvestedQuantity>3</HarvestedQuantity>
      <Contains>
        <Name>bone</Name>
        <MaterialID>BearBone</MaterialID>
        <BodyFunction>Structure</BodyFunction>
        <HarvestedItem>Bone</HarvestedItem>
      </Contains>
    </Contains>
  </Item>
  <Item>
    <ID>BearLeg</ID>
    <Name>hide</Name>
    <MaterialID>BearHide</MaterialID>
    <BodyProperties>HasBlood</BodyProperties>
    <HarvestedItem>RawHide</HarvestedItem>
    <HarvestedQuantity>1</HarvestedQuantity>
    <Symmetrical>true</Symmetrical>
    <Contains>
      <Name>muscle</Name>
      <MaterialID>BearFlesh</MaterialID>
      <BodyFunction>Motor</BodyFunction>
      <BodyProperties>HasBlood, HasArtery</BodyProperties>
      <HarvestedItem>Meat</HarvestedItem>
      <HarvestedQuantity>3</HarvestedQuantity>
      <Contains>
        <Name>bone</Name>
        <MaterialID>BearBone</MaterialID>
        <BodyFunction>Structure</BodyFunction>
        <HarvestedItem>Bone</HarvestedItem>
      </Contains>
    </Contains>
  </Item>
  <Item>
    <ID>BearHand</ID>
    <Name>hide</Name>
    <MaterialID>BearHide</MaterialID>
    <BodyProperties>HasBlood</BodyProperties>
    <Contains>
      <Name>bone</Name>
      <MaterialID>BearBone</MaterialID>
      <BodyFunction>Structure</BodyFunction>
      <BodyProperties>Splinters</BodyProperties>
      <Contains>
        <Name>muscle</Name>
        <MaterialID>BearFlesh</MaterialID>
        <BodyProperties>HasBlood</BodyProperties>
      </Contains>
    </Contains>
    <NaturalWeapon>
      <Name></Name>
      <MaterialID>BearBone</MaterialID>
      <Size>30</Size>
      <WeaponDef>
        <Skill>NaturalAttack</Skill>
        <AttackMove>
          <Verb>claws</Verb>
          <AttackType>HandToHand</AttackType>
          <Damage>Slash</Damage>
          <Damage>Pierce</Damage>
          <Damage>Blunt</Damage>
        </AttackMove>
        <Point>0.5</Point>
        <PenetrationDepth>1</PenetrationDepth>
        <Edge>1</Edge>
        <BluntModifier>0.75</BluntModifier>
        <VelocityModifier>1</VelocityModifier>
      </WeaponDef>
    </NaturalWeapon>
  </Item>
  <Item>
    <ID>BearFoot</ID>
    <Name>hide</Name>
    <MaterialID>BearHide</MaterialID>
    <BodyProperties>HasBlood</BodyProperties>
    <Contains>
      <Name>bone</Name>
      <MaterialID>BearBone</MaterialID>
      <BodyFunction>Structure</BodyFunction>
      <BodyProperties>Splinters</BodyProperties>
      <Contains>
        <Name>muscle</Name>
        <MaterialID>BearFlesh</MaterialID>
        <BodyFunction>Stand</BodyFunction>
        <BodyProperties>HasBlood</BodyProperties>
      </Contains>
    </Contains>
  </Item>
  <Item>
    <ID>SpiderCephalothorax</ID>
    <Name>chitin</Name>
    <MaterialID>ThickChitin</MaterialID>
    <Contains>
      <Name>stomach</Name>
      <MaterialID>StandardWeakFlesh</MaterialID>
      <BodyFunction>InternalOrgan</BodyFunction>
      <BodyProperties>HasBlood, HasArtery, Nauseates</BodyProperties>
    </Contains>
    <Contains>
      <Name>brain</Name>
      <MaterialID>StandardWeakFlesh</MaterialID>
      <BodyFunction>Thought</BodyFunction>
    </Contains>
  </Item>
  <Item>
    <ID>SpiderAbdomen</ID>
    <Name>chitin</Name>
    <MaterialID>ThickChitin</MaterialID>
    <BodyFunction>Structure</BodyFunction>
    <Contains>
      <Name>book lung</Name>
      <MaterialID>StandardWeakFlesh</MaterialID>
      <BodyFunction>Breathe</BodyFunction>
      <Symmetrical>true</Symmetrical>
    </Contains>
    <Contains>
      <Name>heart</Name>
      <MaterialID>StandardWeakFlesh</MaterialID>
      <BodyFunction>Circulation</BodyFunction>
      <ToHitWeight>0.5</ToHitWeight>
    </Contains>
    <Contains>
      <Name>trachea</Name>
      <MaterialID>StandardWeakFlesh</MaterialID>
      <BodyFunction>Throat</BodyFunction>
      <ToHitWeight>0.25</ToHitWeight>
    </Contains>
  </Item>
  <Item>
    <ID>SpiderLeg</ID>
    <Name>chitin</Name>
    <MaterialID>ThinChitin</MaterialID>
    <BodyFunction>Stand</BodyFunction>
  </Item>
  <Item>
    <ID>SpiderFang</ID>
    <Name>fangs</Name>
    <MaterialID>ThinChitin</MaterialID>
    <NaturalWeapon>
      <Name>fangs</Name>
      <MaterialID>ThinChitin</MaterialID>
      <Size>40</Size>
      <WeaponDef>
        <Skill>NaturalAttack</Skill>
        <AttackMove>
          <Verb>bites</Verb>
          <AttackType>HandToHand</AttackType>
          <AttackTime>2</AttackTime>
          <Damage>Pierce</Damage>
        </AttackMove>
        <Point>2</Point>
        <PenetrationDepth>1</PenetrationDepth>
        <VelocityModifier>2</VelocityModifier>
      </WeaponDef>
    </NaturalWeapon>
  </Item>
  <Item>
    <ID>SpiderStinger</ID>
    <Name></Name>
    <MaterialID>ThinChitin</MaterialID>
    <NaturalWeapon>
      <Name></Name>
      <MaterialID>ThinChitin</MaterialID>
      <Size>125</Size>
      <WeaponDef>
        <Skill>NaturalAttack</Skill>
        <AttackMove>
          <Verb>stings</Verb>
          <AttackType>HandToHand</AttackType>
          <AttackTime>6</AttackTime>
          <Damage>Pierce</Damage>
        </AttackMove>
        <Point>2</Point>
        <PenetrationDepth>1</PenetrationDepth>
        <VelocityModifier>2</VelocityModifier>
      </WeaponDef>
    </NaturalWeapon>
  </Item>
  <Item>
    <ID>GolemUpperBody</ID>
    <Name>body</Name>
    <MaterialID>MATERIALID_NONE</MaterialID>
    <TemplateMaterialIndex>0</TemplateMaterialIndex>
    <BodyFunction>Thought</BodyFunction>
    <Thickness>7.5</Thickness>
  </Item>
  <Item>
    <ID>GolemLowerBody</ID>
    <Name>body</Name>
    <MaterialID>MATERIALID_NONE</MaterialID>
    <TemplateMaterialIndex>0</TemplateMaterialIndex>
    <Thickness>7.5</Thickness>
  </Item>
  <Item>
    <ID>GolemArm</ID>
    <Name>arm</Name>
    <MaterialID>MATERIALID_NONE</MaterialID>
    <TemplateMaterialIndex>0</TemplateMaterialIndex>
    <BodyFunction>Structure</BodyFunction>
    <Thickness>7.5</Thickness>
  </Item>
  <Item>
    <ID>GolemLeg</ID>
    <Name>leg</Name>
    <MaterialID>MATERIALID_NONE</MaterialID>
    <TemplateMaterialIndex>0</TemplateMaterialIndex>
    <BodyFunction>Structure</BodyFunction>
    <Thickness>7.5</Thickness>
  </Item>
  <Item>
    <ID>GolemHand</ID>
    <Name>hand</Name>
    <MaterialID>MATERIALID_NONE</MaterialID>
    <TemplateMaterialIndex>0</TemplateMaterialIndex>
    <Thickness>7.5</Thickness>
    <NaturalWeapon>
      <Name></Name>
      <MaterialID>MATERIALID_NONE</MaterialID>
      <TemplateMaterialIndex>0</TemplateMaterialIndex>
      <Size>100</Size>
      <WeaponDef>
        <Skill>NaturalAttack</Skill>
        <AttackMove>
          <Verb>punches</Verb>
          <AttackType>HandToHand</AttackType>
          <Damage>Blunt</Damage>
        </AttackMove>
        <VelocityModifier>1</VelocityModifier>
      </WeaponDef>
    </NaturalWeapon>
  </Item>
  <Item>
    <ID>GolemFoot</ID>
    <Name>foot</Name>
    <MaterialID>MATERIALID_NONE</MaterialID>
    <TemplateMaterialIndex>0</TemplateMaterialIndex>
    <BodyFunction>Stand</BodyFunction>
    <Thickness>7.5</Thickness>
    <NaturalWeapon>
      <Name></Name>
      <MaterialID>MATERIALID_NONE</MaterialID>
      <TemplateMaterialIndex>0</TemplateMaterialIndex>
      <Size>125</Size>
      <WeaponDef>
        <Skill>NaturalAttack</Skill>
        <AttackMove>
          <Verb>stomps</Verb>
          <AttackType>HandToHand</AttackType>
          <Damage>Blunt</Damage>
        </AttackMove>
        <VelocityModifier>0.8</VelocityModifier>
      </WeaponDef>
    </NaturalWeapon>
  </Item>
  <Item>
    <ID>OgreUpperBody</ID>
    <Name>hide</Name>
    <MaterialID>OgreHide</MaterialID>
    <BodyProperties>HasBlood</BodyProperties>
    <HarvestedItem>RawHide</HarvestedItem>
    <HarvestedQuantity>2</HarvestedQuantity>
    <Contains>
      <Name>ribs</Name>
      <MaterialID>OgreBone</MaterialID>
      <BodyProperties>Splinters</BodyProperties>
      <Contains>
        <Name>lung</Name>
        <MaterialID>StandardWeakFlesh</MaterialID>
        <BodyFunction>Breathe</BodyFunction>
        <Symmetrical>true</Symmetrical>
      </Contains>
      <Contains>
        <Name>heart</Name>
        <MaterialID>StandardWeakFlesh</MaterialID>
        <BodyFunction>Circulation</BodyFunction>
        <ToHitWeight>0.5</ToHitWeight>
        <Symmetrical>true</Symmetrical>
      </Contains>
    </Contains>
  </Item>
  <Item>
    <ID>OgreLowerBody</ID>
    <Name>hide</Name>
    <MaterialID>OgreHide</MaterialID>
    <BodyProperties>HasBlood</BodyProperties>
    <HarvestedItem>RawHide</HarvestedItem>
    <HarvestedQuantity>2</HarvestedQuantity>
    <Contains>
      <Name>abdominal muscles</Name>
      <MaterialID>OgreFlesh</MaterialID>
      <BodyProperties>HasBlood, HasArtery</BodyProperties>
      <Contains>
        <Name>guts</Name>
        <MaterialID>StandardWeakFlesh</MaterialID>
        <BodyFunction>InternalOrgan</BodyFunction>
        <BodyProperties>HasBlood, HasArtery, Nauseates</BodyProperties>
      </Contains>
    </Contains>
  </Item>
  <Item>
    <ID>OgreHead</ID>
    <Name>hide</Name>
    <MaterialID>OgreHide</MaterialID>
    <BodyProperties>HasBlood</BodyProperties>
    <Contains>
      <Name>skull</Name>
      <MaterialID>OgreSkull</MaterialID>
      <BodyFunction>Structure</BodyFunction>
      <HarvestedItem>Skull</HarvestedItem>
      <HarvestedQuantity>1</HarvestedQuantity>
      <Contains>
        <Name>brain</Name>
        <MaterialID>StandardWeakFlesh</MaterialID>
        <BodyFunction>Thought</BodyFunction>
      </Contains>
    </Contains>
  </Item>
  <Item>
    <ID>OgreMouth</ID>
    <Name>jaw</Name>
    <MaterialID>OgreBone</MaterialID>
    <NaturalWeapon>
      <Name></Name>
      <MaterialID>OgreBone</MaterialID>
      <Size>30</Size>
      <WeaponDef>
        <Skill>NaturalAttack</Skill>
        <AttackMove>
          <Verb>bites</Verb>
          <AttackType>HandToHand</AttackType>
          <Damage>Pierce</Damage>
          <Damage>Blunt</Damage>
        </AttackMove>
        <Point>1</Point>
        <PenetrationDepth>1</PenetrationDepth>
        <VelocityModifier>0.25</VelocityModifier>
      </WeaponDef>
    </NaturalWeapon>
  </Item>
  <Item>
    <ID>OgreNeck</ID>
    <Name>hide</Name>
    <MaterialID>OgreHide</MaterialID>
    <BodyProperties>HasBlood, HasArtery</BodyProperties>
    <Contains>
      <Name>throat</Name>
      <MaterialID>StandardWeakFlesh</MaterialID>
      <BodyFunction>Throat</BodyFunction>
    </Contains>
  </Item>
  <Item>
    <ID>OgreArm</ID>
    <Name>hide</Name>
    <MaterialID>OgreHide</MaterialID>
    <BodyProperties>HasBlood</BodyProperties>
    <HarvestedItem>RawHide</HarvestedItem>
    <HarvestedQuantity>1</HarvestedQuantity>
    <Symmetrical>true</Symmetrical>      
    <Contains>
      <Name>muscle</Name>
      <MaterialID>OgreFlesh</MaterialID>
      <BodyFunction>Motor</BodyFunction>
      <BodyProperties>HasBlood, HasArtery</BodyProperties>
      <HarvestedItem>Meat</HarvestedItem>
      <HarvestedQuantity>2</HarvestedQuantity>
      <Contains>
        <Name>bone</Name>
        <MaterialID>OgreBone</MaterialID>
        <BodyFunction>Structure</BodyFunction>
      </Contains>
    </Contains>
  </Item>
  <Item>
    <ID>OgreLeg</ID>
    <Name>hide</Name>
    <MaterialID>OgreHide</MaterialID>
    <BodyProperties>HasBlood</BodyProperties>
    <HarvestedItem>RawHide</HarvestedItem>
    <HarvestedQuantity>1</HarvestedQuantity>
    <Symmetrical>true</Symmetrical>
    <Contains>
      <Name>muscle</Name>
      <MaterialID>OgreFlesh</MaterialID>
      <BodyFunction>Motor</BodyFunction>
      <BodyProperties>HasBlood, HasArtery</BodyProperties>
      <HarvestedItem>Meat</HarvestedItem>
      <HarvestedQuantity>2</HarvestedQuantity>
      <Contains>
        <Name>bone</Name>
        <MaterialID>OgreBone</MaterialID>
        <BodyFunction>Structure</BodyFunction>
      </Contains>
    </Contains>
  </Item>
  <Item>
    <ID>OgreHand</ID>
    <Name>hide</Name>
    <MaterialID>OgreHide</MaterialID>
    <BodyProperties>HasBlood</BodyProperties>
    <Contains>
      <Name>bone</Name>
      <MaterialID>OgreBone</MaterialID>
      <BodyFunction>Structure</BodyFunction>
      <BodyProperties>Splinters</BodyProperties>
      <Contains>
        <Name>muscle</Name>
        <MaterialID>OgreFlesh</MaterialID>
        <BodyProperties>HasBlood</BodyProperties>
      </Contains>
    </Contains>
    <NaturalWeapon>
      <Name></Name>
      <MaterialID>OgreBone</MaterialID>
      <Size>45</Size>
      <WeaponDef>
        <Skill>NaturalAttack</Skill>
        <AttackMove>
          <Verb>punches</Verb>
          <AttackType>HandToHand</AttackType>
          <AttackTime>2</AttackTime>
          <Damage>Blunt</Damage>
        </AttackMove>
        <VelocityModifier>1</VelocityModifier>
        <KnockbackModifier>1.0</KnockbackModifier>
      </WeaponDef>
    </NaturalWeapon>
  </Item>
  <Item>
    <ID>OgreFoot</ID>
    <Name>hide</Name>
    <MaterialID>OgreHide</MaterialID>
    <BodyProperties>HasBlood</BodyProperties>
    <Contains>
      <Name>bone</Name>
      <MaterialID>OgreBone</MaterialID>
      <BodyFunction>Structure</BodyFunction>
      <BodyProperties>Splinters</BodyProperties>
      <Contains>
        <Name>muscle</Name>
        <MaterialID>OgreFlesh</MaterialID>
        <BodyFunction>Stand</BodyFunction>
        <BodyProperties>HasBlood</BodyProperties>
      </Contains>
    </Contains>
    <NaturalWeapon>
      <Name></Name>
      <MaterialID>OgreBone</MaterialID>
      <Size>90</Size>
      <WeaponDef>
        <Skill>NaturalAttack</Skill>
        <AttackMove>
          <Verb>kicks</Verb>
          <AttackType>HandToHand</AttackType>
          <Damage>Blunt</Damage>
        </AttackMove>
        <VelocityModifier>0.8</VelocityModifier>
        <KnockbackModifier>2.0</KnockbackModifier>
      </WeaponDef>
    </NaturalWeapon>
  </Item>
  <Item>
    <ID>BlueOgreUpperBody</ID>
    <Name>hide</Name>
    <MaterialID>ToughOgreHide</MaterialID>
    <BodyProperties>HasBlood</BodyProperties>
    <HarvestedItem>RawHide</HarvestedItem>
    <HarvestedQuantity>2</HarvestedQuantity>
    <Contains>
      <Name>ribs</Name>
      <MaterialID>TwoHeadedOgreBone</MaterialID>
      <BodyProperties>Splinters</BodyProperties>
      <Contains>
        <Name>lung</Name>
        <MaterialID>StandardWeakFlesh</MaterialID>
        <BodyFunction>Breathe</BodyFunction>
        <Symmetrical>true</Symmetrical>
      </Contains>
      <Contains>
        <Name>heart</Name>
        <MaterialID>StandardWeakFlesh</MaterialID>
        <BodyFunction>Circulation</BodyFunction>
        <ToHitWeight>0.5</ToHitWeight>
        <Symmetrical>true</Symmetrical>
      </Contains>
    </Contains>
  </Item>
  <Item>
    <ID>BlueOgreLowerBody</ID>
    <Name>hide</Name>
    <MaterialID>ToughOgreHide</MaterialID>
    <BodyProperties>HasBlood</BodyProperties>
    <HarvestedItem>RawHide</HarvestedItem>
    <HarvestedQuantity>2</HarvestedQuantity>
    <Contains>
      <Name>abdominal muscles</Name>
      <MaterialID>TwoHeadedOgreFlesh</MaterialID>
      <BodyProperties>HasBlood, HasArtery</BodyProperties>
      <Contains>
        <Name>guts</Name>
        <MaterialID>StandardWeakFlesh</MaterialID>
        <BodyFunction>InternalOrgan</BodyFunction>
        <BodyProperties>HasBlood, HasArtery, Nauseates</BodyProperties>
      </Contains>
    </Contains>
  </Item>
  <Item>
    <ID>BlueOgreHead</ID>
    <Name>hide</Name>
    <MaterialID>ToughOgreHide</MaterialID>
    <BodyProperties>HasBlood</BodyProperties>
    <Contains>
      <Name>skull</Name>
      <MaterialID>TwoHeadedOgreSkull</MaterialID>
      <BodyFunction>Structure</BodyFunction>
      <HarvestedItem>Skull</HarvestedItem>
      <HarvestedQuantity>1</HarvestedQuantity>
      <Contains>
        <Name>brain</Name>
        <MaterialID>StandardWeakFlesh</MaterialID>
        <BodyFunction>Thought</BodyFunction>
      </Contains>
    </Contains>
  </Item>
  <Item>
    <ID>BlueOgreMouth</ID>
    <Name>jaw</Name>
    <MaterialID>TwoHeadedOgreBone</MaterialID>
    <NaturalWeapon>
      <Name></Name>
      <MaterialID>TwoHeadedOgreBone</MaterialID>
      <Size>80</Size>
      <WeaponDef>
        <Skill>NaturalAttack</Skill>
        <AttackMove>
          <Verb>bites</Verb>
          <AttackType>HandToHand</AttackType>
          <Damage>Pierce</Damage>
          <Damage>Blunt</Damage>
        </AttackMove>
        <Point>1</Point>
        <PenetrationDepth>1</PenetrationDepth>
        <VelocityModifier>0.25</VelocityModifier>
      </WeaponDef>
    </NaturalWeapon>
  </Item>
  <Item>
    <ID>BlueOgreNeck</ID>
    <Name>hide</Name>
    <MaterialID>ToughOgreHide</MaterialID>
    <BodyProperties>HasBlood, HasArtery</BodyProperties>
    <Contains>
      <Name>throat</Name>
      <MaterialID>StandardWeakFlesh</MaterialID>
      <BodyFunction>Throat</BodyFunction>
    </Contains>
  </Item>
  <Item>
    <ID>BlueOgreArm</ID>
    <Name>hide</Name>
    <MaterialID>ToughOgreHide</MaterialID>
    <BodyProperties>HasBlood</BodyProperties>
    <HarvestedItem>RawHide</HarvestedItem>
    <HarvestedQuantity>1</HarvestedQuantity>
    <Symmetrical>true</Symmetrical>      
    <Contains>
      <Name>muscle</Name>
      <MaterialID>TwoHeadedOgreFlesh</MaterialID>
      <BodyFunction>Motor</BodyFunction>
      <BodyProperties>HasBlood, HasArtery</BodyProperties>
      <HarvestedItem>Meat</HarvestedItem>
      <HarvestedQuantity>2</HarvestedQuantity>
      <Contains>
        <Name>bone</Name>
        <MaterialID>TwoHeadedOgreBone</MaterialID>
        <BodyFunction>Structure</BodyFunction>
      </Contains>
    </Contains>
  </Item>
  <Item>
    <ID>BlueOgreLeg</ID>
    <Name>hide</Name>
    <MaterialID>ToughOgreHide</MaterialID>
    <BodyProperties>HasBlood</BodyProperties>
    <HarvestedItem>RawHide</HarvestedItem>
    <HarvestedQuantity>1</HarvestedQuantity>
    <Symmetrical>true</Symmetrical>      
    <Contains>
      <Name>muscle</Name>
      <MaterialID>TwoHeadedOgreFlesh</MaterialID>
      <BodyFunction>Motor</BodyFunction>
      <BodyProperties>HasBlood, HasArtery</BodyProperties>
      <HarvestedItem>Meat</HarvestedItem>
      <HarvestedQuantity>2</HarvestedQuantity>
      <Contains>
        <Name>bone</Name>
        <MaterialID>TwoHeadedOgreBone</MaterialID>
        <BodyFunction>Structure</BodyFunction>
      </Contains>
    </Contains>
  </Item>
  <Item>
    <ID>BlueOgreHand</ID>
    <Name>hide</Name>
    <MaterialID>ToughOgreHide</MaterialID>
    <BodyProperties>HasBlood</BodyProperties>
    <Contains>
      <Name>bone</Name>
      <MaterialID>TwoHeadedOgreBone</MaterialID>
      <BodyFunction>Structure</BodyFunction>
      <BodyProperties>Splinters</BodyProperties>
      <Contains>
        <Name>muscle</Name>
        <MaterialID>TwoHeadedOgreFlesh</MaterialID>
        <BodyProperties>HasBlood</BodyProperties>
      </Contains>
    </Contains>
    <NaturalWeapon>
      <Name></Name>
      <MaterialID>TwoHeadedOgreBone</MaterialID>
      <Size>121.5</Size>
      <WeaponDef>
        <Skill>NaturalAttack</Skill>
        <AttackMove>
          <Verb>punches</Verb>
          <AttackType>HandToHand</AttackType>
          <AttackTime>2</AttackTime>
          <Damage>Blunt</Damage>
        </AttackMove>
        <VelocityModifier>1</VelocityModifier>
        <KnockbackModifier>1.0</KnockbackModifier>
      </WeaponDef>
    </NaturalWeapon>
  </Item>
  <Item>
    <ID>BlueOgreFoot</ID>
    <Name>hide</Name>
    <MaterialID>ToughOgreHide</MaterialID>
    <BodyProperties>HasBlood</BodyProperties>
    <Contains>
      <Name>bone</Name>
      <MaterialID>TwoHeadedOgreBone</MaterialID>
      <BodyFunction>Structure</BodyFunction>
      <BodyProperties>Splinters</BodyProperties>
      <Contains>
        <Name>muscle</Name>
        <MaterialID>TwoHeadedOgreFlesh</MaterialID>
        <BodyFunction>Stand</BodyFunction>
        <BodyProperties>HasBlood</BodyProperties>
      </Contains>
    </Contains>
    <NaturalWeapon>
      <Name></Name>
      <MaterialID>TwoHeadedOgreBone</MaterialID>
      <Size>243</Size>
      <WeaponDef>
        <Skill>NaturalAttack</Skill>
        <AttackMove>
          <Verb>kicks</Verb>
          <AttackType>HandToHand</AttackType>
          <Damage>Blunt</Damage>
        </AttackMove>
        <VelocityModifier>0.8</VelocityModifier>
        <KnockbackModifier>2.0</KnockbackModifier>
      </WeaponDef>
    </NaturalWeapon>
  </Item>
  <Item>
    <ID>MantThorax</ID>
    <Name>chitin</Name>
    <MaterialID>ThickMantChitin</MaterialID>
    <Contains>
      <Name>lung</Name>
      <MaterialID>StandardWeakFlesh</MaterialID>
      <BodyFunction>Breathe</BodyFunction>
      <Symmetrical>true</Symmetrical>
    </Contains>
    <Contains>
      <Name>heart</Name>
      <MaterialID>StandardWeakFlesh</MaterialID>
      <BodyFunction>Circulation</BodyFunction>
    </Contains>
  </Item>
  <Item>
    <ID>MantAbdomen</ID>
    <Name>chitin</Name>
    <MaterialID>ThickMantChitin</MaterialID>
    <BodyFunction>Structure</BodyFunction>
    <Contains>
      <Name>stomach</Name>
      <MaterialID>StandardWeakFlesh</MaterialID>
      <BodyFunction>InternalOrgan</BodyFunction>
      <BodyProperties>HasBlood, HasArtery, Nauseates</BodyProperties>
    </Contains>
  </Item>
  <Item>
    <ID>MantHead</ID>
    <Name>chitin</Name>
    <MaterialID>ThickMantChitin</MaterialID>
    <BodyFunction>Structure</BodyFunction>
    <Contains>
      <Name>brain</Name>
      <MaterialID>StandardWeakFlesh</MaterialID>
      <BodyFunction>Thought</BodyFunction>
    </Contains>
  </Item>
  <Item>
    <ID>MantMandibles</ID>
    <Name>chitin</Name>
    <MaterialID>ThinMantChitin</MaterialID>
    <BodyFunction>Grip</BodyFunction>
    <NaturalWeapon>
      <Name>mandibles</Name>
      <MaterialID>ThinMantChitin</MaterialID>
      <Size>25</Size>
      <WeaponDef>
        <Skill>NaturalAttack</Skill>
        <AttackMove>
          <Verb>bites</Verb>
          <AttackType>HandToHand</AttackType>
          <AttackTime>1.75</AttackTime>
          <Damage>Slash</Damage>
          <Damage>Blunt</Damage>
        </AttackMove>
        <Edge>1</Edge>
        <BluntModifier>0.5</BluntModifier>
        <VelocityModifier>1</VelocityModifier>
      </WeaponDef>
    </NaturalWeapon>
  </Item>
  <Item>
    <ID>MantAntennae</ID>
    <Name>chitin</Name>
    <MaterialID>ThinMantChitin</MaterialID>
  </Item>
  <Item>
    <ID>MantArm</ID>
    <Name>chitin</Name>
    <MaterialID>ThinMantChitin</MaterialID>
  </Item>
  <Item>
    <ID>MantLeg</ID>
    <Name>chitin</Name>
    <MaterialID>ThinMantChitin</MaterialID>
    <BodyFunction>Stand</BodyFunction>
  </Item>
  <Item>
    <ID>MantStinger</ID>
    <Name>stinger</Name>
    <MaterialID>ThinMantChitin</MaterialID>
    <NaturalWeapon>
      <Name></Name>
      <MaterialID>ThinMantChitin</MaterialID>
      <Size>31.66666</Size>
      <WeaponDef>
        <Skill>NaturalAttack</Skill>
        <AttackMove>
          <Verb>stings</Verb>
          <AttackType>HandToHand</AttackType>
          <Damage>Pierce</Damage>
        </AttackMove>
        <Point>2</Point>
        <PenetrationDepth>1</PenetrationDepth>
        <VelocityModifier>1</VelocityModifier>
      </WeaponDef>
    </NaturalWeapon>
  </Item>
  <Item>
    <ID>BeetleThorax</ID>
    <Name>chitin</Name>
    <MaterialID>ThickMantChitin</MaterialID>
    <Contains>
      <Name>lung</Name>
      <MaterialID>StandardWeakFlesh</MaterialID>
      <BodyFunction>Breathe</BodyFunction>
      <Symmetrical>true</Symmetrical>
    </Contains>
    <Contains>
      <Name>heart</Name>
      <MaterialID>StandardWeakFlesh</MaterialID>
      <BodyFunction>Circulation</BodyFunction>
    </Contains>
  </Item>
  <Item>
    <ID>BeetleAbdomen</ID>
    <Name>chitin</Name>
    <MaterialID>ThickMantChitin</MaterialID>
    <BodyFunction>Structure</BodyFunction>
    <Contains>
      <Name>stomach</Name>
      <MaterialID>StandardWeakFlesh</MaterialID>
      <BodyFunction>InternalOrgan</BodyFunction>
      <BodyProperties>HasBlood, HasArtery, Nauseates</BodyProperties>
    </Contains>
  </Item>
  <Item>
    <ID>BeetleHead</ID>
    <Name>chitin</Name>
    <MaterialID>ThickMantChitin</MaterialID>
    <BodyFunction>Structure</BodyFunction>
    <Contains>
      <Name>brain</Name>
      <MaterialID>StandardWeakFlesh</MaterialID>
      <BodyFunction>Thought</BodyFunction>
    </Contains>
  </Item>
  <Item>
    <ID>BeetleMandibles</ID>
    <Name>chitin</Name>
    <MaterialID>ThinMantChitin</MaterialID>
    <NaturalWeapon>
      <Name>mandibles</Name>
      <MaterialID>ThinMantChitin</MaterialID>
      <Size>50</Size>
      <WeaponDef>
        <Skill>NaturalAttack</Skill>
        <AttackMove>
          <Verb>bites</Verb>
          <AttackType>HandToHand</AttackType>
          <AttackTime>1.75</AttackTime>
          <Damage>Slash</Damage>
          <Damage>Blunt</Damage>
        </AttackMove>
        <Edge>1</Edge>
        <BluntModifier>0.5</BluntModifier>
        <VelocityModifier>1</VelocityModifier>
      </WeaponDef>
    </NaturalWeapon>
  </Item>
  <Item>
    <ID>BeetleAntennae</ID>
    <Name>chitin</Name>
    <MaterialID>ThinMantChitin</MaterialID>
  </Item>
  <Item>
    <ID>BeetleLeg</ID>
    <Name>chitin</Name>
    <MaterialID>ThinMantChitin</MaterialID>
    <BodyFunction>Stand</BodyFunction>
  </Item>
  <Item>
    <ID>BeetleCocoon</ID>
    <Name>shell</Name>
    <MaterialID>ThinMantChitin</MaterialID>
    <BodyFunction>Structure</BodyFunction>
    <Contains>
      <Name>pupa</Name>
      <MaterialID>StandardWeakFlesh</MaterialID>
      <BodyFunction>Thought</BodyFunction>
    </Contains>
  </Item>
  <Item>
    <ID>ZombieUpperBody</ID>
    <Name>skin</Name>
    <MaterialID>StandardSkin</MaterialID>
    <BodyProperties>HasBlood</BodyProperties>
    <Contains>
      <Name>ribs</Name>
      <MaterialID>StandardBone</MaterialID>
      <BodyProperties>Splinters</BodyProperties>
      <Contains>
        <Name>lung</Name>
        <MaterialID>StandardWeakFlesh</MaterialID>
        <Symmetrical>true</Symmetrical>
      </Contains>
      <Contains>
        <Name>heart</Name>
        <MaterialID>StandardWeakFlesh</MaterialID>
        <ToHitWeight>0.5</ToHitWeight>
      </Contains>
    </Contains>
  </Item>
  <Item>
    <ID>ZombieLowerBody</ID>
    <Name>skin</Name>
    <MaterialID>StandardSkin</MaterialID>
    <BodyProperties>HasBlood</BodyProperties>
    <Contains>
      <Name>abdominal muscles</Name>
      <MaterialID>StandardStrongFlesh</MaterialID>
      <BodyProperties>HasBlood, HasArtery</BodyProperties>
      <Contains>
        <Name>guts</Name>
        <MaterialID>StandardWeakFlesh</MaterialID>
        <BodyProperties>HasBlood, HasArtery, Nauseates</BodyProperties>
      </Contains>
    </Contains>
  </Item>
  <Item>
    <ID>ZombieHead</ID>
    <Name>skin</Name>
    <MaterialID>StandardSkin</MaterialID>
    <BodyProperties>HasBlood</BodyProperties>
    <Contains>
      <Name>skull</Name>
      <MaterialID>StandardShell</MaterialID>
      <BodyFunction>Structure</BodyFunction>
      <Contains>
        <Name>brain</Name>
        <MaterialID>StandardWeakFlesh</MaterialID>
        <BodyFunction>Thought</BodyFunction>
      </Contains>
    </Contains>
  </Item>
  <Item>
    <ID>ZombieMouth</ID>
    <Name>jaw</Name>
    <MaterialID>StandardBone</MaterialID>
    <NaturalWeapon>
      <Name></Name>
      <MaterialID>StandardBone</MaterialID>
      <Size>50</Size>
      <WeaponDef>
        <Skill>NaturalAttack</Skill>
        <AttackMove>
          <Verb>bites</Verb>
          <AttackType>HandToHand</AttackType>
          <Damage>Pierce</Damage>
          <Damage>Blunt</Damage>
        </AttackMove>
        <Point>1</Point>
        <PenetrationDepth>1</PenetrationDepth>
        <BluntModifier>4</BluntModifier>
        <VelocityModifier>0.5</VelocityModifier>
        <StatusEffect>ZombieVirus</StatusEffect>
      </WeaponDef>
    </NaturalWeapon>
  </Item>
  <Item>
    <ID>ZombieNeck</ID>
    <Name>skin</Name>
    <MaterialID>StandardSkin</MaterialID>
    <BodyProperties>HasBlood, HasArtery</BodyProperties>
    <Contains>
      <Name>throat</Name>
      <MaterialID>StandardWeakFlesh</MaterialID>
    </Contains>
  </Item>
  <Item>
    <ID>ZombieArm</ID>
    <Name>skin</Name>
    <MaterialID>StandardSkin</MaterialID>
    <BodyProperties>HasBlood</BodyProperties>
    <Symmetrical>true</Symmetrical>
    <Contains>
      <Name>muscle</Name>
      <MaterialID>StandardStrongFlesh</MaterialID>
      <BodyFunction>Motor</BodyFunction>
      <BodyProperties>HasBlood, HasArtery</BodyProperties>
      <Contains>
        <Name>bone</Name>
        <MaterialID>StandardBone</MaterialID>
        <BodyFunction>Structure</BodyFunction>
      </Contains>
    </Contains>
  </Item>
  <Item>
    <ID>ZombieLeg</ID>
    <Name>skin</Name>
    <MaterialID>StandardSkin</MaterialID>
    <BodyProperties>HasBlood</BodyProperties>
    <Symmetrical>true</Symmetrical>
    <Contains>
      <Name>muscle</Name>
      <MaterialID>StandardStrongFlesh</MaterialID>
      <BodyFunction>Motor</BodyFunction>
      <BodyProperties>HasBlood, HasArtery</BodyProperties>
      <Contains>
        <Name>bone</Name>
        <MaterialID>StandardBone</MaterialID>
        <BodyFunction>Structure</BodyFunction>
      </Contains>
    </Contains>
  </Item>
  <Item>
    <ID>ZombieHand</ID>
    <Name>skin</Name>
    <MaterialID>StandardSkin</MaterialID>
    <BodyProperties>HasBlood</BodyProperties>
    <Contains>
      <Name>bone</Name>
      <MaterialID>StandardBone</MaterialID>
      <BodyFunction>Structure</BodyFunction>
      <BodyProperties>Splinters</BodyProperties>
      <Contains>
        <Name>muscle</Name>
        <MaterialID>StandardStrongFlesh</MaterialID>
        <BodyProperties>HasBlood</BodyProperties>
      </Contains>
    </Contains>
    <NaturalWeapon>
      <Name></Name>
      <MaterialID>StandardBone</MaterialID>
      <Size>25</Size>
      <WeaponDef>
        <Skill>NaturalAttack</Skill>
        <AttackMove>
          <Verb>scratches</Verb>
          <AttackType>HandToHand</AttackType>
          <Damage>Slash</Damage>
          <Damage>Blunt</Damage>
        </AttackMove>
        <Edge>1</Edge>
        <BluntModifier>1.75</BluntModifier>
        <VelocityModifier>1</VelocityModifier>
      </WeaponDef>
    </NaturalWeapon>
  </Item>
  <Item>
    <ID>ZombieFoot</ID>
    <Name>skin</Name>
    <MaterialID>StandardSkin</MaterialID>
    <BodyProperties>HasBlood</BodyProperties>
    <Contains>
      <Name>bone</Name>
      <MaterialID>StandardBone</MaterialID>
      <BodyFunction>Structure</BodyFunction>
      <BodyProperties>Splinters</BodyProperties>
      <Contains>
        <Name>muscle</Name>
        <MaterialID>StandardStrongFlesh</MaterialID>
        <BodyFunction>Stand</BodyFunction>
        <BodyProperties>HasBlood</BodyProperties>
      </Contains>
    </Contains>
  </Item>
  <Item>
    <ID>SkeletonUpperBody</ID>
    <Name>ribs</Name>
    <MaterialID>StandardBone</MaterialID>
  </Item>
  <Item>
    <ID>SkeletonHead</ID>
    <Name>skull</Name>
    <MaterialID>StandardShell</MaterialID>
    <BodyFunction>Thought</BodyFunction>
  </Item>
  <Item>
    <ID>SkeletonNeck</ID>
    <Name>spine</Name>
    <MaterialID>StandardBone</MaterialID>
  </Item>
  <Item>
    <ID>SkeletonArm</ID>
    <Name>bone</Name>
    <MaterialID>StandardBone</MaterialID>
    <BodyFunction>Structure</BodyFunction>
    <Symmetrical>true</Symmetrical>      
  </Item>
  <Item>
    <ID>SkeletonLeg</ID>
    <Name>bone</Name>
    <MaterialID>StandardBone</MaterialID>
    <BodyFunction>Structure</BodyFunction>
    <Symmetrical>true</Symmetrical>
  </Item>
  <Item>
    <ID>SkeletonHand</ID>
    <Name>bone</Name>
    <MaterialID>StandardBone</MaterialID>
    <BodyFunction>Grip</BodyFunction>
    <BodyProperties>Splinters</BodyProperties>
    <NaturalWeapon>
      <Name></Name>
      <MaterialID>StandardBone</MaterialID>
      <Size>15</Size>
      <WeaponDef>
        <Skill>NaturalAttack</Skill>
        <AttackMove>
          <Verb>punches</Verb>
          <AttackType>HandToHand</AttackType>
          <Damage>Blunt</Damage>
        </AttackMove>
        <VelocityModifier>1</VelocityModifier>
      </WeaponDef>
    </NaturalWeapon>
  </Item>
  <Item>
    <ID>SkeletonFoot</ID>
    <Name>bone</Name>
    <MaterialID>StandardBone</MaterialID>
    <BodyFunction>Stand</BodyFunction>
    <BodyProperties>Splinters</BodyProperties>
    <NaturalWeapon>
      <Name></Name>
      <MaterialID>StandardBone</MaterialID>
      <Size>30</Size>
      <WeaponDef>
        <Skill>NaturalAttack</Skill>
        <AttackMove>
          <Verb>kicks</Verb>
          <AttackType>HandToHand</AttackType>
          <Damage>Blunt</Damage>
        </AttackMove>
        <VelocityModifier>0.8</VelocityModifier>
      </WeaponDef>
    </NaturalWeapon>
  </Item>
  <Item>
    <ID>ArtificialArm</ID>
    <Name>plating</Name>
    <MaterialID>MATERIALID_NONE</MaterialID>
    <TemplateMaterialIndex>0</TemplateMaterialIndex>
    <Contains>
      <Name>gears</Name>
      <MaterialID>MATERIALID_NONE</MaterialID>
      <TemplateMaterialIndex>2</TemplateMaterialIndex>
      <BodyFunction>Motor</BodyFunction>
      <Contains>
        <Name>frame</Name>
        <MaterialID>MATERIALID_NONE</MaterialID>
        <TemplateMaterialIndex>1</TemplateMaterialIndex>
        <BodyFunction>Structure</BodyFunction>
      </Contains>
    </Contains>
  </Item>
  <Item>
    <ID>ArtificialHand</ID>
    <Name>plating</Name>
    <MaterialID>MATERIALID_NONE</MaterialID>
    <TemplateMaterialIndex>0</TemplateMaterialIndex>
    <Contains>
      <Name>frame</Name>
      <MaterialID>MATERIALID_NONE</MaterialID>
      <TemplateMaterialIndex>0</TemplateMaterialIndex>
      <BodyFunction>Structure</BodyFunction>
      <BodyProperties>Splinters</BodyProperties>
      <Contains>
        <Name>gears</Name>
        <MaterialID>MATERIALID_NONE</MaterialID>
        <TemplateMaterialIndex>1</TemplateMaterialIndex>
        <BodyFunction>Grip</BodyFunction>
      </Contains>
    </Contains>
    <NaturalWeapon>
      <Name></Name>
      <MaterialID>MATERIALID_NONE</MaterialID>
      <TemplateMaterialIndex>0</TemplateMaterialIndex>
      <Size>15</Size>
      <WeaponDef>
        <Skill>NaturalAttack</Skill>
        <AttackMove>
          <Verb>punches</Verb>
          <AttackType>HandToHand</AttackType>
          <Damage>Blunt</Damage>
        </AttackMove>
        <VelocityModifier>1</VelocityModifier>
      </WeaponDef>
    </NaturalWeapon>
  </Item>
  <Item>
    <ID>ArtificialLeg</ID>
    <Name>plating</Name>
    <MaterialID>MATERIALID_NONE</MaterialID>
    <TemplateMaterialIndex>0</TemplateMaterialIndex>
    <Symmetrical>true</Symmetrical>
    <Contains>
      <Name>gears</Name>
      <MaterialID>MATERIALID_NONE</MaterialID>
      <TemplateMaterialIndex>2</TemplateMaterialIndex>
      <BodyFunction>Motor</BodyFunction>
      <Contains>
        <Name>frame</Name>
        <MaterialID>MATERIALID_NONE</MaterialID>
        <TemplateMaterialIndex>1</TemplateMaterialIndex>
        <BodyFunction>Structure</BodyFunction>
      </Contains>
    </Contains>
  </Item>
  <Item>
    <ID>ArtificialFoot</ID>
    <Name>plating</Name>
    <MaterialID>MATERIALID_NONE</MaterialID>
    <TemplateMaterialIndex>0</TemplateMaterialIndex>
    <Contains>
      <Name>frame</Name>
      <MaterialID>MATERIALID_NONE</MaterialID>
      <TemplateMaterialIndex>0</TemplateMaterialIndex>
      <BodyFunction>Structure</BodyFunction>
      <BodyProperties>Splinters</BodyProperties>
      <Contains>
        <Name>gears</Name>
        <MaterialID>MATERIALID_NONE</MaterialID>
        <TemplateMaterialIndex>1</TemplateMaterialIndex>
        <BodyFunction>Stand</BodyFunction>
      </Contains>
    </Contains>
    <NaturalWeapon>
      <Name></Name>
      <MaterialID>MATERIALID_NONE</MaterialID>
      <TemplateMaterialIndex>0</TemplateMaterialIndex>
      <Size>30</Size>
      <WeaponDef>
        <Skill>NaturalAttack</Skill>
        <AttackMove>
          <Verb>kicks</Verb>
          <AttackType>HandToHand</AttackType>
          <Damage>Blunt</Damage>
        </AttackMove>
        <VelocityModifier>0.8</VelocityModifier>
      </WeaponDef>
    </NaturalWeapon>
  </Item>
  <Item>
    <ID>AutomatonUpperBody</ID>
    <Name>plating</Name>
    <MaterialID>MATERIALID_NONE</MaterialID>
    <TemplateMaterialIndex>0</TemplateMaterialIndex>
    <Thickness>2</Thickness>
    <Contains>
      <Name>fuel tank</Name>
      <MaterialID>MATERIALID_NONE</MaterialID>
      <TemplateMaterialIndex>3</TemplateMaterialIndex>
      <BodyFunction>Circulation</BodyFunction>
    </Contains>
  </Item>
  <Item>
    <ID>AutomatonLowerBody</ID>
    <Name>plating</Name>
    <MaterialID>MATERIALID_NONE</MaterialID>
    <TemplateMaterialIndex>0</TemplateMaterialIndex>
    <Thickness>2</Thickness>
  </Item>
  <Item>
    <ID>AutomatonHead</ID>
    <Name>plating</Name>
    <MaterialID>MATERIALID_NONE</MaterialID>
    <TemplateMaterialIndex>0</TemplateMaterialIndex>
    <Contains>
      <Name>core</Name>
      <MaterialID>MATERIALID_NONE</MaterialID>
      <TemplateMaterialIndex>1</TemplateMaterialIndex>
      <BodyFunction>Thought</BodyFunction>
    </Contains>
  </Item>
  <Item>
    <ID>AutomatonArm</ID>
    <Name>plating</Name>
    <MaterialID>MATERIALID_NONE</MaterialID>
    <TemplateMaterialIndex>0</TemplateMaterialIndex>
    <Contains>
      <Name>gears</Name>
      <MaterialID>MATERIALID_NONE</MaterialID>
      <TemplateMaterialIndex>2</TemplateMaterialIndex>
      <BodyFunction>Motor</BodyFunction>
      <Contains>
        <Name>frame</Name>
        <MaterialID>MATERIALID_NONE</MaterialID>
        <TemplateMaterialIndex>0</TemplateMaterialIndex>
        <BodyFunction>Structure</BodyFunction>
      </Contains>
    </Contains>
  </Item>
  <Item>
    <ID>AutomatonLeg</ID>
    <Name>plating</Name>
    <MaterialID>MATERIALID_NONE</MaterialID>
    <TemplateMaterialIndex>0</TemplateMaterialIndex>
    <BodyFunction>Structure</BodyFunction>
    <Contains>
      <Name>gears</Name>
      <MaterialID>MATERIALID_NONE</MaterialID>
      <TemplateMaterialIndex>2</TemplateMaterialIndex>
      <BodyFunction>Motor</BodyFunction>
      <Contains>
        <Name>frame</Name>
        <MaterialID>MATERIALID_NONE</MaterialID>
        <TemplateMaterialIndex>1</TemplateMaterialIndex>
        <BodyFunction>Structure</BodyFunction>
      </Contains>
    </Contains>
  </Item>
  <Item>
    <ID>AutomatonHand</ID>
    <Name>plating</Name>
    <MaterialID>MATERIALID_NONE</MaterialID>
    <TemplateMaterialIndex>0</TemplateMaterialIndex>
    <Contains>
      <Name>frame</Name>
      <MaterialID>MATERIALID_NONE</MaterialID>
      <TemplateMaterialIndex>0</TemplateMaterialIndex>
      <BodyFunction>Structure</BodyFunction>
      <BodyProperties>Splinters</BodyProperties>
      <Contains>
        <Name>gears</Name>
        <MaterialID>MATERIALID_NONE</MaterialID>
        <TemplateMaterialIndex>2</TemplateMaterialIndex>
        <BodyFunction>Grip</BodyFunction>
      </Contains>
    </Contains>
    <NaturalWeapon>
      <Name></Name>
      <MaterialID>MATERIALID_NONE</MaterialID>
      <TemplateMaterialIndex>0</TemplateMaterialIndex>
      <Size>100</Size>
      <WeaponDef>
        <Skill>NaturalAttack</Skill>
        <AttackMove>
          <Verb>punches</Verb>
          <AttackType>HandToHand</AttackType>
          <Damage>Blunt</Damage>
        </AttackMove>
        <VelocityModifier>1</VelocityModifier>
      </WeaponDef>
    </NaturalWeapon>
  </Item>
  <Item>
    <ID>AutomatonFoot</ID>
    <Name>plating</Name>
    <MaterialID>MATERIALID_NONE</MaterialID>
    <TemplateMaterialIndex>0</TemplateMaterialIndex>
    <Contains>
      <Name>frame</Name>
      <MaterialID>MATERIALID_NONE</MaterialID>
      <TemplateMaterialIndex>0</TemplateMaterialIndex>
      <BodyFunction>Structure</BodyFunction>
      <BodyProperties>Splinters</BodyProperties>
      <Contains>
        <Name>gears</Name>
        <MaterialID>MATERIALID_NONE</MaterialID>
        <TemplateMaterialIndex>2</TemplateMaterialIndex>
        <BodyFunction>Stand</BodyFunction>
      </Contains>
    </Contains>
    <NaturalWeapon>
      <Name></Name>
      <MaterialID>MATERIALID_NONE</MaterialID>
      <TemplateMaterialIndex>0</TemplateMaterialIndex>
      <Size>125</Size>
      <WeaponDef>
        <Skill>NaturalAttack</Skill>
        <AttackMove>
          <Verb>stomps</Verb>
          <AttackType>HandToHand</AttackType>
          <Damage>Blunt</Damage>
        </AttackMove>
        <VelocityModifier>0.8</VelocityModifier>
      </WeaponDef>
    </NaturalWeapon>
  </Item>
</BodyParts>
