﻿<?xml version="1.0" encoding="utf-8" ?>
<GoblinSettings>
  <!--DesirableItemID: ID of item that goblin raiders will try to steal-->
  <!--MaterialID: ID of materials that will offend goblins when sending an insult-->
  <DesirableItemID>Sword</DesirableItemID>
  <DesirableItemID>HandAxe</DesirableItemID>
  <DesirableItemID>Hammer</DesirableItemID>
  <DesirableItemID>Shield</DesirableItemID>
  <DesirableItemID>Claymore</DesirableItemID>
  <DesirableItemID>BattleAxe</DesirableItemID>
  <DesirableItemID>Warhammer</DesirableItemID>
  <DesirableItemID>TowerShield</DesirableItemID>
  <DesirableItemID>Helmet</DesirableItemID>
  <DesirableItemID>Breastplate</DesirableItemID>
  <DesirableItemID>Pauldron</DesirableItemID>
  <DesirableItemID>Greave</DesirableItemID>
  <DesirableItemID>Boot</DesirableItemID>
  <DesirableItemID>Gauntlet</DesirableItemID>
  <DesirableItemID>GemmedRing</DesirableItemID>
  <DesirableItemID>GemmedNecklace</DesirableItemID>
  <DesirableItemID>Ring</DesirableItemID>
  <DesirableItemID>Necklace</DesirableItemID>
  <DesirableItemID>CommemorativeCoin</DesirableItemID>
  <DesirableItemID>Statuette</DesirableItemID>
  <DesirableItemID>PuzzleBox</DesirableItemID>
  <DesirableItemID>PetRock</DesirableItemID>
  <MaterialID>StandardBone</MaterialID>
  <MaterialID>StandardShell</MaterialID>
  <MaterialID>StandardStrongFlesh</MaterialID>
  <MaterialID>OgreBone</MaterialID>
  <MaterialID>OgreFlesh</MaterialID>
  <MaterialID>OgreHide</MaterialID>
  <MaterialID>OgreSkull</MaterialID>
  <MaterialID>TwoHeadedOgreBone</MaterialID>
  <MaterialID>TwoHeadedOgreFlesh</MaterialID>
  <MaterialID>ToughOgreHide</MaterialID>
  <MaterialID>TwoHeadedOgreSkull</MaterialID>
  <InsultAmount>
    <Key>BodyPart</Key>
    <Value>25</Value>
  </InsultAmount>
  <InsultAmount>
    <Key>Corpse</Key>
    <Value>25</Value>
  </InsultAmount>
  <InsultAmount>
    <Key>Skull</Key>
    <Value>25</Value>
  </InsultAmount>
  <InsultAmount>
    <Key>Bone</Key>
    <Value>25</Value>
  </InsultAmount>
  <InsultAmount>
    <Key>Meat</Key>
    <Value>25</Value>
  </InsultAmount>
  <InsultAmount>
    <Key>RawHide</Key>
    <Value>25</Value>
  </InsultAmount>
  <InsultAmount>
    <Key>Sausage</Key>
    <Value>50</Value>
  </InsultAmount>
  <InsultAmount>
    <Key>Sandwich</Key>
    <Value>50</Value>
  </InsultAmount>
  <InsultAmount>
    <Key>SausageOmelette</Key>
    <Value>50</Value>
  </InsultAmount>
  <InsultAmount>
    <Key>LeatherArmorPanel</Key>
    <Value>50</Value>
  </InsultAmount>
  <InsultAmount>
    <Key>LeatherBoot</Key>
    <Value>50</Value>
  </InsultAmount>
  <InsultAmount>
    <Key>LeatherBracer</Key>
    <Value>50</Value>
  </InsultAmount>
  <InsultAmount>
    <Key>LeatherCuirass</Key>
    <Value>50</Value>
  </InsultAmount>
  <InsultAmount>
    <Key>LeatherGlove</Key>
    <Value>50</Value>
  </InsultAmount>
  <InsultAmount>
    <Key>LeatherGreave</Key>
    <Value>50</Value>
  </InsultAmount>
  <InsultAmount>
    <Key>LeatherHelm</Key>
    <Value>50</Value>
  </InsultAmount>
  <InsultAmount>
    <Key>LeatherStrap</Key>
    <Value>50</Value>
  </InsultAmount>
</GoblinSettings>