﻿<?xml version="1.0" encoding="utf-8" ?>
<Races>
  <!--Item
    ID: ID of race to be used elsewhere
    Name: name fo race
    Gender
      Gender: Supports Male, Female, Neuter
      Name: Can name genders differently, ie bull, cow, etc
      RandomWeight: Weight that affects chance this gender is generated
    LanguageID: ID of language to be used when generating names
    Attribute: Starting attribute levels
      Attribute: Supports Fitness, Nimbleness, Curiosity, Focus and Charm
      Min: Minimum value that can be generated for this Attribute
      Max: Maximum value that can be generated for this Attribute
      Mean: Mean value that can be generated for this Attribute
    RaceVisual:
      SpriteID: SpriteID for this race.  Only used if the Body doesn't have a BaseSprite defined
      Weight: Weight that this RaceVisual is picked
      SkinColorTemplateIndex(Optional): Index into materials for race that uses template (golems).
      SkinColor: 
        Color: Tint color (multiply) on body sprites
        Weight: Weight that this color is picked
      HairColor: 
        Color: Tint color (multiply) on hair sprites
        Weight: Weight that this color is picked
    MoveSpeed: Speed that this race moves.  Defined as number of tiles per second
    Size: Only used for determining damage when falling onto another character
    CastLightRadius: Radius that this race gives the player vision aka see through fog of war
    SightRadius: Radius that this race can see.  Used for combat
    CombatSightRadius: Radius that this race will engage in combat
    ExhaustionTime: Ratio of day it takes to go from fully rested to fully exhausted
    RestTime: Ratio of day it takes to go from fully exhausted to fully rested
    TiredLevel: Percent at which this race gets flagged as Tired
    PassOutLevel: Level at which this race passes out from exhaustion.  A level of 0 is considered exhausted and they will try to sleep but can get hung up in combat or reall far from a bed etc
    HungerRate: Ratio of day it takes to go from fully satiated to starved to death
    FoodRatio: Ratio of nourishment from food.  A value higher than 1 will get more nourishment from food, ie needs to eat less and a value between 0 and 1 will require more food
    HungerLevel: Level at which this race gets flagged as Hungry
    StarvationLevel: Level at which this race starts to starve and will prioritize finding food
    ThirstRate: Ratio of day it takes to go from fully quenchedto death from lack of drink
    DrinkRatio: Ratio of nourishment from drink.  A value higher than 1 will get more nourishment from drink, ie needs to drink less and a value between 0 and 1 will require more drink
    ThirstLevel: Level at which this race gets flagged as Thirsty
    DyingOfThirstLevel: Level at which this race starts to die of thirsty and will prioritize finding drink
    BloodLossRate (Optional): Default is 1.  Rate at which blood is lost.  A higher value bleeds to death faster and a lower value can bleed for longer before dying
    HealingItemID (Optional): Default is Bandage. ID of item used to heal wounds
    ZombieVirusCarrier (Optional):  Default false.  If true this race can be infected with the zombie virus
    BodyID: Type of body to use for this race
    Livestock (Optional): Default is false. If true this race has Livestock AI behavior and can be selected in the Pasture UI
    PastureSpace (Optional): Default is 4.  Only used if Livestock is true.  Number of tiles required for 1 of this race to be pastured
    GestationTimeMin (Optional): Default is 0.  Only used if Livestock is true.  Minimum number of days until birth after conception
    GestationTimeMax (Optional): Default is 0.  Only used if Livestock is true.  Maximum number of days until birth after conception
    AdditionalDiet (Optional): Used by races that eat things that don't have the food tag (straw, seeds, etc)
      Key: ID of item
      Value: Amount of food restored
  -->
  <Item>
    <ID>Gnome</ID>
    <Name>gnome</Name>
    <Gender>
      <Gender>Male</Gender>
      <Name>gnome</Name>
      <RandomWeight>1</RandomWeight>
    </Gender>
    <Gender>
      <Gender>Female</Gender>
      <Name>gnome</Name>
      <RandomWeight>1</RandomWeight>
    </Gender>
    <LanguageID>Gnome</LanguageID>
    <Attribute>
      <Attribute>Fitness</Attribute>
      <Min>80</Min>
      <Max>120</Max>
      <Mean>100</Mean>
    </Attribute>
    <Attribute>
      <Attribute>Nimbleness</Attribute>
      <Min>80</Min>
      <Max>120</Max>
      <Mean>100</Mean>
    </Attribute>
    <Attribute>
      <Attribute>Curiosity</Attribute>
      <Min>80</Min>
      <Max>120</Max>
      <Mean>100</Mean>
    </Attribute>
    <Attribute>
      <Attribute>Focus</Attribute>
      <Min>80</Min>
      <Max>120</Max>
      <Mean>100</Mean>
    </Attribute>
    <Attribute>
      <Attribute>Charm</Attribute>
      <Min>80</Min>
      <Max>120</Max>
      <Mean>100</Mean>
    </Attribute>
    <RaceVisual>
      <SpriteID>Gnome</SpriteID>
      <Weight>2</Weight>
      <SkinColor>
        <Color>255 255 255 255</Color>
      </SkinColor>
      <SkinColor>
        <Color>255 255 224 255</Color>
      </SkinColor>
      <SkinColor>
        <Color>255 255 192 255</Color>
      </SkinColor>
      <SkinColor>
        <Color>255 224 224 255</Color>
      </SkinColor>
      <SkinColor>
        <Color>255 192 192 255</Color>
      </SkinColor>
      <HairColor>
        <Color>192 0 0 255</Color>
      </HairColor>
      <HairColor>
        <Color>255 255 0 255</Color>
      </HairColor>
      <HairColor>
        <Color>255 128 0 255</Color>
      </HairColor>
      <HairColor>
        <Color>192 128 0 255</Color>
      </HairColor>
      <HairColor>
        <Color>128 64 0 255</Color>
      </HairColor>
      <HairColor>
        <Color>128 128 128 255</Color>
        <Weight>0.5</Weight>
      </HairColor>
      <HairColor>
        <Color>64 64 64 255</Color>
      </HairColor>
    </RaceVisual>
    <RaceVisual>
      <SpriteID>GnomeDark</SpriteID>
      <SkinColor>
        <Color>255 255 255 255</Color>
      </SkinColor>
      <SkinColor>
        <Color>255 255 224 255</Color>
      </SkinColor>
      <SkinColor>
        <Color>255 255 192 255</Color>
      </SkinColor>
      <SkinColor>
        <Color>255 224 224 255</Color>
      </SkinColor>
      <HairColor>
        <Color>255 255 0 255</Color>
      </HairColor>
      <HairColor>
        <Color>128 64 0 255</Color>
      </HairColor>
      <HairColor>
        <Color>128 128 128 255</Color>
      </HairColor>
      <HairColor>
        <Color>64 64 64 255</Color>
        <Weight>5</Weight>
      </HairColor>
    </RaceVisual>
    <MoveSpeed>8</MoveSpeed>
    <Size>10</Size>
    <CastLightRadius>8</CastLightRadius>
    <SightRadius>16</SightRadius>
    <CombatSightRadius>16</CombatSightRadius>
    <ExhaustionTime>1.0</ExhaustionTime>
    <RestTime>0.334</RestTime>
    <TiredLevel>33</TiredLevel>
    <PassOutLevel>-16</PassOutLevel>
    <HungerRate>3</HungerRate>
    <FoodRatio>1</FoodRatio>
    <HungerLevel>75</HungerLevel>
    <StarvationLevel>50</StarvationLevel>
    <ThirstRate>1.5</ThirstRate>
    <DrinkRatio>1</DrinkRatio>
    <ThirstLevel>84</ThirstLevel>
    <DyingOfThirstLevel>50</DyingOfThirstLevel>
    <ZombieVirusCarrier>true</ZombieVirusCarrier>
    <BodyID>Gnome</BodyID>
  </Item>
  <Item>
    <ID>GnomeMerchant</ID>
    <Name>gnome</Name>
    <Gender>
      <Gender>Male</Gender>
      <Name>gnome</Name>
      <RandomWeight>1</RandomWeight>
    </Gender>
    <Gender>
      <Gender>Female</Gender>
      <Name>gnome</Name>
      <RandomWeight>1</RandomWeight>
    </Gender>
    <LanguageID>Gnome</LanguageID>
    <Attribute>
      <Attribute>Fitness</Attribute>
      <Min>80</Min>
      <Max>120</Max>
      <Mean>100</Mean>
    </Attribute>
    <Attribute>
      <Attribute>Nimbleness</Attribute>
      <Min>80</Min>
      <Max>120</Max>
      <Mean>100</Mean>
    </Attribute>
    <Attribute>
      <Attribute>Curiosity</Attribute>
      <Min>80</Min>
      <Max>120</Max>
      <Mean>100</Mean>
    </Attribute>
    <Attribute>
      <Attribute>Focus</Attribute>
      <Min>80</Min>
      <Max>120</Max>
      <Mean>100</Mean>
    </Attribute>
    <Attribute>
      <Attribute>Charm</Attribute>
      <Min>80</Min>
      <Max>120</Max>
      <Mean>100</Mean>
    </Attribute>
    <RaceVisual>
      <SpriteID>Gnome</SpriteID>
      <Weight>2</Weight>
      <SkinColor>
        <Color>255 255 255 255</Color>
      </SkinColor>
      <SkinColor>
        <Color>255 255 224 255</Color>
      </SkinColor>
      <SkinColor>
        <Color>255 255 192 255</Color>
      </SkinColor>
      <SkinColor>
        <Color>255 224 224 255</Color>
      </SkinColor>
      <SkinColor>
        <Color>255 192 192 255</Color>
      </SkinColor>
      <HairColor>
        <Color>192 0 0 255</Color>
      </HairColor>
      <HairColor>
        <Color>255 255 0 255</Color>
      </HairColor>
      <HairColor>
        <Color>255 128 0 255</Color>
      </HairColor>
      <HairColor>
        <Color>192 128 0 255</Color>
      </HairColor>
      <HairColor>
        <Color>128 64 0 255</Color>
      </HairColor>
      <HairColor>
        <Color>128 128 128 255</Color>
        <Weight>0.5</Weight>
      </HairColor>
      <HairColor>
        <Color>64 64 64 255</Color>
      </HairColor>
    </RaceVisual>
    <RaceVisual>
      <SpriteID>GnomeDark</SpriteID>
      <SkinColor>
        <Color>255 255 255 255</Color>
      </SkinColor>
      <SkinColor>
        <Color>255 255 224 255</Color>
      </SkinColor>
      <SkinColor>
        <Color>255 255 192 255</Color>
      </SkinColor>
      <SkinColor>
        <Color>255 224 224 255</Color>
      </SkinColor>
      <HairColor>
        <Color>255 255 0 255</Color>
      </HairColor>
      <HairColor>
        <Color>128 64 0 255</Color>
      </HairColor>
      <HairColor>
        <Color>128 128 128 255</Color>
      </HairColor>
      <HairColor>
        <Color>64 64 64 255</Color>
        <Weight>5</Weight>
      </HairColor>
    </RaceVisual>
    <MoveSpeed>8</MoveSpeed>
    <Size>10</Size>
    <SightRadius>16</SightRadius>
    <CombatSightRadius>4</CombatSightRadius>
    <ExhaustionTime>1.0</ExhaustionTime>
    <RestTime>0.334</RestTime>
    <TiredLevel>33</TiredLevel>
    <PassOutLevel>-16</PassOutLevel>
    <HungerRate>3</HungerRate>
    <FoodRatio>1</FoodRatio>
    <HungerLevel>75</HungerLevel>
    <StarvationLevel>50</StarvationLevel>
    <ThirstRate>1.5</ThirstRate>
    <DrinkRatio>1</DrinkRatio>
    <ThirstLevel>84</ThirstLevel>
    <DyingOfThirstLevel>50</DyingOfThirstLevel>
    <BodyID>Gnome</BodyID>
  </Item>
  <Item>
    <ID>Alpaca</ID>
    <Name>alpaca</Name>
    <Gender>
      <Gender>Male</Gender>
      <Name>alpaca</Name>
      <RandomWeight>1</RandomWeight>
    </Gender>
    <Gender>
      <Gender>Female</Gender>
      <Name>alpaca</Name>
      <RandomWeight>1</RandomWeight>
    </Gender>
    <LanguageID>Gnome</LanguageID>
    <Attribute>
      <Attribute>Fitness</Attribute>
      <Min>80</Min>
      <Max>120</Max>
      <Mean>100</Mean>
    </Attribute>
    <Attribute>
      <Attribute>Nimbleness</Attribute>
      <Min>80</Min>
      <Max>120</Max>
      <Mean>100</Mean>
    </Attribute>
    <Attribute>
      <Attribute>Curiosity</Attribute>
      <Min>80</Min>
      <Max>120</Max>
      <Mean>100</Mean>
    </Attribute>
    <Attribute>
      <Attribute>Focus</Attribute>
      <Min>80</Min>
      <Max>120</Max>
      <Mean>100</Mean>
    </Attribute>
    <Attribute>
      <Attribute>Charm</Attribute>
      <Min>80</Min>
      <Max>120</Max>
      <Mean>100</Mean>
    </Attribute>
    <RaceVisual>
      <SpriteID>Alpaca</SpriteID>
    </RaceVisual>
    <MoveSpeed>4</MoveSpeed>
    <Size>6</Size>
    <SightRadius>16</SightRadius>
    <CombatSightRadius>4</CombatSightRadius>
    <ExhaustionTime>1.0</ExhaustionTime>
    <RestTime>0.334</RestTime>
    <TiredLevel>33</TiredLevel>
    <PassOutLevel>-16</PassOutLevel>
    <HungerRate>3</HungerRate>
    <FoodRatio>1</FoodRatio>
    <HungerLevel>84</HungerLevel>
    <StarvationLevel>50</StarvationLevel>
    <ThirstRate>0</ThirstRate>
    <DrinkRatio>1</DrinkRatio>
    <ThirstLevel>84</ThirstLevel>
    <DyingOfThirstLevel>50</DyingOfThirstLevel>
    <BodyID>Alpaca</BodyID>
    <Livestock>true</Livestock>
    <PastureSpace>8</PastureSpace>
    <GestationTimeMin>11</GestationTimeMin>
    <GestationTimeMax>13</GestationTimeMax>
    <AdditionalDiet>
      <Key>Straw</Key>
      <Value>25</Value>
    </AdditionalDiet>
  </Item>
  <Item>
    <ID>Yak</ID>
    <Name>yak</Name>
    <Gender>
      <Gender>Male</Gender>
      <Name>yak</Name>
      <RandomWeight>1</RandomWeight>
    </Gender>
    <Gender>
      <Gender>Female</Gender>
      <Name>yak</Name>
      <RandomWeight>1</RandomWeight>
    </Gender>
    <LanguageID>Gnome</LanguageID>
    <Attribute>
      <Attribute>Fitness</Attribute>
      <Min>80</Min>
      <Max>120</Max>
      <Mean>100</Mean>
    </Attribute>
    <Attribute>
      <Attribute>Nimbleness</Attribute>
      <Min>80</Min>
      <Max>120</Max>
      <Mean>100</Mean>
    </Attribute>
    <Attribute>
      <Attribute>Curiosity</Attribute>
      <Min>80</Min>
      <Max>120</Max>
      <Mean>100</Mean>
    </Attribute>
    <Attribute>
      <Attribute>Focus</Attribute>
      <Min>80</Min>
      <Max>120</Max>
      <Mean>100</Mean>
    </Attribute>
    <Attribute>
      <Attribute>Charm</Attribute>
      <Min>80</Min>
      <Max>120</Max>
      <Mean>100</Mean>
    </Attribute>
    <RaceVisual>
      <SpriteID>Yak</SpriteID>
    </RaceVisual>
    <MoveSpeed>4</MoveSpeed>
    <Size>6</Size>
    <SightRadius>16</SightRadius>
    <CombatSightRadius>4</CombatSightRadius>
    <ExhaustionTime>1.0</ExhaustionTime>
    <RestTime>0.334</RestTime>
    <TiredLevel>33</TiredLevel>
    <PassOutLevel>-16</PassOutLevel>
    <HungerRate>3</HungerRate>
    <FoodRatio>1</FoodRatio>
    <HungerLevel>84</HungerLevel>
    <StarvationLevel>50</StarvationLevel>
    <ThirstRate>0</ThirstRate>
    <DrinkRatio>1</DrinkRatio>
    <ThirstLevel>84</ThirstLevel>
    <DyingOfThirstLevel>50</DyingOfThirstLevel>
    <BodyID>Yak</BodyID>
    <Livestock>true</Livestock>
    <PastureSpace>12</PastureSpace>
    <GestationTimeMin>11</GestationTimeMin>
    <GestationTimeMax>13</GestationTimeMax>
    <AdditionalDiet>
      <Key>Straw</Key>
      <Value>25</Value>
    </AdditionalDiet>
  </Item>
  <Item>
    <ID>Emu</ID>
    <Name>emu</Name>
    <Gender>
      <Gender>Male</Gender>
      <Name>emu</Name>
      <RandomWeight>1</RandomWeight>
    </Gender>
    <Gender>
      <Gender>Female</Gender>
      <Name>emu</Name>
      <RandomWeight>1</RandomWeight>
    </Gender>
    <LanguageID>Gnome</LanguageID>
    <Attribute>
      <Attribute>Fitness</Attribute>
      <Min>80</Min>
      <Max>120</Max>
      <Mean>100</Mean>
    </Attribute>
    <Attribute>
      <Attribute>Nimbleness</Attribute>
      <Min>80</Min>
      <Max>120</Max>
      <Mean>100</Mean>
    </Attribute>
    <Attribute>
      <Attribute>Curiosity</Attribute>
      <Min>80</Min>
      <Max>120</Max>
      <Mean>100</Mean>
    </Attribute>
    <Attribute>
      <Attribute>Focus</Attribute>
      <Min>80</Min>
      <Max>120</Max>
      <Mean>100</Mean>
    </Attribute>
    <Attribute>
      <Attribute>Charm</Attribute>
      <Min>80</Min>
      <Max>120</Max>
      <Mean>100</Mean>
    </Attribute>
    <RaceVisual>
      <SpriteID>Emu</SpriteID>
    </RaceVisual>
    <MoveSpeed>4</MoveSpeed>
    <Size>6</Size>
    <SightRadius>16</SightRadius>
    <CombatSightRadius>4</CombatSightRadius>
    <ExhaustionTime>1.0</ExhaustionTime>
    <RestTime>0.334</RestTime>
    <TiredLevel>33</TiredLevel>
    <PassOutLevel>-16</PassOutLevel>
    <HungerRate>3</HungerRate>
    <FoodRatio>1</FoodRatio>
    <HungerLevel>84</HungerLevel>
    <StarvationLevel>50</StarvationLevel>
    <ThirstRate>0</ThirstRate>
    <DrinkRatio>1</DrinkRatio>
    <ThirstLevel>84</ThirstLevel>
    <DyingOfThirstLevel>50</DyingOfThirstLevel>
    <BodyID>Emu</BodyID>
    <Livestock>true</Livestock>
    <PastureSpace>9</PastureSpace>
    <GestationTimeMin>11</GestationTimeMin>
    <GestationTimeMax>13</GestationTimeMax>
    <AdditionalDiet>
      <Key>Seed</Key>
      <Value>25</Value>
    </AdditionalDiet>
  </Item>
  <Item>
    <ID>HoneyBadger</ID>
    <Name>honey badger</Name>
    <Gender>
      <Gender>Male</Gender>
      <Name>honey badger</Name>
      <RandomWeight>1</RandomWeight>
    </Gender>
    <Gender>
      <Gender>Female</Gender>
      <Name>honey badger</Name>
      <RandomWeight>1</RandomWeight>
    </Gender>
    <LanguageID>Gnome</LanguageID>
    <Attribute>
      <Attribute>Fitness</Attribute>
      <Min>70</Min>
      <Max>90</Max>
      <Mean>75</Mean>
    </Attribute>
    <Attribute>
      <Attribute>Nimbleness</Attribute>
      <Min>70</Min>
      <Max>90</Max>
      <Mean>75</Mean>
    </Attribute>
    <Attribute>
      <Attribute>Curiosity</Attribute>
      <Min>100</Min>
      <Max>120</Max>
      <Mean>100</Mean>
    </Attribute>
    <Attribute>
      <Attribute>Focus</Attribute>
      <Min>100</Min>
      <Max>120</Max>
      <Mean>100</Mean>
    </Attribute>
    <Attribute>
      <Attribute>Charm</Attribute>
      <Min>80</Min>
      <Max>120</Max>
      <Mean>100</Mean>
    </Attribute>
    <RaceVisual>
      <SpriteID>HoneyBadger</SpriteID>
    </RaceVisual>
    <MoveSpeed>10</MoveSpeed>
    <Size>25</Size>
    <SightRadius>16</SightRadius>
    <CombatSightRadius>6</CombatSightRadius>
    <ExhaustionTime>1.0</ExhaustionTime>
    <RestTime>0.334</RestTime>
    <TiredLevel>0</TiredLevel>
    <PassOutLevel>-16</PassOutLevel>
    <HungerRate>3</HungerRate>
    <FoodRatio>1</FoodRatio>
    <HungerLevel>84</HungerLevel>
    <StarvationLevel>50</StarvationLevel>
    <ThirstRate>1.5</ThirstRate>
    <DrinkRatio>1</DrinkRatio>
    <ThirstLevel>84</ThirstLevel>
    <DyingOfThirstLevel>50</DyingOfThirstLevel>
    <BodyID>HoneyBadger</BodyID>
  </Item>
  <Item>
    <ID>MonitorLizard</ID>
    <Name>monitor lizard</Name>
    <Gender>
      <Gender>Male</Gender>
      <Name>monitor lizard</Name>
      <RandomWeight>1</RandomWeight>
    </Gender>
    <Gender>
      <Gender>Female</Gender>
      <Name>monitor lizard</Name>
      <RandomWeight>1</RandomWeight>
    </Gender>
    <LanguageID>Gnome</LanguageID>
    <Attribute>
      <Attribute>Fitness</Attribute>
      <Min>70</Min>
      <Max>90</Max>
      <Mean>75</Mean>
    </Attribute>
    <Attribute>
      <Attribute>Nimbleness</Attribute>
      <Min>70</Min>
      <Max>90</Max>
      <Mean>75</Mean>
    </Attribute>
    <Attribute>
      <Attribute>Curiosity</Attribute>
      <Min>100</Min>
      <Max>120</Max>
      <Mean>100</Mean>
    </Attribute>
    <Attribute>
      <Attribute>Focus</Attribute>
      <Min>100</Min>
      <Max>120</Max>
      <Mean>100</Mean>
    </Attribute>
    <Attribute>
      <Attribute>Charm</Attribute>
      <Min>80</Min>
      <Max>120</Max>
      <Mean>100</Mean>
    </Attribute>
    <RaceVisual>
      <SpriteID>MonitorLizard</SpriteID>
    </RaceVisual>
    <MoveSpeed>10</MoveSpeed>
    <Size>25</Size>
    <SightRadius>16</SightRadius>
    <CombatSightRadius>4</CombatSightRadius>
    <ExhaustionTime>1.0</ExhaustionTime>
    <RestTime>0.334</RestTime>
    <TiredLevel>33</TiredLevel>
    <PassOutLevel>-16</PassOutLevel>
    <HungerRate>3</HungerRate>
    <FoodRatio>1</FoodRatio>
    <HungerLevel>84</HungerLevel>
    <StarvationLevel>50</StarvationLevel>
    <ThirstRate>1.5</ThirstRate>
    <DrinkRatio>1</DrinkRatio>
    <ThirstLevel>84</ThirstLevel>
    <DyingOfThirstLevel>50</DyingOfThirstLevel>
    <BodyID>MonitorLizard</BodyID>
  </Item>
  <Item>
    <ID>Bear</ID>
    <Name>bear</Name>
    <Gender>
      <Gender>Male</Gender>
      <Name>bear</Name>
      <RandomWeight>1</RandomWeight>
    </Gender>
    <Gender>
      <Gender>Female</Gender>
      <Name>bear</Name>
      <RandomWeight>1</RandomWeight>
    </Gender>
    <LanguageID>Gnome</LanguageID>
    <Attribute>
      <Attribute>Fitness</Attribute>
      <Min>100</Min>
      <Max>150</Max>
      <Mean>125</Mean>
    </Attribute>
    <Attribute>
      <Attribute>Nimbleness</Attribute>
      <Min>100</Min>
      <Max>150</Max>
      <Mean>115</Mean>
    </Attribute>
    <Attribute>
      <Attribute>Curiosity</Attribute>
      <Min>80</Min>
      <Max>120</Max>
      <Mean>100</Mean>
    </Attribute>
    <Attribute>
      <Attribute>Focus</Attribute>
      <Min>80</Min>
      <Max>120</Max>
      <Mean>100</Mean>
    </Attribute>
    <Attribute>
      <Attribute>Charm</Attribute>
      <Min>80</Min>
      <Max>120</Max>
      <Mean>100</Mean>
    </Attribute>
    <RaceVisual>
      <SpriteID>Bear</SpriteID>
    </RaceVisual>
    <MoveSpeed>10</MoveSpeed>
    <Size>25</Size>
    <SightRadius>16</SightRadius>
    <CombatSightRadius>4</CombatSightRadius>
    <ExhaustionTime>1.0</ExhaustionTime>
    <RestTime>0.334</RestTime>
    <TiredLevel>33</TiredLevel>
    <PassOutLevel>-16</PassOutLevel>
    <HungerRate>3</HungerRate>
    <FoodRatio>1</FoodRatio>
    <HungerLevel>84</HungerLevel>
    <StarvationLevel>50</StarvationLevel>
    <ThirstRate>1.5</ThirstRate>
    <DrinkRatio>1</DrinkRatio>
    <ThirstLevel>84</ThirstLevel>
    <DyingOfThirstLevel>50</DyingOfThirstLevel>
    <BodyID>Bear</BodyID>
  </Item>
  <Item>
    <ID>Goblin</ID>
    <Name>goblin</Name>
    <Gender>
      <Gender>Male</Gender>
      <Name>goblin</Name>
      <RandomWeight>10</RandomWeight>
    </Gender>
    <Gender>
      <Gender>Female</Gender>
      <Name>goblin</Name>
      <RandomWeight>1</RandomWeight>
    </Gender>
    <LanguageID>Goblin</LanguageID>
    <Attribute>
      <Attribute>Fitness</Attribute>
      <Min>80</Min>
      <Max>120</Max>
      <Mean>110</Mean>
    </Attribute>
    <Attribute>
      <Attribute>Nimbleness</Attribute>
      <Min>80</Min>
      <Max>120</Max>
      <Mean>110</Mean>
    </Attribute>
    <Attribute>
      <Attribute>Curiosity</Attribute>
      <Min>80</Min>
      <Max>120</Max>
      <Mean>100</Mean>
    </Attribute>
    <Attribute>
      <Attribute>Focus</Attribute>
      <Min>80</Min>
      <Max>120</Max>
      <Mean>100</Mean>
    </Attribute>
    <Attribute>
      <Attribute>Charm</Attribute>
      <Min>60</Min>
      <Max>80</Max>
      <Mean>70</Mean>
    </Attribute>
    <RaceVisual>
      <SpriteID>Goblin</SpriteID>
      <SkinColor>
        <Color>255 255 255 255</Color>
      </SkinColor>
      <SkinColor>
        <Color>224 224 224 255</Color>
      </SkinColor>
      <SkinColor>
        <Color>192 192 192 255</Color>
      </SkinColor>
      <SkinColor>
        <Color>128 160 128 255</Color>
      </SkinColor>
      <SkinColor>
        <Color>255 192 255 255</Color>
      </SkinColor>
      <HairColor>
        <Color>128 128 128 255</Color>
      </HairColor>
      <HairColor>
        <Color>64 64 64 255</Color>
      </HairColor>
    </RaceVisual>
    <MoveSpeed>8</MoveSpeed>
    <Size>10</Size>
    <SightRadius>16</SightRadius>
    <CombatSightRadius>16</CombatSightRadius>
    <ExhaustionTime>1.0</ExhaustionTime>
    <RestTime>0.334</RestTime>
    <TiredLevel>33</TiredLevel>
    <PassOutLevel>-16</PassOutLevel>
    <HungerRate>6</HungerRate>
    <FoodRatio>1</FoodRatio>
    <HungerLevel>84</HungerLevel>
    <StarvationLevel>50</StarvationLevel>
    <ThirstRate>3</ThirstRate>
    <DrinkRatio>1</DrinkRatio>
    <ThirstLevel>84</ThirstLevel>
    <DyingOfThirstLevel>50</DyingOfThirstLevel>
    <BodyID>Goblin</BodyID>
  </Item>
  <Item>
    <ID>Spider</ID>
    <Name>spider</Name>
    <Gender>
      <Gender>Female</Gender>
      <Name>spider</Name>
      <RandomWeight>1</RandomWeight>
    </Gender>
    <LanguageID>Gnome</LanguageID>
    <Attribute>
      <Attribute>Fitness</Attribute>
      <Min>100</Min>
      <Max>140</Max>
      <Mean>120</Mean>
    </Attribute>
    <Attribute>
      <Attribute>Nimbleness</Attribute>
      <Min>110</Min>
      <Max>150</Max>
      <Mean>135</Mean>
    </Attribute>
    <Attribute>
      <Attribute>Curiosity</Attribute>
      <Min>80</Min>
      <Max>120</Max>
      <Mean>100</Mean>
    </Attribute>
    <Attribute>
      <Attribute>Focus</Attribute>
      <Min>80</Min>
      <Max>120</Max>
      <Mean>100</Mean>
    </Attribute>
    <Attribute>
      <Attribute>Charm</Attribute>
      <Min>60</Min>
      <Max>80</Max>
      <Mean>70</Mean>
    </Attribute>
    <RaceVisual>
      <SpriteID>Spider</SpriteID>
    </RaceVisual>
    <MoveSpeed>10</MoveSpeed>
    <Size>25</Size>
    <SightRadius>16</SightRadius>
    <CombatSightRadius>16</CombatSightRadius>
    <ExhaustionTime>4.0</ExhaustionTime>
    <RestTime>0.334</RestTime>
    <TiredLevel>33</TiredLevel>
    <PassOutLevel>-16</PassOutLevel>
    <HungerRate>0</HungerRate>
    <FoodRatio>1</FoodRatio>
    <HungerLevel>84</HungerLevel>
    <StarvationLevel>50</StarvationLevel>
    <ThirstRate>0</ThirstRate>
    <DrinkRatio>1</DrinkRatio>
    <ThirstLevel>84</ThirstLevel>
    <DyingOfThirstLevel>50</DyingOfThirstLevel>
    <BodyID>Spider</BodyID>
  </Item>
  <Item>
    <ID>Golem</ID>
    <Name>golem</Name>
    <Gender>
      <Gender>Neuter</Gender>
      <Name>golem</Name>
      <RandomWeight>1</RandomWeight>
    </Gender>
    <LanguageID>Gnome</LanguageID>
    <Attribute>
      <Attribute>Fitness</Attribute>
      <Min>120</Min>
      <Max>180</Max>
      <Mean>150</Mean>
    </Attribute>
    <Attribute>
      <Attribute>Nimbleness</Attribute>
      <Min>40</Min>
      <Max>60</Max>
      <Mean>50</Mean>
    </Attribute>
    <Attribute>
      <Attribute>Curiosity</Attribute>
      <Min>80</Min>
      <Max>120</Max>
      <Mean>100</Mean>
    </Attribute>
    <Attribute>
      <Attribute>Focus</Attribute>
      <Min>80</Min>
      <Max>120</Max>
      <Mean>100</Mean>
    </Attribute>
    <Attribute>
      <Attribute>Charm</Attribute>
      <Min>60</Min>
      <Max>80</Max>
      <Mean>70</Mean>
    </Attribute>
    <RaceVisual>
      <SpriteID>Golem</SpriteID>
      <SkinColorTemplateIndex>0</SkinColorTemplateIndex>
    </RaceVisual>
    <MoveSpeed>5</MoveSpeed>
    <Size>25</Size>
    <SightRadius>12</SightRadius>
    <CombatSightRadius>12</CombatSightRadius>
    <ExhaustionTime>4.0</ExhaustionTime>
    <RestTime>0.334</RestTime>
    <TiredLevel>33</TiredLevel>
    <PassOutLevel>-16</PassOutLevel>
    <HungerRate>0</HungerRate>
    <FoodRatio>1</FoodRatio>
    <HungerLevel>84</HungerLevel>
    <StarvationLevel>50</StarvationLevel>
    <ThirstRate>0</ThirstRate>
    <DrinkRatio>1</DrinkRatio>
    <ThirstLevel>84</ThirstLevel>
    <DyingOfThirstLevel>50</DyingOfThirstLevel>
    <BodyID>Golem</BodyID>
  </Item>
  <Item>
    <ID>Ogre</ID>
    <Name>ogre</Name>
    <Gender>
      <Gender>Male</Gender>
      <Name>ogre</Name>
      <RandomWeight>10</RandomWeight>
    </Gender>
    <Gender>
      <Gender>Female</Gender>
      <Name>ogre</Name>
      <RandomWeight>1</RandomWeight>
    </Gender>
    <LanguageID>Goblin</LanguageID>
    <Attribute>
      <Attribute>Fitness</Attribute>
      <Min>130</Min>
      <Max>180</Max>
      <Mean>160</Mean>
    </Attribute>
    <Attribute>
      <Attribute>Nimbleness</Attribute>
      <Min>80</Min>
      <Max>120</Max>
      <Mean>110</Mean>
    </Attribute>
    <Attribute>
      <Attribute>Curiosity</Attribute>
      <Min>80</Min>
      <Max>120</Max>
      <Mean>100</Mean>
    </Attribute>
    <Attribute>
      <Attribute>Focus</Attribute>
      <Min>80</Min>
      <Max>120</Max>
      <Mean>100</Mean>
    </Attribute>
    <Attribute>
      <Attribute>Charm</Attribute>
      <Min>60</Min>
      <Max>80</Max>
      <Mean>70</Mean>
    </Attribute>
    <RaceVisual>
      <SpriteID>Ogre</SpriteID>
      <SkinColor>
        <Color>255 255 255 255</Color>
      </SkinColor>
      <SkinColor>
        <Color>255 255 224 255</Color>
      </SkinColor>
      <SkinColor>
        <Color>255 255 192 255</Color>
      </SkinColor>
      <SkinColor>
        <Color>255 224 224 255</Color>
      </SkinColor>
      <SkinColor>
        <Color>255 192 192 255</Color>
      </SkinColor>
      <HairColor>
        <Color>128 128 128 255</Color>
      </HairColor>
      <HairColor>
        <Color>64 64 64 255</Color>
      </HairColor>
    </RaceVisual>
    <MoveSpeed>7</MoveSpeed>
    <Size>10</Size>
    <SightRadius>16</SightRadius>
    <CombatSightRadius>16</CombatSightRadius>
    <DodgeTime>3.0</DodgeTime>
    <BaseAttackDelay>1.0</BaseAttackDelay>
    <ExhaustionTime>1.0</ExhaustionTime>
    <RestTime>0.334</RestTime>
    <TiredLevel>33</TiredLevel>
    <PassOutLevel>-16</PassOutLevel>
    <HungerRate>6</HungerRate>
    <FoodRatio>1</FoodRatio>
    <HungerLevel>84</HungerLevel>
    <StarvationLevel>50</StarvationLevel>
    <ThirstRate>3</ThirstRate>
    <DrinkRatio>1</DrinkRatio>
    <ThirstLevel>84</ThirstLevel>
    <DyingOfThirstLevel>50</DyingOfThirstLevel>
    <BloodLossRate>0.25</BloodLossRate>
    <BodyID>Ogre</BodyID>
  </Item>
  <Item>
    <ID>BlueOgre</ID>
    <Name>two-headed ogre</Name>
    <Gender>
      <Gender>Male</Gender>
      <Name>two-headed ogre</Name>
      <RandomWeight>10</RandomWeight>
    </Gender>
    <Gender>
      <Gender>Female</Gender>
      <Name>two-headed ogre</Name>
      <RandomWeight>1</RandomWeight>
    </Gender>
    <LanguageID>Goblin</LanguageID>
    <Attribute>
      <Attribute>Fitness</Attribute>
      <Min>140</Min>
      <Max>200</Max>
      <Mean>170</Mean>
    </Attribute>
    <Attribute>
      <Attribute>Nimbleness</Attribute>
      <Min>80</Min>
      <Max>120</Max>
      <Mean>110</Mean>
    </Attribute>
    <Attribute>
      <Attribute>Curiosity</Attribute>
      <Min>80</Min>
      <Max>120</Max>
      <Mean>100</Mean>
    </Attribute>
    <Attribute>
      <Attribute>Focus</Attribute>
      <Min>80</Min>
      <Max>120</Max>
      <Mean>100</Mean>
    </Attribute>
    <Attribute>
      <Attribute>Charm</Attribute>
      <Min>60</Min>
      <Max>80</Max>
      <Mean>70</Mean>
    </Attribute>
    <RaceVisual>
      <SpriteID>BlueOgre</SpriteID>
      <SkinColor>
        <Color>255 255 255 255</Color>
      </SkinColor>
      <SkinColor>
        <Color>255 255 224 255</Color>
      </SkinColor>
      <SkinColor>
        <Color>255 255 192 255</Color>
      </SkinColor>
      <SkinColor>
        <Color>255 224 224 255</Color>
      </SkinColor>
      <SkinColor>
        <Color>255 192 192 255</Color>
      </SkinColor>
      <HairColor>
        <Color>128 128 128 255</Color>
      </HairColor>
      <HairColor>
        <Color>64 64 64 255</Color>
      </HairColor>
    </RaceVisual>
    <MoveSpeed>7</MoveSpeed>
    <Size>10</Size>
    <SightRadius>16</SightRadius>
    <CombatSightRadius>16</CombatSightRadius>
    <DodgeTime>3.0</DodgeTime>
    <BaseAttackDelay>1.0</BaseAttackDelay>
    <ExhaustionTime>1.0</ExhaustionTime>
    <RestTime>0.334</RestTime>
    <TiredLevel>33</TiredLevel>
    <PassOutLevel>-16</PassOutLevel>
    <HungerRate>6</HungerRate>
    <FoodRatio>1</FoodRatio>
    <HungerLevel>84</HungerLevel>
    <StarvationLevel>50</StarvationLevel>
    <ThirstRate>3</ThirstRate>
    <DrinkRatio>1</DrinkRatio>
    <ThirstLevel>84</ThirstLevel>
    <DyingOfThirstLevel>50</DyingOfThirstLevel>
    <BloodLossRate>0.25</BloodLossRate>
    <BodyID>BlueOgre</BodyID>
  </Item>
  <Item>
    <ID>Mant</ID>
    <Name>mant</Name>
    <Gender>
      <Gender>Male</Gender>
      <Name>mant</Name>
      <RandomWeight>0</RandomWeight>
    </Gender>
    <Gender>
      <Gender>Female</Gender>
      <Name>mant</Name>
      <RandomWeight>100</RandomWeight>
    </Gender>
    <LanguageID>Goblin</LanguageID>
    <Attribute>
      <Attribute>Fitness</Attribute>
      <Min>160</Min>
      <Max>200</Max>
      <Mean>180</Mean>
    </Attribute>
    <Attribute>
      <Attribute>Nimbleness</Attribute>
      <Min>80</Min>
      <Max>120</Max>
      <Mean>110</Mean>
    </Attribute>
    <Attribute>
      <Attribute>Curiosity</Attribute>
      <Min>80</Min>
      <Max>120</Max>
      <Mean>100</Mean>
    </Attribute>
    <Attribute>
      <Attribute>Focus</Attribute>
      <Min>80</Min>
      <Max>120</Max>
      <Mean>100</Mean>
    </Attribute>
    <Attribute>
      <Attribute>Charm</Attribute>
      <Min>60</Min>
      <Max>80</Max>
      <Mean>70</Mean>
    </Attribute>
    <RaceVisual>
      <SpriteID>Mant</SpriteID>
      <SkinColor>
        <Color>255 255 255 255</Color>
      </SkinColor>
      <HairColor>
        <Color>64 64 64 255</Color>
      </HairColor>
    </RaceVisual>
    <MoveSpeed>8</MoveSpeed>
    <Size>10</Size>
    <SightRadius>6</SightRadius>
    <CombatSightRadius>6</CombatSightRadius>
    <DodgeTime>1.5</DodgeTime>
    <BaseAttackDelay>0.75</BaseAttackDelay>
    <ExhaustionTime>1.0</ExhaustionTime>
    <RestTime>0.334</RestTime>
    <TiredLevel>33</TiredLevel>
    <PassOutLevel>-16</PassOutLevel>
    <HungerRate>6</HungerRate>
    <FoodRatio>1</FoodRatio>
    <HungerLevel>84</HungerLevel>
    <StarvationLevel>50</StarvationLevel>
    <ThirstRate>3</ThirstRate>
    <DrinkRatio>1</DrinkRatio>
    <ThirstLevel>84</ThirstLevel>
    <DyingOfThirstLevel>50</DyingOfThirstLevel>
    <BloodLossRate>1</BloodLossRate>
    <BodyID>Mant</BodyID>
  </Item>
  <Item>
    <ID>Beetle</ID>
    <Name>beetle</Name>
    <Gender>
      <Gender>Male</Gender>
      <Name>beetle</Name>
      <RandomWeight>10</RandomWeight>
    </Gender>
    <Gender>
      <Gender>Female</Gender>
      <Name>beetle</Name>
      <RandomWeight>1</RandomWeight>
    </Gender>
    <LanguageID>Goblin</LanguageID>
    <Attribute>
      <Attribute>Fitness</Attribute>
      <Min>160</Min>
      <Max>200</Max>
      <Mean>180</Mean>
    </Attribute>
    <Attribute>
      <Attribute>Nimbleness</Attribute>
      <Min>80</Min>
      <Max>120</Max>
      <Mean>110</Mean>
    </Attribute>
    <Attribute>
      <Attribute>Curiosity</Attribute>
      <Min>80</Min>
      <Max>120</Max>
      <Mean>100</Mean>
    </Attribute>
    <Attribute>
      <Attribute>Focus</Attribute>
      <Min>80</Min>
      <Max>120</Max>
      <Mean>100</Mean>
    </Attribute>
    <Attribute>
      <Attribute>Charm</Attribute>
      <Min>60</Min>
      <Max>80</Max>
      <Mean>70</Mean>
    </Attribute>
    <RaceVisual>
      <SpriteID>Beetle</SpriteID>
      <SkinColor>
        <Color>255 255 255 255</Color>
      </SkinColor>
      <HairColor>
        <Color>64 64 64 255</Color>
      </HairColor>
    </RaceVisual>
    <MoveSpeed>8</MoveSpeed>
    <Size>10</Size>
    <SightRadius>16</SightRadius>
    <CombatSightRadius>16</CombatSightRadius>
    <DodgeTime>1.5</DodgeTime>
    <BaseAttackDelay>0.75</BaseAttackDelay>
    <ExhaustionTime>1.0</ExhaustionTime>
    <RestTime>0.334</RestTime>
    <TiredLevel>33</TiredLevel>
    <PassOutLevel>-16</PassOutLevel>
    <HungerRate>0</HungerRate>
    <FoodRatio>1</FoodRatio>
    <HungerLevel>84</HungerLevel>
    <StarvationLevel>50</StarvationLevel>
    <ThirstRate>0</ThirstRate>
    <DrinkRatio>1</DrinkRatio>
    <ThirstLevel>84</ThirstLevel>
    <DyingOfThirstLevel>50</DyingOfThirstLevel>
    <BloodLossRate>1</BloodLossRate>
    <BodyID>Beetle</BodyID>
    <GestationTimeMin>0.5</GestationTimeMin>
    <GestationTimeMax>1</GestationTimeMax>
  </Item>
  <Item>
    <ID>BeetleCocoon</ID>
    <Name>beetle</Name>
    <Gender>
      <Gender>Male</Gender>
      <Name>beetle cocoon</Name>
      <RandomWeight>10</RandomWeight>
    </Gender>
    <Gender>
      <Gender>Female</Gender>
      <Name>beetle cocoon</Name>
      <RandomWeight>1</RandomWeight>
    </Gender>
    <LanguageID>Goblin</LanguageID>
    <Attribute>
      <Attribute>Fitness</Attribute>
      <Min>1</Min>
      <Max>2</Max>
      <Mean>1</Mean>
    </Attribute>
    <Attribute>
      <Attribute>Nimbleness</Attribute>
      <Min>1</Min>
      <Max>2</Max>
      <Mean>1</Mean>
    </Attribute>
    <Attribute>
      <Attribute>Curiosity</Attribute>
      <Min>1</Min>
      <Max>2</Max>
      <Mean>1</Mean>
    </Attribute>
    <Attribute>
      <Attribute>Focus</Attribute>
      <Min>1</Min>
      <Max>2</Max>
      <Mean>1</Mean>
    </Attribute>
    <Attribute>
      <Attribute>Charm</Attribute>
      <Min>60</Min>
      <Max>80</Max>
      <Mean>70</Mean>
    </Attribute>
    <RaceVisual>
      <SpriteID>Cocoon</SpriteID>
      <SkinColor>
        <Color>255 255 255 255</Color>
      </SkinColor>
      <HairColor>
        <Color>64 64 64 255</Color>
      </HairColor>
    </RaceVisual>
    <MoveSpeed>0</MoveSpeed>
    <Size>10</Size>
    <SightRadius>16</SightRadius>
    <CombatSightRadius>16</CombatSightRadius>
    <DodgeTime>1.5</DodgeTime>
    <BaseAttackDelay>0.75</BaseAttackDelay>
    <ExhaustionTime>1.0</ExhaustionTime>
    <RestTime>0.334</RestTime>
    <TiredLevel>33</TiredLevel>
    <PassOutLevel>-16</PassOutLevel>
    <HungerRate>0</HungerRate>
    <FoodRatio>1</FoodRatio>
    <HungerLevel>84</HungerLevel>
    <StarvationLevel>50</StarvationLevel>
    <ThirstRate>0</ThirstRate>
    <DrinkRatio>1</DrinkRatio>
    <ThirstLevel>84</ThirstLevel>
    <DyingOfThirstLevel>50</DyingOfThirstLevel>
    <BloodLossRate>1</BloodLossRate>
    <BodyID>BeetleCocoon</BodyID>
    <GestationTimeMin>1</GestationTimeMin>
    <GestationTimeMax>3</GestationTimeMax>
  </Item>
  <Item>
    <ID>Zombie</ID>
    <Name>zombie</Name>
    <Gender>
      <Gender>Male</Gender>
      <Name>zombie</Name>
      <RandomWeight>1</RandomWeight>
    </Gender>
    <Gender>
      <Gender>Female</Gender>
      <Name>zombie</Name>
      <RandomWeight>1</RandomWeight>
    </Gender>
    <LanguageID>Gnome</LanguageID>
    <Attribute>
      <Attribute>Fitness</Attribute>
      <Min>80</Min>
      <Max>120</Max>
      <Mean>100</Mean>
    </Attribute>
    <Attribute>
      <Attribute>Nimbleness</Attribute>
      <Min>80</Min>
      <Max>120</Max>
      <Mean>100</Mean>
    </Attribute>
    <Attribute>
      <Attribute>Curiosity</Attribute>
      <Min>80</Min>
      <Max>120</Max>
      <Mean>100</Mean>
    </Attribute>
    <Attribute>
      <Attribute>Focus</Attribute>
      <Min>80</Min>
      <Max>120</Max>
      <Mean>100</Mean>
    </Attribute>
    <Attribute>
      <Attribute>Charm</Attribute>
      <Min>80</Min>
      <Max>120</Max>
      <Mean>100</Mean>
    </Attribute>
    <RaceVisual>
      <SpriteID>Zombie</SpriteID>
      <Weight>2</Weight>
      <SkinColor>
        <Color>255 255 255 255</Color>
      </SkinColor>
      <HairColor>
        <Color>255 255 255 255</Color>
      </HairColor>
    </RaceVisual>
    <MoveSpeed>6</MoveSpeed>
    <Size>10</Size>
    <SightRadius>16</SightRadius>
    <CombatSightRadius>16</CombatSightRadius>
    <ExhaustionTime>1.0</ExhaustionTime>
    <RestTime>0.334</RestTime>
    <TiredLevel>33</TiredLevel>
    <PassOutLevel>-16</PassOutLevel>
    <HungerRate>0</HungerRate>
    <FoodRatio>1</FoodRatio>
    <HungerLevel>75</HungerLevel>
    <StarvationLevel>50</StarvationLevel>
    <ThirstRate>0</ThirstRate>
    <DrinkRatio>1</DrinkRatio>
    <ThirstLevel>84</ThirstLevel>
    <DyingOfThirstLevel>50</DyingOfThirstLevel>
    <BloodLossRate>0</BloodLossRate>
    <BodyID>Zombie</BodyID>
  </Item>
  <Item>
    <ID>Skeleton</ID>
    <Name>skeleton</Name>
    <Gender>
      <Gender>Male</Gender>
      <Name>skeleton</Name>
      <RandomWeight>1</RandomWeight>
    </Gender>
    <Gender>
      <Gender>Female</Gender>
      <Name>skeleton</Name>
      <RandomWeight>1</RandomWeight>
    </Gender>
    <LanguageID>Gnome</LanguageID>
    <Attribute>
      <Attribute>Fitness</Attribute>
      <Min>80</Min>
      <Max>120</Max>
      <Mean>100</Mean>
    </Attribute>
    <Attribute>
      <Attribute>Nimbleness</Attribute>
      <Min>80</Min>
      <Max>120</Max>
      <Mean>100</Mean>
    </Attribute>
    <Attribute>
      <Attribute>Curiosity</Attribute>
      <Min>80</Min>
      <Max>120</Max>
      <Mean>100</Mean>
    </Attribute>
    <Attribute>
      <Attribute>Focus</Attribute>
      <Min>80</Min>
      <Max>120</Max>
      <Mean>100</Mean>
    </Attribute>
    <Attribute>
      <Attribute>Charm</Attribute>
      <Min>80</Min>
      <Max>120</Max>
      <Mean>100</Mean>
    </Attribute>
    <RaceVisual>
      <SpriteID>Skeleton</SpriteID>
      <Weight>2</Weight>
      <SkinColor>
        <Color>255 255 255 255</Color>
      </SkinColor>
      <HairColor>
        <Color>255 255 255 255</Color>
      </HairColor>
    </RaceVisual>
    <MoveSpeed>8</MoveSpeed>
    <Size>10</Size>
    <SightRadius>16</SightRadius>
    <CombatSightRadius>16</CombatSightRadius>
    <ExhaustionTime>1.0</ExhaustionTime>
    <RestTime>0.334</RestTime>
    <TiredLevel>33</TiredLevel>
    <PassOutLevel>-16</PassOutLevel>
    <HungerRate>0</HungerRate>
    <FoodRatio>1</FoodRatio>
    <HungerLevel>75</HungerLevel>
    <StarvationLevel>50</StarvationLevel>
    <ThirstRate>0</ThirstRate>
    <DrinkRatio>1</DrinkRatio>
    <ThirstLevel>84</ThirstLevel>
    <DyingOfThirstLevel>50</DyingOfThirstLevel>
    <BloodLossRate>0</BloodLossRate>
    <BodyID>Skeleton</BodyID>
  </Item>
  <Item>
    <ID>Automaton</ID>
    <Name>automaton</Name>
    <Gender>
      <Gender>Neuter</Gender>
      <Name>automaton</Name>
      <RandomWeight>1</RandomWeight>
    </Gender>
    <LanguageID>Gnome</LanguageID>
    <Attribute>
      <Attribute>Fitness</Attribute>
      <Min>120</Min>
      <Max>180</Max>
      <Mean>150</Mean>
    </Attribute>
    <Attribute>
      <Attribute>Nimbleness</Attribute>
      <Min>60</Min>
      <Max>100</Max>
      <Mean>80</Mean>
    </Attribute>
    <Attribute>
      <Attribute>Curiosity</Attribute>
      <Min>40</Min>
      <Max>60</Max>
      <Mean>50</Mean>
    </Attribute>
    <Attribute>
      <Attribute>Focus</Attribute>
      <Min>120</Min>
      <Max>180</Max>
      <Mean>150</Mean>
    </Attribute>
    <Attribute>
      <Attribute>Charm</Attribute>
      <Min>80</Min>
      <Max>120</Max>
      <Mean>100</Mean>
    </Attribute>
    <RaceVisual>
      <SpriteID>Automaton</SpriteID>
      <SkinColorTemplateIndex>0</SkinColorTemplateIndex>
    </RaceVisual>
    <MoveSpeed>6</MoveSpeed>
    <Size>25</Size>
    <CastLightRadius>2</CastLightRadius>
    <SightRadius>12</SightRadius>
    <CombatSightRadius>12</CombatSightRadius>
    <DodgeTime>3.0</DodgeTime>
    <BaseAttackDelay>1.0</BaseAttackDelay>
    <ExhaustionTime>0</ExhaustionTime>
    <RestTime>0.334</RestTime>
    <TiredLevel>33</TiredLevel>
    <PassOutLevel>-16</PassOutLevel>
    <HungerRate>0</HungerRate>
    <FoodRatio>1</FoodRatio>
    <HungerLevel>84</HungerLevel>
    <StarvationLevel>50</StarvationLevel>
    <ThirstRate>0</ThirstRate>
    <DrinkRatio>1</DrinkRatio>
    <ThirstLevel>84</ThirstLevel>
    <DyingOfThirstLevel>50</DyingOfThirstLevel>
    <HealingItemID>ArmorPlate</HealingItemID>
    <BodyID>Automaton</BodyID>
  </Item>
</Races>
