﻿<?xml version="1.0" encoding="utf-8" ?>
<Skills>
  <!--Item:
        ID: ID of skill
        Name: Name of skill
        Title: Title of someone with this skill.  Used in population overview ui
  -->
  <Item>
    <ID>Mining</ID>
    <Name>Mining</Name>
    <Title>Miner</Title>
  </Item>
  <Item>
    <ID>Masonry</ID>
    <Name>Masonry</Name>
    <Title>Mason</Title>
  </Item>
  <Item>
    <ID>Stonecarving</ID>
    <Name>Stonecarving</Name>
    <Title>Stonecarver</Title>
  </Item>
  <Item>
    <ID>Woodcutting</ID>
    <Name>Woodcutting</Name>
    <Title>Woodcutter</Title>
  </Item>
  <Item>
    <ID>Carpentry</ID>
    <Name>Carpentry</Name>
    <Title>Carpenter</Title>
  </Item>
  <Item>
    <ID>Woodcarving</ID>
    <Name>Woodcarving</Name>
    <Title>Woodcarver</Title>
  </Item>
  <Item>
    <ID>Smelting</ID>
    <Name>Smelting</Name>
    <Title>Smelter</Title>
  </Item>
  <Item>
    <ID>Blacksmithing</ID>
    <Name>Blacksmithing</Name>
    <Title>Blacksmith</Title>
  </Item>
  <Item>
    <ID>Metalworking</ID>
    <Name>Metalworking</Name>
    <Title>Metalworker</Title>
  </Item>
  <Item>
    <ID>WeaponCrafting</ID>
    <Name>Weapon Crafting</Name>
    <Title>Weaponsmith</Title>
  </Item>
  <Item>
    <ID>ArmorCrafting</ID>
    <Name>Armor Crafting</Name>
    <Title>Armorer</Title>
  </Item>
  <Item>
    <ID>Gemcutting</ID>
    <Name>Gemcutting</Name>
    <Title>Gemcutter</Title>
  </Item>
  <Item>
    <ID>JewelryMaking</ID>
    <Name>Jewelry Making</Name>
    <Title>Jeweler</Title>
  </Item>
  <Item>
    <ID>Weaving</ID>
    <Name>Weaving</Name>
    <Title>Weaver</Title>
  </Item>
  <Item>
    <ID>Tailoring</ID>
    <Name>Tailoring</Name>
    <Title>Tailor</Title>
  </Item>
  <Item>
    <ID>Pottery</ID>
    <Name>Pottery</Name>
    <Title>Potter</Title>
  </Item>
  <Item>
    <ID>Leatherworking</ID>
    <Name>Leatherworking</Name>
    <Title>Leatherworker</Title>
  </Item>
  <Item>
    <ID>Tinkering</ID>
    <Name>Tinkering</Name>
    <Title>Tinkerer</Title>
  </Item>
  <Item>
    <ID>Machining</ID>
    <Name>Machining</Name>
    <Title>Machinist</Title>
  </Item>
  <Item>
    <ID>Engineering</ID>
    <Name>Engineering</Name>
    <Title>Engineer</Title>
  </Item>
  <Item>
    <ID>Mechanic</ID>
    <Name>Mechanic</Name>
    <Title>Mechanic</Title>
  </Item>
  <Item>
    <ID>AnimalHusbandry</ID>
    <Name>Animal Husbandry</Name>
    <Title>Rancher</Title>
  </Item>
  <Item>
    <ID>Butchery</ID>
    <Name>Butchery</Name>
    <Title>Butcher</Title>
  </Item>
  <Item>
    <ID>Horticulture</ID>
    <Name>Horticulture</Name>
    <Title>Gardener</Title>
  </Item>
  <Item>
    <ID>Farming</ID>
    <Name>Farming</Name>
    <Title>Farmer</Title>
  </Item>
  <Item>
    <ID>Cooking</ID>
    <Name>Cooking</Name>
    <Title>Chef</Title>
  </Item>
  <Item>
    <ID>Brewing</ID>
    <Name>Brewing</Name>
    <Title>Brewer</Title>
  </Item>
  <Item>
    <ID>Construction</ID>
    <Name>Construction</Name>
    <Title>Builder</Title>
  </Item>
  <Item>
    <ID>Hauling</ID>
    <Name>Hauling</Name>
    <Title>Hauler</Title>
  </Item>
  <Item>
    <ID>NaturalAttack</ID>
    <Name>Fighting</Name>
    <Title>Fighter</Title>
  </Item>
  <Item>
    <ID>Brawling</ID>
    <Name>Brawling</Name>
    <Title>Brawler</Title>
  </Item>
  <Item>
    <ID>Sword</ID>
    <Name>Sword</Name>
    <Title>Swords</Title>
  </Item>
  <Item>
    <ID>Axe</ID>
    <Name>Axe</Name>
    <Title>Axe</Title>
  </Item>
  <Item>
    <ID>Hammer</ID>
    <Name>Hammer</Name>
    <Title>Hammer</Title>
  </Item>
  <Item>
    <ID>Dodge</ID>
    <Name>Dodge</Name>
    <Title>Dodger</Title>
  </Item>
  <Item>
    <ID>Shield</ID>
    <Name>Shield</Name>
    <Title>Shielder</Title>
  </Item>
  <Item>
    <ID>Armor</ID>
    <Name>Armor</Name>
    <Title>Knight</Title>
  </Item>
  <Item>
    <ID>Discipline</ID>
    <Name>Discipline</Name>
    <Title>Discipline</Title>
  </Item>
  <Item>
    <ID>Crossbow</ID>
    <Name>Crossbow</Name>
    <Title>Crossbow</Title>
  </Item>
  <Item>
    <ID>Gun</ID>
    <Name>Gun</Name>
    <Title>Gun</Title>
  </Item>
  <Item>
    <ID>Medic</ID>
    <Name>Medic</Name>
    <Title>Medic</Title>
  </Item>
  <Item>
    <ID>Caretaking</ID>
    <Name>Caretaking</Name>
    <Title>Caretaker</Title>
  </Item>
  <Item>
    <ID>Bonecarving</ID>
    <Name>Bonecarving</Name>
    <Title>Bonecarver</Title>
  </Item>
  <Item>
    <ID>Prospecting</ID>
    <Name>Prospecting</Name>
    <Title>Prospector</Title>
  </Item>
</Skills>
