﻿<?xml version="1.0" encoding="utf-8" ?>
<GrassSettings>
  <!--WeightedSpriteID: Base sprite of grass.  Supports an arbitrary amount
        Weight: Affects liklihood of this sprite being randomly chosen.  ex Two sprites with equal weight (1 and 1) both have 50% chance. A weight of 3 is 3x as likely to be chosen vs 1 (75% vs 25%)
        Sprites: Sprite to be rendered
          SpriteID: Supports an arbitrary number of these, rendering in order with the last one on top
            SpriteID: Actual ID of sprite to be rendered
  -->
  <!--WeightedDetailSpriteID: Sprite used to decorate grass.  Has a 50% chance to be flipped horizontally. Supports an arbitrary amount
        Weight: Affects liklihood of this sprite being randomly chosen.  ex Two sprites with equal weight (1 and 1) both have 50% chance. A weight of 3 is 3x as likely to be chosen vs 1 (75% vs 25%)
        Sprites: Sprite to be rendered
          SpriteID: Supports an arbitrary number of these, rendering in order with the last one on top
            SpriteID: Actual ID of sprite to be rendered. SPRITEID_NONE will not render a sprite
  -->
  <!--StateSprite: Used to define sprites for grass grown on dirt ramps
        Key: State name
        Value:
          Item:
            SpriteID: ID of sprite
  -->
  <!--GrassMaterialID (Optional): Default is Grass. ID of grass material-->
  <!--GrownOnMaterialID: ID of material that grass grows on-->
  <WeightedSpriteID>
    <Weight>1</Weight>
    <Sprites>
      <SpriteID>
        <SpriteID>SpringGrass1</SpriteID>
      </SpriteID>
    </Sprites>
  </WeightedSpriteID>
  <WeightedSpriteID>
    <Weight>1</Weight>
    <Sprites>
      <SpriteID>
        <SpriteID>SpringGrass2</SpriteID>
      </SpriteID>
    </Sprites>
  </WeightedSpriteID>
  <WeightedDetailSpriteID>
    <Weight>9</Weight>
    <Sprites>
      <SpriteID>
        <SpriteID>SPRITEID_NONE</SpriteID>
      </SpriteID>
    </Sprites>
  </WeightedDetailSpriteID>
  <WeightedDetailSpriteID>
    <Weight>0.5</Weight>
    <Sprites>
      <SpriteID>
        <SpriteID>SpringGrassDetail1</SpriteID>
      </SpriteID>
    </Sprites>
  </WeightedDetailSpriteID>
  <WeightedDetailSpriteID>
    <Weight>0.5</Weight>
    <Sprites>
      <SpriteID>
        <SpriteID>SpringGrassDetail2</SpriteID>
      </SpriteID>
    </Sprites>
  </WeightedDetailSpriteID>
  <WeightedDetailSpriteID>
    <Weight>0.5</Weight>
    <Sprites>
      <SpriteID>
        <SpriteID>SpringGrassDetail3</SpriteID>
      </SpriteID>
    </Sprites>
  </WeightedDetailSpriteID>
  <WeightedDetailSpriteID>
    <Weight>0.5</Weight>
    <Sprites>
      <SpriteID>
        <SpriteID>SpringGrassDetail4</SpriteID>
      </SpriteID>
    </Sprites>
  </WeightedDetailSpriteID>
  <WeightedDetailSpriteID>
    <Weight>1</Weight>
    <Sprites>
      <SpriteID>
        <SpriteID>SpringGrassDetail5</SpriteID>
      </SpriteID>
    </Sprites>
  </WeightedDetailSpriteID>
  <StateSprite>
    <Key>TopLeftAndRightRamp</Key>
    <Value>
      <Item>
        <SpriteID>GrassTopLeftAndRightRamp</SpriteID>
      </Item>
    </Value>
  </StateSprite>
  <StateSprite>
    <Key>TopAndBottomLeftRamp</Key>
    <Value>
      <Item>
        <SpriteID>GrassTopAndBottomLeftRamp</SpriteID>
      </Item>
    </Value>
  </StateSprite>
  <StateSprite>
    <Key>TopAndBottomRightRamp</Key>
    <Value>
      <Item>
        <SpriteID>GrassTopAndBottomRightRamp</SpriteID>
      </Item>
    </Value>
  </StateSprite>
  <StateSprite>
    <Key>BottomLeftAndRightRamp</Key>
    <Value>
      <Item>
        <SpriteID>GrassBottomLeftAndRightRamp</SpriteID>
      </Item>
    </Value>
  </StateSprite>
  <StateSprite>
    <Key>TopLeftAndBottomRightRamp</Key>
    <Value>
      <Item>
        <SpriteID>GrassTopLeftAndBottomRightRamp</SpriteID>
      </Item>
    </Value>
  </StateSprite>
  <StateSprite>
    <Key>TopRightAndBottomLeftRamp</Key>
    <Value>
      <Item>
        <SpriteID>GrassTopRightAndBottomLeftRamp</SpriteID>
      </Item>
    </Value>
  </StateSprite>
  <StateSprite>
    <Key>TopLeftRamp</Key>
    <Value>
      <Item>
        <SpriteID>GrassTopLeftRamp</SpriteID>
      </Item>
    </Value>
  </StateSprite>
  <StateSprite>
    <Key>TopRightRamp</Key>
    <Value>
      <Item>
        <SpriteID>GrassTopRightRamp</SpriteID>
      </Item>
    </Value>
  </StateSprite>
  <StateSprite>
    <Key>BottomLeftRamp</Key>
    <Value>
      <Item>
        <SpriteID>GrassBottomLeftRamp</SpriteID>
      </Item>
    </Value>
  </StateSprite>
  <StateSprite>
    <Key>BottomRightRamp</Key>
    <Value>
      <Item>
        <SpriteID>GrassBottomRightRamp</SpriteID>
      </Item>
    </Value>
  </StateSprite>
  <StateSprite>
    <Key>TopLeftAndRightRampTop</Key>
    <Value>
      <Item>
        <SpriteID>GrassTopLeftAndRightRampTop</SpriteID>
      </Item>
    </Value>
  </StateSprite>
  <StateSprite>
    <Key>TopAndBottomLeftRampTop</Key>
    <Value>
      <Item>
        <SpriteID>GrassTopAndBottomLeftRampTop</SpriteID>
      </Item>
    </Value>
  </StateSprite>
  <StateSprite>
    <Key>TopAndBottomRightRampTop</Key>
    <Value>
      <Item>
        <SpriteID>GrassTopAndBottomRightRampTop</SpriteID>
      </Item>
    </Value>
  </StateSprite>
  <StateSprite>
    <Key>BottomLeftAndRightRampTop</Key>
    <Value>
      <Item>
        <SpriteID>GrassBottomLeftAndRightRampTop</SpriteID>
      </Item>
    </Value>
  </StateSprite>
  <StateSprite>
    <Key>TopLeftAndBottomRightRampTop</Key>
    <Value>
      <Item>
        <SpriteID>GrassTopLeftAndBottomRightRampTop</SpriteID>
      </Item>
    </Value>
  </StateSprite>
  <StateSprite>
    <Key>TopRightAndBottomLeftRampTop</Key>
    <Value>
      <Item>
        <SpriteID>GrassTopRightAndBottomLeftRampTop</SpriteID>
      </Item>
    </Value>
  </StateSprite>
  <StateSprite>
    <Key>TopLeftRampTop</Key>
    <Value>
      <Item>
        <SpriteID>GrassTopLeftRampTop</SpriteID>
      </Item>
    </Value>
  </StateSprite>
  <StateSprite>
    <Key>TopRightRampTop</Key>
    <Value>
      <Item>
        <SpriteID>GrassTopRightRampTop</SpriteID>
      </Item>
    </Value>
  </StateSprite>
  <StateSprite>
    <Key>BottomLeftRampTop</Key>
    <Value>
      <Item>
        <SpriteID>GrassBottomLeftRampTop</SpriteID>
      </Item>
    </Value>
  </StateSprite>
  <StateSprite>
    <Key>BottomRightRampTop</Key>
    <Value>
      <Item>
        <SpriteID>GrassBottomRightRampTop</SpriteID>
      </Item>
    </Value>
  </StateSprite>
  <GrownOnMaterialID>Dirt</GrownOnMaterialID>
</GrassSettings>