﻿<?xml version="1.0" encoding="utf-8" ?>
<JobSettings>
  <!--DefaultSprite: Sprite used when not otherwise defined
        SpriteID: Supports multiple
          SpriteID: ID of sprite rendered
  -->
  <!--HeightIndicatorSpriteID: ID of sprite to indicate height, ie when building in the air-->
  <!--HeightIndicatorColor: Tint color of HeightIndicatorSpriteID-->
  <!--Job: Defines some parameters for jobs
        Type: Job Type
        SkillID: ID of skill used for this job.  Profession must allow this skill before a gnome will attempt this job.  This skill gets XP when the job completes
        SkillIncreaseScale (optional): Default is 0.3.  Scalar that is applied before adding experience to this skill
        IncreaseAdditionalSkill: List of skills to give XP when this job completes
          SkillID: ID of additional skill
          SkillIncreaseScale (optional): Default is 0.05.  Scalar that is applied before adding experience to this skill
        RequiredToolItemID (optional): Default none. ID of item required to progress job
        Sprites (optional)
          SpriteID
            SpriteID: ID of sprite
        StateSprite (optional)
          Key: Name of state
          Value:
            Item: Supports arbitrary number of these which are rendered in order
              SpriteID: Actual ID of sprite rendered
        ConstructionID (optional): Potential IDs of constructions for this job.  Only applies to certain job types         
  -->
  <DefaultSprite>
    <SpriteID>
      <SpriteID>SolidSelectionFloor</SpriteID>
    </SpriteID>
  </DefaultSprite>
  <DefaultJobSkillID>Discipline</DefaultJobSkillID>
  <HeightIndicatorSpriteID>SelectionWall</HeightIndicatorSpriteID>
  <HeightIndicatorColor>128 128 128 128</HeightIndicatorColor>
  <Job>
    <Type>Mine</Type>
    <SkillID>Mining</SkillID>
    <IncreaseAdditionalSkill>
      <SkillID>Hammer</SkillID>
    </IncreaseAdditionalSkill>
    <RequiredToolItemID>Pickaxe</RequiredToolItemID>
    <Sprites>
      <SpriteID>
        <SpriteID>SolidSelectionWall</SpriteID>
      </SpriteID>
    </Sprites>
    <StateSprite>
      <Key>Selection</Key>
      <Value>
        <Item>
          <SpriteID>SelectionWallTop</SpriteID>
        </Item>
      </Value>
    </StateSprite>
  </Job>
  <Job>
    <Type>MineStairsUp</Type>
    <SkillID>Mining</SkillID>
    <IncreaseAdditionalSkill>
      <SkillID>Hammer</SkillID>
    </IncreaseAdditionalSkill>
    <RequiredToolItemID>Pickaxe</RequiredToolItemID>
    <Sprites>
      <SpriteID>
        <SpriteID>Stairs</SpriteID>
      </SpriteID>
    </Sprites>
  </Job>
  <Job>
    <Type>MineRampUp</Type>
    <SkillID>Mining</SkillID>
    <IncreaseAdditionalSkill>
      <SkillID>Hammer</SkillID>
    </IncreaseAdditionalSkill>
    <RequiredToolItemID>Pickaxe</RequiredToolItemID>
    <Sprites>
      <SpriteID>
        <SpriteID>SelectionWall</SpriteID>
      </SpriteID>
    </Sprites>
    <StateSprite>
      <Key>Selection</Key>
      <Value>
        <Item>
          <SpriteID>SelectionWall</SpriteID>
        </Item>
      </Value>
    </StateSprite>
  </Job>
  <Job>
    <Type>DigHole</Type>
    <SkillID>Mining</SkillID>
    <IncreaseAdditionalSkill>
      <SkillID>Hammer</SkillID>
    </IncreaseAdditionalSkill>
    <RequiredToolItemID>Pickaxe</RequiredToolItemID>
    <StateSprite>
      <Key>Selection</Key>
      <Value>
        <Item>
          <SpriteID>SelectionFloor</SpriteID>
        </Item>
      </Value>
    </StateSprite>
  </Job>
  <Job>
    <Type>DigRampDown</Type>
    <SkillID>Mining</SkillID>
    <IncreaseAdditionalSkill>
      <SkillID>Hammer</SkillID>
    </IncreaseAdditionalSkill>
    <RequiredToolItemID>Pickaxe</RequiredToolItemID>
    <Sprites>
      <SpriteID>
        <SpriteID>SelectionFloor</SpriteID>
      </SpriteID>
    </Sprites>
    <StateSprite>
      <Key>Selection</Key>
      <Value>
        <Item>
          <SpriteID>SelectionFloor</SpriteID>
        </Item>
      </Value>
    </StateSprite>
    <StateSprite>
      <Key>Wall</Key>
      <Value>
        <Item>
          <SpriteID>SolidSelectionWall</SpriteID>
        </Item>
      </Value>
    </StateSprite>
  </Job>
  <Job>
    <Type>DigStairsDown</Type>
    <SkillID>Mining</SkillID>
    <IncreaseAdditionalSkill>
      <SkillID>Hammer</SkillID>
    </IncreaseAdditionalSkill>
    <RequiredToolItemID>Pickaxe</RequiredToolItemID>
    <Sprites>
      <SpriteID>
        <SpriteID>SelectionFloor</SpriteID>
      </SpriteID>
    </Sprites>
    <StateSprite>
      <Key>Selection</Key>
      <Value>
        <Item>
          <SpriteID>SelectionFloor</SpriteID>
        </Item>
      </Value>
    </StateSprite>
    <StateSprite>
      <Key>Wall</Key>
      <Value>
        <Item>
          <SpriteID>SolidSelectionWall</SpriteID>
        </Item>
      </Value>
    </StateSprite>
  </Job>
  <Job>
    <Type>RemoveFloor</Type>
    <SkillID>Mining</SkillID>
    <IncreaseAdditionalSkill>
      <SkillID>Hammer</SkillID>
    </IncreaseAdditionalSkill>
    <RequiredToolItemID>Pickaxe</RequiredToolItemID>
    <StateSprite>
      <Key>Selection</Key>
      <Value>
        <Item>
          <SpriteID>SelectionFloor</SpriteID>
        </Item>
      </Value>
    </StateSprite>
  </Job>
  <Job>
    <Type>RemoveRamp</Type>
    <SkillID>Mining</SkillID>
    <IncreaseAdditionalSkill>
      <SkillID>Hammer</SkillID>
    </IncreaseAdditionalSkill>
    <RequiredToolItemID>Pickaxe</RequiredToolItemID>
    <Sprites>
      <SpriteID>
        <SpriteID>SolidSelectionWall</SpriteID>
      </SpriteID>
    </Sprites>
    <StateSprite>
      <Key>Selection</Key>
      <Value>
        <Item>
          <SpriteID>SelectionWall</SpriteID>
        </Item>
      </Value>
    </StateSprite>
  </Job>
  <Job>
    <Type>BuildWall</Type>
    <SkillID>Construction</SkillID>
    <StateSprite>
      <Key>Selection</Key>
      <Value>
        <Item>
          <SpriteID>SelectionWall</SpriteID>
        </Item>
      </Value>
    </StateSprite>
    <ConstructionID>SoilWall</ConstructionID>
    <ConstructionID>RawStoneWall</ConstructionID>
    <ConstructionID>LogWall</ConstructionID>
    <ConstructionID>BlockWall</ConstructionID>
    <ConstructionID>FancyBlockWall</ConstructionID>
    <ConstructionID>ChiseledBlockWall</ConstructionID>
    <ConstructionID>EngravedBlockWall</ConstructionID>
    <ConstructionID>StarEngravedBlockWall</ConstructionID>
    <ConstructionID>SpiralEngravedBlockWall</ConstructionID>
    <ConstructionID>MoonEngravedBlockWall</ConstructionID>
    <ConstructionID>WaterEngravedBlockWall</ConstructionID>
    <ConstructionID>SmoothStoneWall</ConstructionID>
    <ConstructionID>CarvedStoneWall</ConstructionID>
    <ConstructionID>PlankWall</ConstructionID>
    <ConstructionID>MetalWall</ConstructionID>
    <ConstructionID>ThatchWall</ConstructionID>
    <ConstructionID>BoneWall</ConstructionID>
    <ConstructionID>CeramicWall</ConstructionID>
    <ConstructionID>CrossFramedDirtWall</ConstructionID>
    <ConstructionID>VFramedDirtWall</ConstructionID>
    <ConstructionID>CrossFramedStoneWall</ConstructionID>
    <ConstructionID>VFramedStoneWall</ConstructionID>
    <ConstructionID>CrossFramedBlockWall</ConstructionID>
    <ConstructionID>VFramedBlockWall</ConstructionID>
    <ConstructionID>PanelledBlockWall</ConstructionID>
    <ConstructionID>CrossFramedSmoothWall</ConstructionID>
    <ConstructionID>VFramedSmoothWall</ConstructionID>
    <ConstructionID>PanelledSmoothWall</ConstructionID>
  </Job>
  <Job>
    <Type>BuildFloor</Type>
    <SkillID>Construction</SkillID>
    <StateSprite>
      <Key>Selection</Key>
      <Value>
        <Item>
          <SpriteID>SelectionFloor</SpriteID>
        </Item>
      </Value>
    </StateSprite>
    <ConstructionID>SoilFloor</ConstructionID>
    <ConstructionID>RawStoneFloor</ConstructionID>
    <ConstructionID>LogFloor</ConstructionID>
    <ConstructionID>BlockFloor</ConstructionID>
    <ConstructionID>FancyBlockFloor</ConstructionID>
    <ConstructionID>ChiseledBlockFloor</ConstructionID>
    <ConstructionID>EngravedBlockFloor</ConstructionID>
    <ConstructionID>StarEngravedBlockFloor</ConstructionID>
    <ConstructionID>SpiralEngravedBlockFloor</ConstructionID>
    <ConstructionID>MoonEngravedBlockFloor</ConstructionID>
    <ConstructionID>WaterEngravedBlockFloor</ConstructionID>
    <ConstructionID>SmoothStoneFloor</ConstructionID>
    <ConstructionID>CarvedStoneFloor</ConstructionID>
    <ConstructionID>PlankFloor</ConstructionID>
    <ConstructionID>MetalFloor</ConstructionID>
    <ConstructionID>ThatchFloor</ConstructionID>
    <ConstructionID>BoneFloor</ConstructionID>
    <ConstructionID>CeramicFloor</ConstructionID>
    <ConstructionID>FramedDirtFloor</ConstructionID>
    <ConstructionID>FramedStoneFloor</ConstructionID>
    <ConstructionID>FramedBlockFloor</ConstructionID>
    <ConstructionID>FramedSmoothFloor</ConstructionID>
  </Job>
  <Job>
    <Type>BuildStairsUp</Type>
    <SkillID>Construction</SkillID>
    <ConstructionID>SoilStairs</ConstructionID>
    <ConstructionID>RawStoneStairs</ConstructionID>
    <ConstructionID>BlockStairs</ConstructionID>
    <ConstructionID>PlankStairs</ConstructionID>
    <ConstructionID>MetalStairs</ConstructionID>
  </Job>
  <Job>
    <Type>BuildStairsDown</Type>
    <SkillID>Construction</SkillID>
    <Sprites>
      <SpriteID>
        <SpriteID>SelectionFloor</SpriteID>
      </SpriteID>
    </Sprites>
    <StateSprite>
      <Key>Selection</Key>
      <Value>
        <Item>
          <SpriteID>SelectionFloor</SpriteID>
        </Item>
      </Value>
    </StateSprite>
    <ConstructionID>SoilStairs</ConstructionID>
    <ConstructionID>RawStoneStairs</ConstructionID>
    <ConstructionID>BlockStairs</ConstructionID>
    <ConstructionID>PlankStairs</ConstructionID>
    <ConstructionID>MetalStairs</ConstructionID>
  </Job>
  <Job>
    <Type>BuildRampUp</Type>
    <SkillID>Construction</SkillID>
    <ConstructionID>SoilRamp</ConstructionID>
    <ConstructionID>RawStoneRamp</ConstructionID>
  </Job>
  <Job>
    <Type>BuildRampDown</Type>
    <SkillID>Construction</SkillID>
    <Sprites>
      <SpriteID>
        <SpriteID>SelectionFloor</SpriteID>
      </SpriteID>
    </Sprites>
    <StateSprite>
      <Key>Selection</Key>
      <Value>
        <Item>
          <SpriteID>SelectionFloor</SpriteID>
        </Item>
      </Value>
    </StateSprite>
    <ConstructionID>SoilRamp</ConstructionID>
    <ConstructionID>RawStoneRamp</ConstructionID>
  </Job>
  <Job>
    <Type>BuildDoor</Type>
    <SkillID>Construction</SkillID>
    <ConstructionID>WoodDoor</ConstructionID>
    <ConstructionID>StoneDoor</ConstructionID>
  </Job>
  <Job>
    <Type>BuildWell</Type>
    <SkillID>Construction</SkillID>
    <ConstructionID>Well</ConstructionID>
  </Job>
  <Job>
    <Type>Deconstruct</Type>
    <SkillID>Construction</SkillID>
    <SkillIncreaseScale>1</SkillIncreaseScale>
    <Sprites>
      <SpriteID>
        <SpriteID>SelectionWall</SpriteID>
      </SpriteID>
    </Sprites>
    <StateSprite>
      <Key>Selection</Key>
      <Value>
        <Item>
          <SpriteID>SelectionWall</SpriteID>
        </Item>
      </Value>
    </StateSprite>
  </Job>
  <Job>
    <Type>CreateStockpile</Type>
    <StateSprite>
      <Key>Selection</Key>
      <Value>
        <Item>
          <SpriteID>SolidSelectionFloor</SpriteID>
        </Item>
      </Value>
    </StateSprite>
  </Job>
  <Job>
    <Type>BuildWorkshop</Type>
    <SkillID>Construction</SkillID>
    <StateSprite>
      <Key>Selection</Key>
      <Value>
        <Item>
          <SpriteID>SelectionFloorTop</SpriteID>
        </Item>
      </Value>
    </StateSprite>
  </Job>
  <Job>
    <Type>BuildWorkshops</Type>
    <SkillID>Construction</SkillID>
    <ConstructionID>CrudeWorkbench</ConstructionID>

    <ConstructionID>Woodcutter</ConstructionID>
    <ConstructionID>Carpenter</ConstructionID>
    <ConstructionID>Woodcarver</ConstructionID>

    <ConstructionID>Stonecutter</ConstructionID>
    <ConstructionID>Stonemason</ConstructionID>
    <ConstructionID>Stonecarver</ConstructionID>

    <ConstructionID>Loom</ConstructionID>
    <ConstructionID>Tailor</ConstructionID>

    <ConstructionID>Butcher</ConstructionID>
    <ConstructionID>Kitchen</ConstructionID>
    <ConstructionID>Distillery</ConstructionID>
    <ConstructionID>Well</ConstructionID>

    <ConstructionID>Gemcutter</ConstructionID>
    <ConstructionID>Jeweler</ConstructionID>

    <ConstructionID>Furnace</ConstructionID>
    <ConstructionID>Forge</ConstructionID>
    <ConstructionID>Smelter</ConstructionID>
    <ConstructionID>Blacksmith</ConstructionID>
    <ConstructionID>Metalworker</ConstructionID>
    <ConstructionID>Weaponsmith</ConstructionID>
    <ConstructionID>Armorer</ConstructionID>

    <ConstructionID>TinkerBench</ConstructionID>
    <ConstructionID>MachineShop</ConstructionID>
    <ConstructionID>Engineer</ConstructionID>

    <ConstructionID>Kiln</ConstructionID>
    <ConstructionID>Leatherworker</ConstructionID>
    <ConstructionID>MarketStall</ConstructionID>
    <ConstructionID>Bonecarver</ConstructionID>
    <ConstructionID>Prospector</ConstructionID>

    <ConstructionID>TrainingGrounds</ConstructionID>
  </Job>
  <Job>
    <Type>FellTree</Type>
    <SkillID>Woodcutting</SkillID>
    <IncreaseAdditionalSkill>
      <SkillID>Axe</SkillID>
    </IncreaseAdditionalSkill>
    <RequiredToolItemID>FellingAxe</RequiredToolItemID>
    <Sprites>
      <SpriteID>
        <SpriteID>SolidSelectionWall</SpriteID>
      </SpriteID>
    </Sprites>
    <StateSprite>
      <Key>Selection</Key>
      <Value>
        <Item>
          <SpriteID>SelectionWall</SpriteID>
        </Item>
      </Value>
    </StateSprite>
  </Job>
  <Job>
    <Type>CutClipping</Type>
    <SkillID>Horticulture</SkillID>
    <StateSprite>
      <Key>Selection</Key>
      <Value>
        <Item>
          <SpriteID>SelectionWall</SpriteID>
        </Item>
      </Value>
    </StateSprite>
  </Job>
  <Job>
    <Type>PlantTree</Type>
    <SkillID>Horticulture</SkillID>
    <Sprites>
      <SpriteID>
        <SpriteID>Sapling</SpriteID>
      </SpriteID>
    </Sprites>
    <ConstructionID>Tree</ConstructionID>
  </Job>
  <Job>
    <Type>CreateFarm</Type>
    <StateSprite>
      <Key>Selection</Key>
      <Value>
        <Item>
          <SpriteID>SolidSelectionFloor</SpriteID>
        </Item>
      </Value>
    </StateSprite>
  </Job>
  <Job>
    <Type>CreatePasture</Type>
    <StateSprite>
      <Key>Selection</Key>
      <Value>
        <Item>
          <SpriteID>SolidSelectionFloor</SpriteID>
        </Item>
      </Value>
    </StateSprite>
  </Job>
  <Job>
    <Type>Forage</Type>
    <SkillID>Farming</SkillID>
    <StateSprite>
      <Key>Selection</Key>
      <Value>
        <Item>
          <SpriteID>SolidSelectionFloor</SpriteID>
        </Item>
      </Value>
    </StateSprite>
  </Job>
  <Job>
    <Type>CreatePersonalQuarters</Type>
    <StateSprite>
      <Key>Selection</Key>
      <Value>
        <Item>
          <SpriteID>SolidSelectionFloor</SpriteID>
        </Item>
      </Value>
    </StateSprite>
  </Job>
  <Job>
    <Type>CreateDormitory</Type>
    <StateSprite>
      <Key>Selection</Key>
      <Value>
        <Item>
          <SpriteID>SolidSelectionFloor</SpriteID>
        </Item>
      </Value>
    </StateSprite>
  </Job>
  <Job>
    <Type>CreateDiningRoom</Type>
    <StateSprite>
      <Key>Selection</Key>
      <Value>
        <Item>
          <SpriteID>SolidSelectionFloor</SpriteID>
        </Item>
      </Value>
    </StateSprite>
  </Job>
  <Job>
    <Type>CreateGuardArea</Type>
    <StateSprite>
      <Key>Selection</Key>
      <Value>
        <Item>
          <SpriteID>SolidSelectionFloor</SpriteID>
        </Item>
      </Value>
    </StateSprite>
  </Job>
  <Job>
    <Type>CreatePatrolRoute</Type>
    <StateSprite>
      <Key>Selection</Key>
      <Value>
        <Item>
          <SpriteID>SolidSelectionFloor</SpriteID>
        </Item>
      </Value>
    </StateSprite>
  </Job>
  <Job>
    <Type>BuildFurniture</Type>
    <SkillID>Construction</SkillID>
    <ConstructionID>WoodDoor</ConstructionID>
    <ConstructionID>StoneDoor</ConstructionID>
    <ConstructionID>StrawBed</ConstructionID>
    <ConstructionID>Bed</ConstructionID>
    <ConstructionID>FancyBed</ConstructionID>
    <ConstructionID>Table</ConstructionID>
    <ConstructionID>Chair</ConstructionID>
    <ConstructionID>Dresser</ConstructionID>
    <ConstructionID>Cabinet</ConstructionID>
    <ConstructionID>Statue</ConstructionID>
    <ConstructionID>Torch</ConstructionID>
    <ConstructionID>WallTorch</ConstructionID>
    <ConstructionID>Pillar</ConstructionID>
    <ConstructionID>PostAndRailFence</ConstructionID>
    <ConstructionID>PicketFence</ConstructionID>
    <ConstructionID>Trough</ConstructionID>
    <ConstructionID>SkullPike</ConstructionID>
    <ConstructionID>AlarmBell</ConstructionID>
  </Job>
  <Job>
    <Type>BuildMechanisms</Type>
    <SkillID>Mechanic</SkillID>
    <ConstructionID>Axle</ConstructionID>
    <ConstructionID>VerticalAxle</ConstructionID>
    <ConstructionID>GearBox</ConstructionID>
    <ConstructionID>Lever</ConstructionID>
    <ConstructionID>PressurePlate</ConstructionID>
    <ConstructionID>MechanicalWall</ConstructionID>
    <ConstructionID>Hatch</ConstructionID>
    <ConstructionID>Pump</ConstructionID>
    <ConstructionID>SpikeTrap</ConstructionID>
    <ConstructionID>BladeTrap</ConstructionID>
    <ConstructionID>Handcrank</ConstructionID>
    <ConstructionID>WindMill</ConstructionID>
    <ConstructionID>SteamEngine</ConstructionID>
  </Job>
  <Job>
    <Type>BuildContainers</Type>
    <SkillID>Construction</SkillID>
    <ConstructionID>Crate</ConstructionID>
    <ConstructionID>Barrel</ConstructionID>
    <ConstructionID>Bag</ConstructionID>
  </Job>
  <Job>
    <Type>ReplaceWall</Type>
    <SkillID>Construction</SkillID>
    <StateSprite>
      <Key>Selection</Key>
      <Value>
        <Item>
          <SpriteID>SelectionWall</SpriteID>
        </Item>
      </Value>
    </StateSprite>
    <ConstructionID>SoilWall</ConstructionID>
    <ConstructionID>RawStoneWall</ConstructionID>
    <ConstructionID>LogWall</ConstructionID>
    <ConstructionID>BlockWall</ConstructionID>
    <ConstructionID>FancyBlockWall</ConstructionID>
    <ConstructionID>ChiseledBlockWall</ConstructionID>
    <ConstructionID>EngravedBlockWall</ConstructionID>
    <ConstructionID>StarEngravedBlockWall</ConstructionID>
    <ConstructionID>SpiralEngravedBlockWall</ConstructionID>
    <ConstructionID>MoonEngravedBlockWall</ConstructionID>
    <ConstructionID>WaterEngravedBlockWall</ConstructionID>
    <ConstructionID>SmoothStoneWall</ConstructionID>
    <ConstructionID>CarvedStoneWall</ConstructionID>
    <ConstructionID>PlankWall</ConstructionID>
    <ConstructionID>MetalWall</ConstructionID>
    <ConstructionID>ThatchWall</ConstructionID>
    <ConstructionID>BoneWall</ConstructionID>
    <ConstructionID>CeramicWall</ConstructionID>
    <ConstructionID>CrossFramedDirtWall</ConstructionID>
    <ConstructionID>VFramedDirtWall</ConstructionID>
    <ConstructionID>CrossFramedStoneWall</ConstructionID>
    <ConstructionID>VFramedStoneWall</ConstructionID>
    <ConstructionID>CrossFramedBlockWall</ConstructionID>
    <ConstructionID>VFramedBlockWall</ConstructionID>
    <ConstructionID>PanelledBlockWall</ConstructionID>
    <ConstructionID>CrossFramedSmoothWall</ConstructionID>
    <ConstructionID>VFramedSmoothWall</ConstructionID>
    <ConstructionID>PanelledSmoothWall</ConstructionID>
  </Job>
  <Job>
    <Type>ReplaceFloor</Type>
    <SkillID>Construction</SkillID>
    <StateSprite>
      <Key>Selection</Key>
      <Value>
        <Item>
          <SpriteID>SelectionFloor</SpriteID>
        </Item>
      </Value>
    </StateSprite>
    <ConstructionID>SoilFloor</ConstructionID>
    <ConstructionID>RawStoneFloor</ConstructionID>
    <ConstructionID>LogFloor</ConstructionID>
    <ConstructionID>BlockFloor</ConstructionID>
    <ConstructionID>FancyBlockFloor</ConstructionID>
    <ConstructionID>ChiseledBlockFloor</ConstructionID>
    <ConstructionID>EngravedBlockFloor</ConstructionID>
    <ConstructionID>StarEngravedBlockFloor</ConstructionID>
    <ConstructionID>SpiralEngravedBlockFloor</ConstructionID>
    <ConstructionID>MoonEngravedBlockFloor</ConstructionID>
    <ConstructionID>WaterEngravedBlockFloor</ConstructionID>
    <ConstructionID>SmoothStoneFloor</ConstructionID>
    <ConstructionID>CarvedStoneFloor</ConstructionID>
    <ConstructionID>PlankFloor</ConstructionID>
    <ConstructionID>MetalFloor</ConstructionID>
    <ConstructionID>ThatchFloor</ConstructionID>
    <ConstructionID>BoneFloor</ConstructionID>
    <ConstructionID>CeramicFloor</ConstructionID>
    <ConstructionID>FramedDirtFloor</ConstructionID>
    <ConstructionID>FramedStoneFloor</ConstructionID>
    <ConstructionID>FramedBlockFloor</ConstructionID>
    <ConstructionID>FramedSmoothFloor</ConstructionID>
  </Job>
  <Job>
    <Type>RemoveDesignation</Type>
    <StateSprite>
      <Key>Selection</Key>
      <Value>
        <Item>
          <SpriteID>SolidSelectionFloor</SpriteID>
        </Item>
      </Value>
    </StateSprite>
  </Job>
  <Job>
    <Type>CancelJob</Type>
    <StateSprite>
      <Key>Selection</Key>
      <Value>
        <Item>
          <SpriteID>SelectionWall</SpriteID>
        </Item>
      </Value>
    </StateSprite>
  </Job>
  <Job>
    <Type>CreateHospital</Type>
    <StateSprite>
      <Key>Selection</Key>
      <Value>
        <Item>
          <SpriteID>SolidSelectionFloor</SpriteID>
        </Item>
      </Value>
    </StateSprite>
  </Job>
  <Job>
    <Type>CreateGrove</Type>
    <StateSprite>
      <Key>Selection</Key>
      <Value>
        <Item>
          <SpriteID>SolidSelectionFloor</SpriteID>
        </Item>
      </Value>
    </StateSprite>
  </Job>
  <Job>
    <Type>CreateUndergroundFarm</Type>
    <StateSprite>
      <Key>Selection</Key>
      <Value>
        <Item>
          <SpriteID>SolidSelectionFloor</SpriteID>
        </Item>
      </Value>
    </StateSprite>
  </Job>
  <Job>
    <Type>BuildInclineUp</Type>
    <SkillID>Construction</SkillID>
    <ConstructionID>ThatchIncline</ConstructionID>
  </Job>
  <Job>
    <Type>BuildInclineDown</Type>
    <SkillID>Construction</SkillID>
    <StateSprite>
      <Key>Selection</Key>
      <Value>
        <Item>
          <SpriteID>SelectionFloor</SpriteID>
        </Item>
      </Value>
    </StateSprite>
    <ConstructionID>ThatchIncline</ConstructionID>
  </Job>
  <Job>
    <Type>FillHole</Type>
    <SkillID>Construction</SkillID>
    <Sprites>
      <SpriteID>
        <SpriteID>SelectionFloor</SpriteID>
      </SpriteID>
    </Sprites>
    <StateSprite>
      <Key>Selection</Key>
      <Value>
        <Item>
          <SpriteID>SelectionFloor</SpriteID>
        </Item>
      </Value>
    </StateSprite>
    <ConstructionID>SoilWall</ConstructionID>
    <ConstructionID>RawStoneWall</ConstructionID>
    <ConstructionID>LogWall</ConstructionID>
    <ConstructionID>BlockWall</ConstructionID>
    <ConstructionID>FancyBlockWall</ConstructionID>
    <ConstructionID>ChiseledBlockWall</ConstructionID>
    <ConstructionID>EngravedBlockWall</ConstructionID>
    <ConstructionID>StarEngravedBlockWall</ConstructionID>
    <ConstructionID>SpiralEngravedBlockWall</ConstructionID>
    <ConstructionID>MoonEngravedBlockWall</ConstructionID>
    <ConstructionID>WaterEngravedBlockWall</ConstructionID>
    <ConstructionID>SmoothStoneWall</ConstructionID>
    <ConstructionID>CarvedStoneWall</ConstructionID>
    <ConstructionID>PlankWall</ConstructionID>
    <ConstructionID>MetalWall</ConstructionID>
    <ConstructionID>ThatchWall</ConstructionID>
    <ConstructionID>BoneWall</ConstructionID>
    <ConstructionID>CeramicWall</ConstructionID>
    <ConstructionID>CrossFramedDirtWall</ConstructionID>
    <ConstructionID>VFramedDirtWall</ConstructionID>
    <ConstructionID>CrossFramedStoneWall</ConstructionID>
    <ConstructionID>VFramedStoneWall</ConstructionID>
    <ConstructionID>CrossFramedBlockWall</ConstructionID>
    <ConstructionID>VFramedBlockWall</ConstructionID>
    <ConstructionID>PanelledBlockWall</ConstructionID>
    <ConstructionID>CrossFramedSmoothWall</ConstructionID>
    <ConstructionID>VFramedSmoothWall</ConstructionID>
    <ConstructionID>PanelledSmoothWall</ConstructionID>
  </Job>
  <Job>
    <Type>BuildTrough</Type>
    <SkillID>Construction</SkillID>
    <ConstructionID>Trough</ConstructionID>
  </Job>
  <Job>
    <Type>BuildScaffolding</Type>
    <SkillID>Construction</SkillID>
    <ConstructionID>Scaffolding</ConstructionID>
  </Job>
  <Job>
    <Type>BuildConstruction</Type>
    <SkillID>Construction</SkillID>
  </Job>
  <Job>
    <Type>BuildWallFloor</Type>
    <SkillID>Construction</SkillID>
  </Job>
  <Job>
    <Type>BuildFloorStairsUp</Type>
    <SkillID>Construction</SkillID>
  </Job>
  <Job>
    <Type>TurnCrank</Type>
    <SkillID>Mechanic</SkillID>
  </Job>
  <Job>
    <Type>ToggleEngine</Type>
    <SkillID>Mechanic</SkillID>
  </Job>
  <Job>
    <Type>Refuel</Type>
    <SkillID>Mechanic</SkillID>
  </Job>
  <Job>
    <Type>RefuelAutomaton</Type>
    <SkillID>Mechanic</SkillID>
  </Job>
  <Job>
    <Type>FlipLever</Type>
    <SkillID>Mechanic</SkillID>
  </Job>
  <Job>
    <Type>ReversePressurePlate</Type>
    <SkillID>Mechanic</SkillID>
  </Job>
  <Job>
    <Type>Tinker</Type>
    <SkillID>Tinkering</SkillID>
    <SkillIncreaseScale>1</SkillIncreaseScale>
  </Job>
  <Job>
    <Type>ResetTrap</Type>
    <SkillID>Mechanic</SkillID>
  </Job>
  <Job>
    <Type>TillSoil</Type>
    <SkillID>Farming</SkillID>
  </Job>
  <Job>
    <Type>PlantSeed</Type>
    <SkillID>Farming</SkillID>
  </Job>
  <Job>
    <Type>Butcher</Type>
    <SkillID>Butchery</SkillID>
  </Job>
  <Job>
    <Type>ButcherLiveAnimal</Type>
    <SkillID>Butchery</SkillID>
  </Job>
  <Job>
    <Type>PastureAnimal</Type>
    <SkillID>AnimalHusbandry</SkillID>
  </Job>
  <Job>
    <Type>FarmAnimal</Type>
    <SkillID>AnimalHusbandry</SkillID>
  </Job>
  <Job>
    <Type>FillTrough</Type>
    <SkillID>AnimalHusbandry</SkillID>
  </Job>
  <Job>
    <Type>StockItem</Type>
    <SkillID>Hauling</SkillID>
    <SkillIncreaseScale>1</SkillIncreaseScale>
  </Job>
  <Job>
    <Type>StockMultiple</Type>
    <SkillID>Hauling</SkillID>
  </Job>
  <Job>
    <Type>StockResource</Type>
    <SkillID>Hauling</SkillID>
    <SkillIncreaseScale>1</SkillIncreaseScale>
  </Job>
  <Job>
    <Type>StockResourcePile</Type>
    <SkillID>Hauling</SkillID>
  </Job>
  <Job>
    <Type>CleanFloor</Type>
    <SkillID>Hauling</SkillID>
  </Job>
  <Job>
    <Type>HealPatientJob</Type>
    <SkillID>Medic</SkillID>
  </Job>
  <Job>
    <Type>FeedPatientJob</Type>
    <SkillID>Caretaking</SkillID>
  </Job>
  <Job>
    <Type>InstallLimb</Type>
    <SkillID>Medic</SkillID>
  </Job>
  <Job>
    <Type>RemoveLimb</Type>
    <SkillID>Medic</SkillID>
  </Job>
  <Job>
    <Type>RepairAutomaton</Type>
    <SkillID>Engineering</SkillID>
  </Job>
  <Job>
    <Type>DisassembleAutomaton</Type>
    <SkillID>Engineering</SkillID>
  </Job>
  <Job>
    <Type>SoundAlarm</Type>
    <SkillID>Mechanic</SkillID>
  </Job>
  <Job>
    <Type>BuildMechanism</Type>
    <SkillID>Mechanic</SkillID>
  </Job>
</JobSettings>