﻿<?xml version="1.0" encoding="utf-8" ?>
<Materials>
  <!--Item:
        Slash/Pierce/Blunt/Heat: Damage type
          Blocks (Optional): Default max float value. Amount of damage reduced when hit
          PercentTransfered (Optional): Default 0. Range [0, 1].  Percent of damage that is applied to the next layer if this layer is still not destroyed
          PercentReceived (Optional): Default 1. Percent of damage received
        ID: Defines ID for this material referenced everywhere else
        Name: Name of material
        Type: Type of material
        Color: Color of material.  This is used when tinting sprites
        Value: This setting is multiplied by the value of the item to determine worth
        Strength: Used when calculating damage as well as affects job speed when mining
  -->
  <Item>
    <ID>Air</ID>
    <Name>air</Name>
    <Type>Air</Type>
    <Color>0 0 0 128</Color>
    <Value>0</Value>
    <Strength>0</Strength>
  </Item>
  <Item>
    <ID>Grass</ID>
    <Name>grass</Name>
    <Type>Plant</Type>
    <Value>0</Value>
    <Strength>0</Strength>
  </Item>
  <Item>
    <Slash>
      <Blocks>5</Blocks>
    </Slash>
    <Pierce>
      <Blocks>36.66666</Blocks>
    </Pierce>
    <Blunt>
      <Blocks>68.33333</Blocks>
    </Blunt>
    <Heat>
      <Blocks>10</Blocks>
      <PercentTransfered>0.1</PercentTransfered>
    </Heat>
    <Sustains>225</Sustains>
    <ID>Dirt</ID>
    <Name>dirt</Name>
    <Type>Soil</Type>
    <Color>171 125 35 255</Color>
    <Value>0</Value>
    <Strength>0.5</Strength>
  </Item>
  <Item>
    <Slash>
      <Blocks>5</Blocks>
    </Slash>
    <Pierce>
      <Blocks>36.66666</Blocks>
    </Pierce>
    <Blunt>
      <Blocks>68.33333</Blocks>        
    </Blunt>
    <Heat>
      <Blocks>10</Blocks>
      <PercentTransfered>0.1</PercentTransfered>
    </Heat>
    <Sustains>225</Sustains>
    <ID>Clay</ID>
    <Name>clay</Name>
    <Type>Soil</Type>
    <Color>144 88 78 255</Color>
    <Value>1</Value>
    <Strength>0.5</Strength>
  </Item>
  <Item>
    <Slash>
      <Blocks>68.33333</Blocks>
    </Slash>
    <Pierce>
      <Blocks>36.66666</Blocks>
    </Pierce>
    <Blunt>
      <Blocks>5</Blocks>
    </Blunt>
    <Heat>
      <Blocks>10</Blocks>
      <PercentTransfered>0.1</PercentTransfered>
    </Heat>
    <Sustains>425</Sustains>
    <ID>Granite</ID>
    <Name>granite</Name>
    <Type>Stone</Type>
    <Color>128 128 128 255</Color>
    <Value>1</Value>
    <Strength>0.7</Strength>
  </Item>
  <Item>
    <Slash>
      <Blocks>68.33333</Blocks>
    </Slash>
    <Pierce>
      <Blocks>36.66666</Blocks>
    </Pierce>
    <Blunt>
      <Blocks>5</Blocks>
    </Blunt>
    <Heat>
      <Blocks>10</Blocks>
      <PercentTransfered>0.1</PercentTransfered>
    </Heat>
    <Sustains>425</Sustains>
    <ID>Basalt</ID>
    <Name>basalt</Name>
    <Type>Stone</Type>
    <Color>64 64 64 255</Color>
    <Value>1</Value>
    <Strength>0.7</Strength>
  </Item>
  <Item>
    <Slash>
      <Blocks>68.33333</Blocks>
    </Slash>
    <Pierce>
      <Blocks>36.66666</Blocks>
    </Pierce>
    <Blunt>
      <Blocks>5</Blocks>
    </Blunt>
    <Heat>
      <Blocks>10</Blocks>
      <PercentTransfered>0.1</PercentTransfered>
    </Heat>
    <Sustains>425</Sustains>
    <ID>Marble</ID>
    <Name>marble</Name>
    <Type>Stone</Type>
    <Color>255 255 255 255</Color>
    <Value>1</Value>
    <Strength>0.7</Strength>
  </Item>
  <Item>
    <Slash>
      <Blocks>68.33333</Blocks>
    </Slash>
    <Pierce>
      <Blocks>36.66666</Blocks>
    </Pierce>
    <Blunt>
      <Blocks>5</Blocks>
    </Blunt>
    <Heat>
      <Blocks>10</Blocks>
      <PercentTransfered>0.1</PercentTransfered>
    </Heat>
    <Sustains>425</Sustains>
    <ID>Sandstone</ID>
    <Name>sandstone</Name>
    <Type>Stone</Type>
    <Color>192 118 67 255</Color>
    <Value>1</Value>
    <Strength>0.7</Strength>
  </Item>
  <Item>
    <Slash>
      <Blocks>68.33333</Blocks>
    </Slash>
    <Pierce>
      <Blocks>36.66666</Blocks>
    </Pierce>
    <Blunt>
      <Blocks>5</Blocks>
    </Blunt>
    <Heat>
      <Blocks>10</Blocks>
      <PercentTransfered>0.1</PercentTransfered>
    </Heat>
    <Sustains>425</Sustains>
    <ID>Bauxite</ID>
    <Name>bauxite</Name>
    <Type>Stone</Type>
    <Color>127 63 63 255</Color>
    <Value>1</Value>
    <Strength>0.7</Strength>
  </Item>
  <Item>
    <Slash>
      <Blocks>68.33333</Blocks>
    </Slash>
    <Pierce>
      <Blocks>36.66666</Blocks>
    </Pierce>
    <Blunt>
      <Blocks>5</Blocks>
    </Blunt>
    <Heat>
      <Blocks>10</Blocks>
      <PercentTransfered>0.1</PercentTransfered>
    </Heat>
    <Sustains>425</Sustains>
    <ID>Serpentine</ID>
    <Name>serpentine</Name>
    <Type>Stone</Type>
    <Color>137 168 106 255</Color>
    <Value>1</Value>
    <Strength>0.7</Strength>
  </Item>
  <Item>
    <Slash>
      <Blocks>68.33333</Blocks>
    </Slash>
    <Pierce>
      <Blocks>36.66666</Blocks>
    </Pierce>
    <Blunt>
      <Blocks>5</Blocks>
    </Blunt>
    <Heat>
      <Blocks>10</Blocks>
      <PercentTransfered>0.1</PercentTransfered>
    </Heat>
    <Sustains>425</Sustains>
    <ID>LapisLazuli</ID>
    <Name>lapis lazuli</Name>
    <Type>Stone</Type>
    <Color>75 93 255 255</Color>
    <Value>1</Value>
    <Strength>0.7</Strength>
  </Item>
  <Item>
    <Slash>
      <Blocks>68.33333</Blocks>
    </Slash>
    <Pierce>
      <Blocks>36.66666</Blocks>
    </Pierce>
    <Blunt>
      <Blocks>5</Blocks>
    </Blunt>
    <Heat>
      <Blocks>10</Blocks>
      <PercentTransfered>0.1</PercentTransfered>
    </Heat>
    <Sustains>950</Sustains>
    <ID>Obsidian</ID>
    <Name>obsidian</Name>
    <Type>Stone</Type>
    <Color>16 16 16 255</Color>
    <Value>5</Value>
    <Strength>3.4</Strength>
  </Item>
  <Item>
    <Slash>
      <Blocks>68.33333</Blocks>
    </Slash>
    <Pierce>
      <Blocks>36.66666</Blocks>
    </Pierce>
    <Blunt>
      <Blocks>5</Blocks>
    </Blunt>
    <Heat>
      <Blocks>10</Blocks>
      <PercentTransfered>0.1</PercentTransfered>
    </Heat>
    <Sustains>425</Sustains>
    <ID>Brick</ID>
    <Name>brick</Name>
    <Type>Stone</Type>
    <Color>124 32 32 255</Color>
    <Value>1</Value>
    <Strength>0.7</Strength>
  </Item>
  <Item>
    <ID>Water</ID>
    <Name>water</Name>
    <Type>Liquid</Type>
    <Color>0 0 255 128</Color>
    <Value>0</Value>
    <Strength>0.1</Strength>
  </Item>
  <Item>
    <ID>Lava</ID>
    <Name>lava</Name>
    <Type>Liquid</Type>
    <Color>255 90 0 255</Color>
    <Value>0</Value>
    <Strength>1</Strength>
  </Item>
  <Item>
    <Slash>
      <Blocks>5</Blocks>
    </Slash>
    <Pierce>
      <Blocks>36.66666</Blocks>
    </Pierce>
    <Blunt>
      <Blocks>68.33333</Blocks>
    </Blunt>
    <Heat>
      <Blocks>5</Blocks>
      <PercentTransfered>0.1</PercentTransfered>
    </Heat>
    <Sustains>425</Sustains>
    <ID>Pine</ID>
    <Name>pine</Name>
    <Type>Wood</Type>
    <Color>199 134 54 255</Color>
    <Value>1</Value>
    <Strength>0.5</Strength>
  </Item>
  <Item>
    <Slash>
      <Blocks>5</Blocks>
    </Slash>
    <Pierce>
      <Blocks>36.66666</Blocks>
    </Pierce>
    <Blunt>
      <Blocks>68.33333</Blocks>
    </Blunt>
    <Heat>
      <Blocks>5</Blocks>
      <PercentTransfered>0.1</PercentTransfered>
    </Heat>
    <Sustains>425</Sustains>
    <ID>AppleWood</ID>
    <Name>apple wood</Name>
    <Type>Wood</Type>
    <Color>199 101 54 255</Color>
    <Value>1</Value>
    <Strength>0.5</Strength>
  </Item>
  <Item>
    <Slash>
      <Blocks>5</Blocks>
    </Slash>
    <Pierce>
      <Blocks>36.66666</Blocks>
    </Pierce>
    <Blunt>
      <Blocks>68.33333</Blocks>
    </Blunt>
    <Heat>
      <Blocks>5</Blocks>
      <PercentTransfered>0.1</PercentTransfered>
    </Heat>
    <Sustains>425</Sustains>
    <ID>Birch</ID>
    <Name>birch</Name>
    <Type>Wood</Type>
    <Color>242 210 105 255</Color>
    <Value>1</Value>
    <Strength>0.5</Strength>
  </Item>
  <Item>
    <ID>Coal</ID>
    <Name>coal</Name>
    <Type>Coal</Type>
    <Color>64 64 64 255</Color>
    <Value>1</Value>
    <Strength>0.5</Strength>
  </Item>
  <Item>
    <Slash>
      <Blocks>68.33333</Blocks>
    </Slash>
    <Pierce>
      <Blocks>36.66666</Blocks>
    </Pierce>
    <Blunt>
      <Blocks>5</Blocks>
    </Blunt>
    <Heat>
      <Blocks>10</Blocks>
      <PercentTransfered>0.1</PercentTransfered>
    </Heat>
    <Sustains>950</Sustains>
    <ID>Copper</ID>
    <Name>copper</Name>
    <Type>Metal</Type>
    <Color>214 74 0 255</Color>
    <Value>2</Value>
    <Strength>1</Strength>
  </Item>
  <Item>
    <Slash>
      <Blocks>68.33333</Blocks>
    </Slash>
    <Pierce>
      <Blocks>36.66666</Blocks>
    </Pierce>
    <Blunt>
      <Blocks>5</Blocks>
    </Blunt>
    <Heat>
      <Blocks>10</Blocks>
      <PercentTransfered>0.1</PercentTransfered>
    </Heat>
    <Sustains>950</Sustains>
    <ID>Malachite</ID>
    <Name>malachite</Name>
    <Type>Metal</Type>
    <Color>28 140 70 255</Color>
    <Value>2</Value>
    <Strength>1</Strength>
  </Item>
  <Item>
    <Slash>
      <Blocks>68.33333</Blocks>
    </Slash>
    <Pierce>
      <Blocks>36.66666</Blocks>
    </Pierce>
    <Blunt>
      <Blocks>5</Blocks>
    </Blunt>
    <Heat>
      <Blocks>10</Blocks>
      <PercentTransfered>0.1</PercentTransfered>
    </Heat>
    <Sustains>425</Sustains>
    <ID>Tin</ID>
    <Name>tin</Name>
    <Type>Metal</Type>
    <Color>127 127 127 255</Color>
    <Value>2</Value>
    <Strength>0.5</Strength>
  </Item>
  <Item>
    <Slash>
      <Blocks>130</Blocks>
    </Slash>
    <Pierce>
      <Blocks>70</Blocks>
    </Pierce>
    <Blunt>
      <Blocks>10</Blocks>
    </Blunt>
    <Heat>
      <Blocks>10</Blocks>
      <PercentTransfered>0.1</PercentTransfered>
    </Heat>
    <Sustains>1800</Sustains>
    <ID>Bronze</ID>
    <Name>bronze</Name>
    <Type>Metal</Type>
    <Color>166 125 61 255</Color>
    <!--Should be 4 value but since bronze is a converted material we have to account for deleting components
        copper ore + copper core + coal = copper bar -> 2 + 2 + 1 = 5
        bronze bar = 4 + 4 + 1 = 9-->
    <Value>9</Value>
    <Strength>1.9</Strength>
  </Item>
  <Item>
    <Slash>
      <Blocks>233.33333</Blocks>
    </Slash>
    <Pierce>
      <Blocks>126.66666</Blocks>
    </Pierce>
    <Blunt>
      <Blocks>20</Blocks>
    </Blunt>
    <Heat>
      <Blocks>10</Blocks>
      <PercentTransfered>0.1</PercentTransfered>
    </Heat>
    <Sustains>3200</Sustains>
    <ID>Iron</ID>
    <Name>iron</Name>
    <Type>Metal</Type>
    <Color>76 76 76 255</Color>
    <Value>8</Value>
    <Strength>3.4</Strength>
  </Item>
  <Item>
    <Slash>
      <Blocks>360</Blocks>
    </Slash>
    <Pierce>
      <Blocks>200</Blocks>
    </Pierce>
    <Blunt>
      <Blocks>40</Blocks>
    </Blunt>
    <Heat>
      <Blocks>10</Blocks>
      <PercentTransfered>0.1</PercentTransfered>
    </Heat>
    <Sustains>4800</Sustains>
    <ID>Steel</ID>
    <Name>steel</Name>
    <Type>Metal</Type>
    <Color>70 130 180 255</Color>
    <!--Should be 16 value but since steel is a converted material we have to account for deleting components
        iron ore + iron ore + coal = iron bar -> 8 + 8 + 1 = 17
        steel bar = 17 + 17 + 1 + 1 = 36
        steel bar has no actual value gain other than additive from iron-->
    <Value>36</Value>
    <Strength>5.2</Strength>
  </Item>
  <Item>
    <Slash>
      <Blocks>233.33333</Blocks>
    </Slash>
    <Pierce>
      <Blocks>126.66666</Blocks>
    </Pierce>
    <Blunt>
      <Blocks>20</Blocks>
    </Blunt>
    <Heat>
      <Blocks>10</Blocks>
      <PercentTransfered>0.1</PercentTransfered>
    </Heat>
    <Sustains>3200</Sustains>
    <ID>Lead</ID>
    <Name>lead</Name>
    <Type>Metal</Type>
    <Color>118 136 143 255</Color>
    <Value>8</Value>
    <Strength>3.4</Strength>
    <SlashModifier>0.8</SlashModifier>
    <PierceModifier>0.8</PierceModifier>
    <BluntModifier>1.25</BluntModifier>
  </Item>
  <Item>
    <Slash>
      <Blocks>68.33333</Blocks>
    </Slash>
    <Pierce>
      <Blocks>36.66666</Blocks>
    </Pierce>
    <Blunt>
      <Blocks>5</Blocks>
    </Blunt>
    <Heat>
      <Blocks>10</Blocks>
      <PercentTransfered>0.1</PercentTransfered>
    </Heat>
    <Sustains>425</Sustains>
    <ID>Silver</ID>
    <Name>silver</Name>
    <Type>Metal</Type>
    <Color>192 192 192 255</Color>
    <Value>6</Value>
    <Strength>0.75</Strength>
  </Item>
  <Item>
    <Slash>
      <Blocks>68.33333</Blocks>
    </Slash>
    <Pierce>
      <Blocks>36.66666</Blocks>
    </Pierce>
    <Blunt>
      <Blocks>5</Blocks>
    </Blunt>
    <Heat>
      <Blocks>10</Blocks>
      <PercentTransfered>0.1</PercentTransfered>
    </Heat>
    <Sustains>425</Sustains>
    <ID>Gold</ID>
    <Name>gold</Name>
    <Type>Metal</Type>
    <Color>255 215 0 255</Color>
    <Value>12</Value>
    <Strength>0.5</Strength>
  </Item>
  <Item>
    <Slash>
      <Blocks>68.33333</Blocks>
    </Slash>
    <Pierce>
      <Blocks>36.66666</Blocks>
    </Pierce>
    <Blunt>
      <Blocks>5</Blocks>
    </Blunt>
    <Heat>
      <Blocks>10</Blocks>
      <PercentTransfered>0.1</PercentTransfered>
    </Heat>
    <Sustains>425</Sustains>
    <ID>RoseGold</ID>
    <Name>rose gold</Name>
    <Type>Metal</Type>
    <Color>183 110 121 255</Color>
    <!--Should be 100 value but since rose gold is a converted material we have to account for deleting components
        gold ore + gold ore + coal = gold bar -> 12 + 12 + 1 = 25
        rose gold bar = 25-->
    <Value>25</Value>
    <Strength>0.5</Strength>
  </Item>
  <Item>
    <Slash>
      <Blocks>68.33333</Blocks>
    </Slash>
    <Pierce>
      <Blocks>36.66666</Blocks>
    </Pierce>
    <Blunt>
      <Blocks>5</Blocks>
    </Blunt>
    <Heat>
      <Blocks>10</Blocks>
      <PercentTransfered>0.1</PercentTransfered>
    </Heat>
    <Sustains>425</Sustains>
    <ID>Platinum</ID>
    <Name>platinum</Name>
    <Type>Metal</Type>
    <Color>229 228 226 255</Color>
    <Value>24</Value>
    <Strength>0.5</Strength>
  </Item>
  <Item>
    <ID>Emerald</ID>
    <Name>emerald</Name>
    <Type>Gem</Type>
    <Color>25 233 25 255</Color>
    <Value>16</Value>
    <Strength>3</Strength>
  </Item>
  <Item>
    <ID>Sapphire</ID>
    <Name>sapphire</Name>
    <Type>Gem</Type>
    <Color>25 25 233 255</Color>
    <Value>16</Value>
    <Strength>3</Strength>
  </Item>
  <Item>
    <ID>Strawberry</ID>
    <Name>strawberry</Name>
    <Type>Plant</Type>
    <Value>1</Value>
    <Strength>0.1</Strength>
  </Item>
  <Item>
    <ID>Apple</ID>
    <Name>apple</Name>
    <Type>Plant</Type>
    <Value>1</Value>
    <Strength>0.1</Strength>
  </Item>
  <Item>
    <Slash>
      <Blocks>5</Blocks>
    </Slash>
    <Pierce>
      <Blocks>0</Blocks>
      <PercentReceived>0</PercentReceived>
    </Pierce>
    <Blunt>
      <Blocks>5</Blocks>
      <PercentReceived>0.1</PercentReceived>
    </Blunt>
    <Heat>
      <Blocks>0</Blocks>
      <PercentReceived>10</PercentReceived>
    </Heat>
    <Sustains>225</Sustains>
    <ID>Wheat</ID>
    <Name>wheat</Name>
    <Type>Plant</Type>
    <Color>253 196 23 255</Color>
    <Value>1</Value>
    <Strength>0.25</Strength>
  </Item>
  <Item>
    <ID>Cotton</ID>
    <Name>cotton</Name>
    <Type>Cloth</Type>
    <Value>1</Value>
    <Strength>0.1</Strength>
  </Item>
  <Item>
    <ID>Wool</ID>
    <Name>wool</Name>
    <OnlyAddUniqueName>true</OnlyAddUniqueName>
    <Type>Cloth</Type>
    <Value>1</Value>
    <Strength>0.1</Strength>
  </Item>
  <Item>
    <Slash>
      <Blocks>5</Blocks>
    </Slash>
    <Pierce>
      <Blocks>1</Blocks>
      <PercentTransfered>1</PercentTransfered>
      <PercentReceived>0.1</PercentReceived>
    </Pierce>
    <Blunt>
      <Blocks>5</Blocks>
    </Blunt>
    <Heat>
      <Blocks>10</Blocks>
    </Heat>
    <Sustains>200</Sustains>
    <ID>StandardBone</ID>
    <Name></Name>
    <GroupName>goblin</GroupName>
    <Type>Bone</Type>
    <Value>1</Value>
    <Strength>1.5</Strength>
  </Item>
  <Item>
    <Slash>
      <Blocks>68.33333</Blocks>
    </Slash>
    <Pierce>
      <Blocks>36.66666</Blocks>
    </Pierce>
    <Blunt>
      <Blocks>5</Blocks>
    </Blunt>
    <Heat>
      <Blocks>10</Blocks>
    </Heat>
    <Sustains>425</Sustains>
    <ID>StandardShell</ID>
    <Name></Name>
    <GroupName>goblin</GroupName>
    <Type>Bone</Type>
    <Value>1</Value>
    <Strength>1.5</Strength>
  </Item>
  <Item>
    <Slash>
      <Blocks>130</Blocks>
    </Slash>
    <Pierce>
      <Blocks>70</Blocks>
    </Pierce>
    <Blunt>
      <Blocks>10</Blocks>
    </Blunt>
    <Heat>
      <Blocks>100</Blocks>
    </Heat>
    <Sustains>1800</Sustains>
    <ID>ThinChitin</ID>
    <Name>chitin</Name>
    <Type>Bone</Type>
    <Value>1</Value>
    <Strength>1.5</Strength>
  </Item>
  <Item>
    <Slash>
      <Blocks>360</Blocks>
    </Slash>
    <Pierce>
      <Blocks>200</Blocks>
    </Pierce>
    <Blunt>
      <Blocks>40</Blocks>
    </Blunt>
    <Heat>
      <Blocks>270</Blocks>
    </Heat>
    <Sustains>4800</Sustains>
    <ID>ThickChitin</ID>
    <Name>chitin</Name>
    <Type>Bone</Type>
    <Value>1</Value>
    <Strength>1.5</Strength>
  </Item>
  <Item>
    <Slash>
      <Blocks>5</Blocks>
    </Slash>
    <Pierce>
      <Blocks>5</Blocks>
      <PercentTransfered>1</PercentTransfered>
      <PercentReceived>0.0</PercentReceived>
    </Pierce>
    <Blunt>
      <Blocks>0</Blocks>
      <PercentTransfered>0.9</PercentTransfered>
      <PercentReceived>0.0</PercentReceived>        
    </Blunt>
    <Heat>
      <Blocks>5</Blocks>
      <PercentTransfered>0.1</PercentTransfered>
    </Heat>
    <Sustains>100</Sustains>
    <ID>StandardSkin</ID>
    <Name>skin</Name>
    <Type>Hide</Type>
    <Value>1</Value>
    <Strength>1</Strength>
  </Item>
  <Item>
    <Slash>
      <Blocks>5</Blocks>
    </Slash>
    <Pierce>
      <Blocks>36.66666</Blocks>
    </Pierce>
    <Blunt>
      <Blocks>68.33333</Blocks>
      <PercentTransfered>0.1</PercentTransfered>
    </Blunt>
    <Heat>
      <Blocks>10</Blocks>
      <PercentTransfered>0.1</PercentTransfered>
    </Heat>
    <Sustains>425</Sustains>
    <ID>YakHide</ID>
    <Name></Name>
    <GroupName>yak</GroupName>
    <Type>Hide</Type>
    <Value>2</Value>
    <Strength>1</Strength>
  </Item>
  <Item>
    <Slash>
      <Blocks>5</Blocks>
    </Slash>
    <Pierce>
      <Blocks>36.66666</Blocks>
    </Pierce>
    <Blunt>
      <Blocks>68.33333</Blocks>
      <PercentTransfered>0.1</PercentTransfered>
    </Blunt>
    <Heat>
      <Blocks>10</Blocks>
    </Heat>
    <Sustains>950</Sustains>
    <ID>BearHide</ID>
    <Name></Name>
    <GroupName>bear</GroupName>
    <Type>Hide</Type>
    <Value>4</Value>
    <Strength>1</Strength>
  </Item>
  <Item>
    <Slash>
      <Blocks>0</Blocks>
    </Slash>
    <Pierce>
      <Blocks>0</Blocks>
    </Pierce>
    <Blunt>
      <Blocks>0</Blocks>
    </Blunt>
    <Heat>
      <Blocks>0</Blocks>
      <PercentTransfered>0.75</PercentTransfered>
    </Heat>
    <Sustains>1</Sustains>
    <ID>StandardWeakFlesh</ID>
    <Name></Name>
    <Type>Flesh</Type>
    <Value>1</Value>
    <Strength>1</Strength>
  </Item>
  <Item>
    <Slash>
      <Blocks>5</Blocks>
    </Slash>
    <Pierce>
      <Blocks>10</Blocks>
      <PercentTransfered>1</PercentTransfered>
      <PercentReceived>0.0</PercentReceived>
    </Pierce>
    <Blunt>
      <Blocks>0</Blocks>
      <PercentTransfered>0.75</PercentTransfered>
      <PercentReceived>0.0</PercentReceived>        
    </Blunt>
    <Heat>
      <Blocks>5</Blocks>
      <PercentTransfered>0.05</PercentTransfered>
    </Heat>
    <Sustains>100</Sustains>
    <ID>StandardStrongFlesh</ID>
    <Name></Name>
    <GroupName>goblin</GroupName>
    <Type>Flesh</Type>
    <Value>1</Value>
    <Strength>1</Strength>
  </Item>
  <Item>
    <ID>Milk</ID>
    <Name></Name>
    <GroupName>yak</GroupName>
    <Type>BodyFluid</Type>
    <Value>1</Value>
    <Strength>0.1</Strength>
  </Item>
  <Item>
    <ID>Egg</ID>
    <Name></Name>
    <GroupName>emu</GroupName>
    <Type>Flesh</Type>
    <Value>1</Value>
    <Strength>0.1</Strength>
  </Item>
  <Item>
    <Slash>
      <Blocks>10</Blocks>
    </Slash>
    <Pierce>
      <Blocks>70</Blocks>
    </Pierce>
    <Blunt>
      <Blocks>130</Blocks>
    </Blunt>
    <Heat>
      <Blocks>15</Blocks>
    </Heat>
    <Sustains>1800</Sustains>
    <ID>OgreHide</ID>
    <Name></Name>
    <GroupName>ogre</GroupName>
    <Type>Flesh</Type>
    <Value>8</Value>
    <Strength>0.1</Strength>
  </Item>
  <Item>
    <Slash>
      <Blocks>40</Blocks>
    </Slash>
    <Pierce>
      <Blocks>200</Blocks>
    </Pierce>
    <Blunt>
      <Blocks>360</Blocks>
    </Blunt>
    <Heat>
      <Blocks>60</Blocks>
    </Heat>
    <Sustains>4800</Sustains>
    <ID>ToughOgreHide</ID>
    <Name></Name>
    <GroupName>two-headed ogre</GroupName>
    <Type>Flesh</Type>
    <Value>16</Value>
    <Strength>0.1</Strength>
  </Item>
  <Item>
    <Slash>
      <Blocks>68.33333</Blocks>
    </Slash>
    <Pierce>
      <Blocks>36.66666</Blocks>
    </Pierce>
    <Blunt>
      <Blocks>5</Blocks>
    </Blunt>
    <Heat>
      <Blocks>50</Blocks>
    </Heat>
    <Sustains>950</Sustains>
    <ID>ThinMantChitin</ID>
    <Name>chitin</Name>
    <Type>Bone</Type>
    <Value>1</Value>
    <Strength>1.5</Strength>
  </Item>
  <Item>
    <Slash>
      <Blocks>130</Blocks>
    </Slash>
    <Pierce>
      <Blocks>70</Blocks>
    </Pierce>
    <Blunt>
      <Blocks>10</Blocks>
    </Blunt>
    <Heat>
      <Blocks>100</Blocks>
    </Heat>
    <Sustains>1800</Sustains>
    <ID>ThickMantChitin</ID>
    <Name>chitin</Name>
    <Type>Bone</Type>
    <Value>1</Value>
    <Strength>1.5</Strength>
  </Item>
  <Item>
    <Slash>
      <Blocks>5</Blocks>
    </Slash>
    <Pierce>
      <Blocks>36.66666</Blocks>
    </Pierce>
    <Blunt>
      <Blocks>68.33333</Blocks>
      <PercentTransfered>0.1</PercentTransfered>
    </Blunt>
    <Heat>
      <Blocks>10</Blocks>
      <PercentTransfered>0.1</PercentTransfered>
    </Heat>
    <Sustains>425</Sustains>
    <ID>AlpacaHide</ID>
    <Name></Name>
    <GroupName>alpaca</GroupName>
    <Type>Hide</Type>
    <Value>2</Value>
    <Strength>1</Strength>
  </Item>
  <Item>
    <Slash>
      <Blocks>5</Blocks>
    </Slash>
    <Pierce>
      <Blocks>36.66666</Blocks>
    </Pierce>
    <Blunt>
      <Blocks>68.33333</Blocks>
      <PercentTransfered>0.1</PercentTransfered>
    </Blunt>
    <Heat>
      <Blocks>10</Blocks>
      <PercentTransfered>0.1</PercentTransfered>
    </Heat>
    <Sustains>425</Sustains>
    <ID>EmuHide</ID>
    <Name></Name>
    <GroupName>emu</GroupName>
    <Type>Hide</Type>
    <Value>2</Value>
    <Strength>1</Strength>
  </Item>
  <Item>
    <Slash>
      <Blocks>5</Blocks>
    </Slash>
    <Pierce>
      <Blocks>36.66666</Blocks>
    </Pierce>
    <Blunt>
      <Blocks>68.33333</Blocks>
      <PercentTransfered>0.1</PercentTransfered>
    </Blunt>
    <Heat>
      <Blocks>10</Blocks>
      <PercentTransfered>0.1</PercentTransfered>
    </Heat>
    <Sustains>425</Sustains>
    <ID>HoneyBadgerHide</ID>
    <Name></Name>
    <GroupName>honey badger</GroupName>
    <Type>Hide</Type>
    <Value>2</Value>
    <Strength>1</Strength>
  </Item>
  <Item>
    <Slash>
      <Blocks>5</Blocks>
    </Slash>
    <Pierce>
      <Blocks>36.66666</Blocks>
    </Pierce>
    <Blunt>
      <Blocks>68.33333</Blocks>
      <PercentTransfered>0.1</PercentTransfered>
    </Blunt>
    <Heat>
      <Blocks>10</Blocks>
      <PercentTransfered>0.1</PercentTransfered>
    </Heat>
    <Sustains>425</Sustains>
    <ID>MonitorLizardHide</ID>
    <Name></Name>
    <GroupName>monitor lizard</GroupName>
    <Type>Hide</Type>
    <Value>2</Value>
    <Strength>1</Strength>
  </Item>
  <Item>
    <Slash>
      <Blocks>5</Blocks>
    </Slash>
    <Pierce>
      <Blocks>10</Blocks>
      <PercentTransfered>1</PercentTransfered>
      <PercentReceived>0.0</PercentReceived>
    </Pierce>
    <Blunt>
      <Blocks>0</Blocks>
      <PercentTransfered>0.75</PercentTransfered>
      <PercentReceived>0.0</PercentReceived>
    </Blunt>
    <Heat>
      <Blocks>5</Blocks>
      <PercentTransfered>0.05</PercentTransfered>
    </Heat>
    <Sustains>100</Sustains>
    <ID>YakFlesh</ID>
    <Name></Name>
    <GroupName>yak</GroupName>
    <Type>Flesh</Type>
    <Value>1</Value>
    <Strength>1</Strength>
  </Item>
  <Item>
    <Slash>
      <Blocks>5</Blocks>
    </Slash>
    <Pierce>
      <Blocks>10</Blocks>
      <PercentTransfered>1</PercentTransfered>
      <PercentReceived>0.0</PercentReceived>
    </Pierce>
    <Blunt>
      <Blocks>0</Blocks>
      <PercentTransfered>0.75</PercentTransfered>
      <PercentReceived>0.0</PercentReceived>
    </Blunt>
    <Heat>
      <Blocks>5</Blocks>
      <PercentTransfered>0.05</PercentTransfered>
    </Heat>
    <Sustains>100</Sustains>
    <ID>AlpacaFlesh</ID>
    <Name></Name>
    <GroupName>alpaca</GroupName>
    <Type>Flesh</Type>
    <Value>1</Value>
    <Strength>1</Strength>
  </Item>
  <Item>
    <Slash>
      <Blocks>5</Blocks>
    </Slash>
    <Pierce>
      <Blocks>10</Blocks>
      <PercentTransfered>1</PercentTransfered>
      <PercentReceived>0.0</PercentReceived>
    </Pierce>
    <Blunt>
      <Blocks>0</Blocks>
      <PercentTransfered>0.75</PercentTransfered>
      <PercentReceived>0.0</PercentReceived>
    </Blunt>
    <Heat>
      <Blocks>5</Blocks>
      <PercentTransfered>0.05</PercentTransfered>
    </Heat>
    <Sustains>100</Sustains>
    <ID>EmuFlesh</ID>
    <Name></Name>
    <GroupName>emu</GroupName>
    <Type>Flesh</Type>
    <Value>1</Value>
    <Strength>1</Strength>
  </Item>
  <Item>
    <Slash>
      <Blocks>5</Blocks>
    </Slash>
    <Pierce>
      <Blocks>10</Blocks>
      <PercentTransfered>1</PercentTransfered>
      <PercentReceived>0.0</PercentReceived>
    </Pierce>
    <Blunt>
      <Blocks>0</Blocks>
      <PercentTransfered>0.75</PercentTransfered>
      <PercentReceived>0.0</PercentReceived>
    </Blunt>
    <Heat>
      <Blocks>5</Blocks>
      <PercentTransfered>0.05</PercentTransfered>
    </Heat>
    <Sustains>100</Sustains>
    <ID>HoneyBadgerFlesh</ID>
    <Name></Name>
    <GroupName>honey badger</GroupName>
    <Type>Flesh</Type>
    <Value>1</Value>
    <Strength>1</Strength>
  </Item>
  <Item>
    <Slash>
      <Blocks>5</Blocks>
    </Slash>
    <Pierce>
      <Blocks>10</Blocks>
      <PercentTransfered>1</PercentTransfered>
      <PercentReceived>0.0</PercentReceived>
    </Pierce>
    <Blunt>
      <Blocks>0</Blocks>
      <PercentTransfered>0.75</PercentTransfered>
      <PercentReceived>0.0</PercentReceived>
    </Blunt>
    <Heat>
      <Blocks>5</Blocks>
      <PercentTransfered>0.05</PercentTransfered>
    </Heat>
    <Sustains>100</Sustains>
    <ID>MonitorLizardFlesh</ID>
    <Name></Name>
    <GroupName>monitor lizard</GroupName>
    <Type>Flesh</Type>
    <Value>1</Value>
    <Strength>1</Strength>
  </Item>
  <Item>
    <Slash>
      <Blocks>5</Blocks>
    </Slash>
    <Pierce>
      <Blocks>10</Blocks>
      <PercentTransfered>1</PercentTransfered>
      <PercentReceived>0.0</PercentReceived>
    </Pierce>
    <Blunt>
      <Blocks>0</Blocks>
      <PercentTransfered>0.75</PercentTransfered>
      <PercentReceived>0.0</PercentReceived>
    </Blunt>
    <Heat>
      <Blocks>5</Blocks>
      <PercentTransfered>0.05</PercentTransfered>
    </Heat>
    <Sustains>100</Sustains>
    <ID>BearFlesh</ID>
    <Name></Name>
    <GroupName>bear</GroupName>
    <Type>Flesh</Type>
    <Value>1</Value>
    <Strength>1</Strength>
  </Item>
  <Item>
    <Slash>
      <Blocks>5</Blocks>
    </Slash>
    <Pierce>
      <Blocks>10</Blocks>
      <PercentTransfered>1</PercentTransfered>
      <PercentReceived>0.0</PercentReceived>
    </Pierce>
    <Blunt>
      <Blocks>0</Blocks>
      <PercentTransfered>0.75</PercentTransfered>
      <PercentReceived>0.0</PercentReceived>
    </Blunt>
    <Heat>
      <Blocks>5</Blocks>
      <PercentTransfered>0.05</PercentTransfered>
    </Heat>
    <Sustains>100</Sustains>
    <ID>OgreFlesh</ID>
    <Name></Name>
    <GroupName>ogre</GroupName>
    <Type>Flesh</Type>
    <Value>1</Value>
    <Strength>1</Strength>
  </Item>
  <Item>
    <Slash>
      <Blocks>5</Blocks>
    </Slash>
    <Pierce>
      <Blocks>10</Blocks>
      <PercentTransfered>1</PercentTransfered>
      <PercentReceived>0.0</PercentReceived>
    </Pierce>
    <Blunt>
      <Blocks>0</Blocks>
      <PercentTransfered>0.75</PercentTransfered>
      <PercentReceived>0.0</PercentReceived>
    </Blunt>
    <Heat>
      <Blocks>5</Blocks>
      <PercentTransfered>0.05</PercentTransfered>
    </Heat>
    <Sustains>100</Sustains>
    <ID>TwoHeadedOgreFlesh</ID>
    <Name></Name>
    <GroupName>two-headed ogre</GroupName>
    <Type>Flesh</Type>
    <Value>1</Value>
    <Strength>1</Strength>
  </Item>
  <Item>
    <Slash>
      <Blocks>5</Blocks>
    </Slash>
    <Pierce>
      <Blocks>1</Blocks>
      <PercentTransfered>1</PercentTransfered>
      <PercentReceived>0.1</PercentReceived>
    </Pierce>
    <Blunt>
      <Blocks>5</Blocks>
    </Blunt>
    <Heat>
      <Blocks>10</Blocks>
    </Heat>
    <Sustains>200</Sustains>
    <ID>YakBone</ID>
    <Name></Name>
    <GroupName>yak</GroupName>
    <Type>Bone</Type>
    <Value>1</Value>
    <Strength>0.9</Strength>
  </Item>
  <Item>
    <Slash>
      <Blocks>5</Blocks>
    </Slash>
    <Pierce>
      <Blocks>1</Blocks>
      <PercentTransfered>1</PercentTransfered>
      <PercentReceived>0.1</PercentReceived>
    </Pierce>
    <Blunt>
      <Blocks>5</Blocks>
    </Blunt>
    <Heat>
      <Blocks>10</Blocks>
    </Heat>
    <Sustains>200</Sustains>
    <ID>AlpacaBone</ID>
    <Name></Name>
    <GroupName>alpaca</GroupName>
    <Type>Bone</Type>
    <Value>1</Value>
    <Strength>0.9</Strength>
  </Item>
  <Item>
    <Slash>
      <Blocks>5</Blocks>
    </Slash>
    <Pierce>
      <Blocks>1</Blocks>
      <PercentTransfered>1</PercentTransfered>
      <PercentReceived>0.1</PercentReceived>
    </Pierce>
    <Blunt>
      <Blocks>5</Blocks>
    </Blunt>
    <Heat>
      <Blocks>10</Blocks>
    </Heat>
    <Sustains>200</Sustains>
    <ID>EmuBone</ID>
    <Name></Name>
    <GroupName>emu</GroupName>
    <Type>Bone</Type>
    <Value>1</Value>
    <Strength>0.9</Strength>
  </Item>
  <Item>
    <Slash>
      <Blocks>5</Blocks>
    </Slash>
    <Pierce>
      <Blocks>1</Blocks>
      <PercentTransfered>1</PercentTransfered>
      <PercentReceived>0.1</PercentReceived>
    </Pierce>
    <Blunt>
      <Blocks>5</Blocks>
    </Blunt>
    <Heat>
      <Blocks>10</Blocks>
    </Heat>
    <Sustains>200</Sustains>
    <ID>HoneyBadgerBone</ID>
    <Name></Name>
    <GroupName>honey badger</GroupName>
    <Type>Bone</Type>
    <Value>1</Value>
    <Strength>0.9</Strength>
  </Item>
  <Item>
    <Slash>
      <Blocks>5</Blocks>
    </Slash>
    <Pierce>
      <Blocks>1</Blocks>
      <PercentTransfered>1</PercentTransfered>
      <PercentReceived>0.1</PercentReceived>
    </Pierce>
    <Blunt>
      <Blocks>5</Blocks>
    </Blunt>
    <Heat>
      <Blocks>10</Blocks>
    </Heat>
    <Sustains>200</Sustains>
    <ID>MonitorLizardBone</ID>
    <Name></Name>
    <GroupName>monitor lizard</GroupName>
    <Type>Bone</Type>
    <Value>1</Value>
    <Strength>0.9</Strength>
  </Item>
  <Item>
    <Slash>
      <Blocks>5</Blocks>
    </Slash>
    <Pierce>
      <Blocks>1</Blocks>
      <PercentTransfered>1</PercentTransfered>
      <PercentReceived>0.1</PercentReceived>
    </Pierce>
    <Blunt>
      <Blocks>5</Blocks>
    </Blunt>
    <Heat>
      <Blocks>10</Blocks>
    </Heat>
    <Sustains>200</Sustains>
    <ID>BearBone</ID>
    <Name></Name>
    <GroupName>bear</GroupName>
    <Type>Bone</Type>
    <Value>1</Value>
    <Strength>0.9</Strength>
  </Item>
  <Item>
    <Slash>
      <Blocks>5</Blocks>
    </Slash>
    <Pierce>
      <Blocks>1</Blocks>
      <PercentTransfered>1</PercentTransfered>
      <PercentReceived>0.1</PercentReceived>
    </Pierce>
    <Blunt>
      <Blocks>5</Blocks>
    </Blunt>
    <Heat>
      <Blocks>10</Blocks>
    </Heat>
    <Sustains>200</Sustains>
    <ID>OgreBone</ID>
    <Name></Name>
    <GroupName>ogre</GroupName>
    <Type>Bone</Type>
    <Value>1</Value>
    <Strength>0.9</Strength>
  </Item>
  <Item>
    <Slash>
      <Blocks>5</Blocks>
    </Slash>
    <Pierce>
      <Blocks>1</Blocks>
      <PercentTransfered>1</PercentTransfered>
      <PercentReceived>0.1</PercentReceived>
    </Pierce>
    <Blunt>
      <Blocks>5</Blocks>
    </Blunt>
    <Heat>
      <Blocks>10</Blocks>
    </Heat>
    <Sustains>200</Sustains>
    <ID>TwoHeadedOgreBone</ID>
    <Name></Name>
    <GroupName>two-headed ogre</GroupName>
    <Type>Bone</Type>
    <Value>1</Value>
    <Strength>0.9</Strength>
  </Item>
  <Item>
    <Slash>
      <Blocks>68.33333</Blocks>
    </Slash>
    <Pierce>
      <Blocks>36.66666</Blocks>
    </Pierce>
    <Blunt>
      <Blocks>5</Blocks>
    </Blunt>
    <Heat>
      <Blocks>10</Blocks>
      <PercentTransfered>0.1</PercentTransfered>
    </Heat>
    <Sustains>425</Sustains>
    <ID>YakSkull</ID>
    <Name></Name>
    <GroupName>yak</GroupName>
    <Type>Bone</Type>
    <Value>1</Value>
    <Strength>1.5</Strength>
  </Item>
  <Item>
    <Slash>
      <Blocks>68.33333</Blocks>
    </Slash>
    <Pierce>
      <Blocks>36.66666</Blocks>
    </Pierce>
    <Blunt>
      <Blocks>5</Blocks>
    </Blunt>
    <Heat>
      <Blocks>10</Blocks>
      <PercentTransfered>0.1</PercentTransfered>
    </Heat>
    <Sustains>425</Sustains>
    <ID>AlpacaSkull</ID>
    <Name></Name>
    <GroupName>alpaca</GroupName>
    <Type>Bone</Type>
    <Value>1</Value>
    <Strength>1.5</Strength>
  </Item>
  <Item>
    <Slash>
      <Blocks>68.33333</Blocks>
    </Slash>
    <Pierce>
      <Blocks>36.66666</Blocks>
    </Pierce>
    <Blunt>
      <Blocks>5</Blocks>
    </Blunt>
    <Heat>
      <Blocks>10</Blocks>
      <PercentTransfered>0.1</PercentTransfered>
    </Heat>
    <Sustains>425</Sustains>
    <ID>EmuSkull</ID>
    <Name></Name>
    <GroupName>emu</GroupName>
    <Type>Bone</Type>
    <Value>1</Value>
    <Strength>1.5</Strength>
  </Item>
  <Item>
    <Slash>
      <Blocks>68.33333</Blocks>
    </Slash>
    <Pierce>
      <Blocks>36.66666</Blocks>
    </Pierce>
    <Blunt>
      <Blocks>5</Blocks>
    </Blunt>
    <Heat>
      <Blocks>10</Blocks>
      <PercentTransfered>0.1</PercentTransfered>
    </Heat>
    <Sustains>425</Sustains>
    <ID>HoneyBadgerSkull</ID>
    <Name></Name>
    <GroupName>honey badger</GroupName>
    <Type>Bone</Type>
    <Value>1</Value>
    <Strength>1.5</Strength>
  </Item>
  <Item>
    <Slash>
      <Blocks>68.33333</Blocks>
    </Slash>
    <Pierce>
      <Blocks>36.66666</Blocks>
    </Pierce>
    <Blunt>
      <Blocks>5</Blocks>
    </Blunt>
    <Heat>
      <Blocks>10</Blocks>
      <PercentTransfered>0.1</PercentTransfered>
    </Heat>
    <Sustains>425</Sustains>
    <ID>MonitorLizardSkull</ID>
    <Name></Name>
    <GroupName>monitor lizard</GroupName>
    <Type>Bone</Type>
    <Value>1</Value>
    <Strength>1.5</Strength>
  </Item>
  <Item>
    <Slash>
      <Blocks>68.33333</Blocks>
    </Slash>
    <Pierce>
      <Blocks>36.66666</Blocks>
    </Pierce>
    <Blunt>
      <Blocks>5</Blocks>
    </Blunt>
    <Heat>
      <Blocks>10</Blocks>
      <PercentTransfered>0.1</PercentTransfered>
    </Heat>
    <Sustains>425</Sustains>
    <ID>BearSkull</ID>
    <Name></Name>
    <GroupName>bear</GroupName>
    <Type>Bone</Type>
    <Value>1</Value>
    <Strength>1.5</Strength>
  </Item>
  <Item>
    <Slash>
      <Blocks>68.33333</Blocks>
    </Slash>
    <Pierce>
      <Blocks>36.66666</Blocks>
    </Pierce>
    <Blunt>
      <Blocks>5</Blocks>
    </Blunt>
    <Heat>
      <Blocks>10</Blocks>
      <PercentTransfered>0.1</PercentTransfered>
    </Heat>
    <Sustains>425</Sustains>
    <ID>OgreSkull</ID>
    <Name></Name>
    <GroupName>ogre</GroupName>
    <Type>Bone</Type>
    <Value>1</Value>
    <Strength>1.5</Strength>
  </Item>
  <Item>
    <Slash>
      <Blocks>68.33333</Blocks>
    </Slash>
    <Pierce>
      <Blocks>36.66666</Blocks>
    </Pierce>
    <Blunt>
      <Blocks>5</Blocks>
    </Blunt>
    <Heat>
      <Blocks>10</Blocks>
    </Heat>
    <Sustains>425</Sustains>
    <ID>TwoHeadedOgreSkull</ID>
    <Name></Name>
    <GroupName>two-headed ogre</GroupName>
    <Type>Bone</Type>
    <Value>1</Value>
    <Strength>1.5</Strength>
  </Item>
  <Item>
    <ID>Grape</ID>
    <Name>grape</Name>
    <Type>Plant</Type>
    <Value>1</Value>
    <Strength>0.1</Strength>
  </Item>
  <Item>
    <ID>Orange</ID>
    <Name>orange</Name>
    <Type>Plant</Type>
    <Value>1</Value>
    <Strength>0.1</Strength>
  </Item>
  <Item>
    <Slash>
      <Blocks>5</Blocks>
    </Slash>
    <Pierce>
      <Blocks>36.66666</Blocks>
    </Pierce>
    <Blunt>
      <Blocks>68.33333</Blocks>
    </Blunt>
    <Heat>
      <Blocks>5</Blocks>
      <PercentTransfered>0.1</PercentTransfered>
    </Heat>
    <Sustains>425</Sustains>
    <ID>OrangeWood</ID>
    <Name>orange wood</Name>
    <Type>Wood</Type>
    <Color>198 161 115 255</Color>
    <Value>1</Value>
    <Strength>0.5</Strength>
  </Item>
  <Item>
    <ID>Mushroom</ID>
    <Name>mushroom</Name>
    <Type>Plant</Type>
    <Value>1</Value>
    <Strength>0.1</Strength>
  </Item>
  <Item>
    <Slash>
      <Blocks>5</Blocks>
    </Slash>
    <Pierce>
      <Blocks>36.66666</Blocks>
    </Pierce>
    <Blunt>
      <Blocks>68.33333</Blocks>
    </Blunt>
    <Heat>
      <Blocks>10</Blocks>
      <PercentTransfered>0.1</PercentTransfered>
    </Heat>
    <Sustains>225</Sustains>
    <ID>Silica</ID>
    <Name>silica</Name>
    <Type>Soil</Type>
    <Color>255 255 255 255</Color>
    <Value>1</Value>
    <Strength>0.5</Strength>
  </Item>
  <Item>
    <Slash>
      <Blocks>68.33333</Blocks>
    </Slash>
    <Pierce>
      <Blocks>36.66666</Blocks>
    </Pierce>
    <Blunt>
      <Blocks>5</Blocks>
    </Blunt>
    <Heat>
      <Blocks>10</Blocks>
      <PercentTransfered>0.1</PercentTransfered>
    </Heat>
    <Sustains>425</Sustains>
    <ID>Ceramic</ID>
    <Name>ceramic</Name>
    <Type>Stone</Type>
    <Color>164 79 58 255</Color>
    <Value>2</Value>
    <Strength>0.7</Strength>
  </Item>
  <Item>
    <Slash>
      <Blocks>5</Blocks>
    </Slash>
    <Pierce>
      <Blocks>36.66666</Blocks>
    </Pierce>
    <Blunt>
      <Blocks>68.33333</Blocks>
    </Blunt>
    <Heat>
      <Blocks>10</Blocks>
      <PercentTransfered>0.1</PercentTransfered>
    </Heat>
    <Sustains>225</Sustains>
    <ID>Glass</ID>
    <Name>glass</Name>
    <Type>Stone</Type>
    <Color>255 255 255 255</Color>
    <Value>1</Value>
    <Strength>0.1</Strength>
  </Item>
</Materials>
