﻿<?xml version="1.0" encoding="utf-8" ?>
<TerrainSettings>
  <!--HiddenCellSpriteID: ID of sprite to render when a cell has never been seen-->
  <!--HiddenCellColor: Color to tint HiddenCellSpriteID-->
  <!--DarknessIndicatorSpriteID: ID of sprite to render when viewing cells in darkness-->
  <!--DarknessIndicatorColor: Color to tint DarknessIndicatorSpriteID-->
  <!--TopLeftBorderID: ID of sprite used to border a cell-->
  <!--TopRightBorderID: ID of sprite used to border a cell-->
  <!--TopLeftWallBorderID: ID of sprite used to border a cell-->
  <!--TopRightWallBorderID: ID of sprite used to border a cell-->
  <!--LeftBorderID: ID of sprite used to border a cell-->
  <!--RightBorderID: ID of sprite used to border a cell-->
  <!--LeftWallBorderID: ID of sprite used to border a cell-->
  <!--RightWallBorderID: ID of sprite used to border a cell-->
  <!--BottomLeftBorderID: ID of sprite used to border a cell-->
  <!--BottomRightBorderID: ID of sprite used to border a cell-->
  <!--TerrainSprites: Sprites used for terrain of associated Material
        Key: Material of terrain
        Value:
          StateSprite: Supports Wall, Floor and ShortWall states
            Key: Name of state
            Value
              Item
                SpriteID: ID of sprite to render
  -->
  <!--MaterialIDsToStairID: Construction ID of stairs when mining/digging stairs into terrain directly
        MaterialIDToStairID
          Key: Material ID
          Value: Construction ID
  -->
  <!--MaterialIDsToRampID: Construction ID of ramp when mining/digging stairs into terrain directly
        MaterialIDToRampID
          Key: Material ID
          Value: Construction ID
  -->
  <!--MaterialIDsToEmbeddedSprites: Sprites used for embedded materials, ie ore and gems
        MaterialIDToEmbeddedSprite
          Key: Material ID
          Value
            Item
              SpriteID: ID of sprite
  -->
  <!--The following terrain material IDs are mostly used for generating terrain-->
  <!--AirMaterialID: Material ID of air.-->
  <!--WaterMaterialID: Material ID of water.-->
  <!--RainMaterialID: Material ID of rain.-->
  <!--LavaMaterialID: Material ID of lava.-->
  <!--ObsidianMaterialID: Material ID of obsidian.  Created when combining water and lava-->
  <!--DirtMaterialID: Material ID of dirt.-->
  <!--ClayMaterialID: Material ID of clay.-->
  <!--MudMaterialID: Material ID of mud-->
  <!--StoneMaterialIDs: Types of stone used when generating the world
        StoneMaterialID: Material ID of stone.  Supports an arbitrary amount of these-->
  <!--Trees: Parameters for generating trees
        TreeGrowthSettings: Supports an arbitrary amount
          Type: Cluster or Vein
          WeightedMaterialIDs
            Item
              MaterialID: ID of material to use for tree
              Weight: Weight that this material is selected over others in this group
          MinQuantity: Minimum amount of groves of trees to attempt to generate
          MaxQuantity: Maximum amount of groves of trees to attempt to generate
          MinSize: Min size of 1 grove
          MaxSize: Max size of 1 grove-->
  <!--Plants: Parameters for generating plants
        PlantGrowthSetting: Supports an arbitrary amount
          Type: Cluster or Vein
          WeightedMaterialIDs
            Item
              MaterialID: ID of material to use for plant
              Weight: Weight that this material is selected over others in this group
          MinQuantity: Minimum amount of groups of plants to attempt to generate
          MaxQuantity: Maximum amount of groups of plants to attempt to generate
          MinSize: Min size of 1 group
          MaxSize: Max size of 1 group-->
  <!--Minerals: Parameters for generating minerals
        MineralGrowthSetting: Supports an arbitrary amount
          Type: Cluster or Vein
          WeightedMaterialIDs
            Item
              MaterialID: ID of material to use for minerals
              Weight: Weight that this material is selected over others in this group
          StartDepth (Optional): Default 0. Minimum depth to generate minerals at.  0 based, a depth of 0 in game is 25 here
          EndDepth (Optiona): Default 128. Maximum depth to generate minerals at.  0 based, a depth of 0 in game is 25 here
          MinQuantity: Minimum amount of groups of minerals to attempt to generate
          MaxQuantity: Maximum amount of groups of plants to attempt to generate
          MinSize: Min size of 1 group
          MaxSize: Max size of 1 group-->
  <HiddenCellSpriteID>SolidSelectionWall</HiddenCellSpriteID>
  <HiddenCellColor>38 38 38 255</HiddenCellColor>
  <DarknessIndicatorSpriteID>SolidSelectionFloor</DarknessIndicatorSpriteID>
  <DarknessIndicatorColor>255 0 0 128</DarknessIndicatorColor>
  <TopLeftBorderID>TopLeftBorder</TopLeftBorderID>
  <TopRightBorderID>TopRightBorder</TopRightBorderID>
  <TopLeftWallBorderID>TopLeftWallBorder</TopLeftWallBorderID>
  <TopRightWallBorderID>TopRightWallBorder</TopRightWallBorderID>
  <LeftBorderID>LeftBorder</LeftBorderID>
  <RightBorderID>RightBorder</RightBorderID>
  <LeftWallBorderID>LeftWallBorder</LeftWallBorderID>
  <RightWallBorderID>RightWallBorder</RightWallBorderID>
  <BottomLeftBorderID>BottomLeftBorder</BottomLeftBorderID>
  <BottomRightBorderID>BottomRightBorder</BottomRightBorderID>
  <TerrainSprites>
    <Key>Dirt</Key>
    <Value>
      <StateSprite>
        <Key>Wall</Key>
        <Value>
          <Item>
            <SpriteID>RoughSoilWall</SpriteID>
          </Item>
        </Value>
      </StateSprite>
      <StateSprite>
        <Key>Floor</Key>
        <Value>
          <Item>
            <SpriteID>RoughSoilFloor</SpriteID>
          </Item>
        </Value>
      </StateSprite>
      <StateSprite>
        <Key>ShortWall</Key>
        <Value>
          <Item>
            <SpriteID>RoughSoilShortWall</SpriteID>
          </Item>
        </Value>
      </StateSprite>
    </Value>
  </TerrainSprites>
  <TerrainSprites>
    <Key>Clay</Key>
    <Value>
      <StateSprite>
        <Key>Wall</Key>
        <Value>
          <Item>
            <SpriteID>RoughSoilWall</SpriteID>
          </Item>
        </Value>
      </StateSprite>
      <StateSprite>
        <Key>Floor</Key>
        <Value>
          <Item>
            <SpriteID>RoughSoilFloor</SpriteID>
          </Item>
        </Value>
      </StateSprite>
      <StateSprite>
        <Key>ShortWall</Key>
        <Value>
          <Item>
            <SpriteID>RoughSoilShortWall</SpriteID>
          </Item>
        </Value>
      </StateSprite>
    </Value>
  </TerrainSprites>
  <TerrainSprites>
    <Key>Granite</Key>
    <Value>
      <StateSprite>
        <Key>Wall</Key>
        <Value>
          <Item>
            <SpriteID>RoughStoneWall</SpriteID>
          </Item>
        </Value>
      </StateSprite>
      <StateSprite>
        <Key>Floor</Key>
        <Value>
          <Item>
            <SpriteID>RoughStoneFloor</SpriteID>
          </Item>
        </Value>
      </StateSprite>
      <StateSprite>
        <Key>ShortWall</Key>
        <Value>
          <Item>
            <SpriteID>RoughStoneShortWall</SpriteID>
          </Item>
        </Value>
      </StateSprite>
    </Value>
  </TerrainSprites>
  <TerrainSprites>
    <Key>Basalt</Key>
    <Value>
      <StateSprite>
        <Key>Wall</Key>
        <Value>
          <Item>
            <SpriteID>RoughStoneWall</SpriteID>
          </Item>
        </Value>
      </StateSprite>
      <StateSprite>
        <Key>Floor</Key>
        <Value>
          <Item>
            <SpriteID>RoughStoneFloor</SpriteID>
          </Item>
        </Value>
      </StateSprite>
      <StateSprite>
        <Key>ShortWall</Key>
        <Value>
          <Item>
            <SpriteID>RoughStoneShortWall</SpriteID>
          </Item>
        </Value>
      </StateSprite>
    </Value>
  </TerrainSprites>
  <TerrainSprites>
    <Key>Marble</Key>
    <Value>
      <StateSprite>
        <Key>Wall</Key>
        <Value>
          <Item>
            <SpriteID>RoughStoneWall</SpriteID>
          </Item>
        </Value>
      </StateSprite>
      <StateSprite>
        <Key>Floor</Key>
        <Value>
          <Item>
            <SpriteID>RoughStoneFloor</SpriteID>
          </Item>
        </Value>
      </StateSprite>
      <StateSprite>
        <Key>ShortWall</Key>
        <Value>
          <Item>
            <SpriteID>RoughStoneShortWall</SpriteID>
          </Item>
        </Value>
      </StateSprite>
    </Value>
  </TerrainSprites>
  <TerrainSprites>
    <Key>Sandstone</Key>
    <Value>
      <StateSprite>
        <Key>Wall</Key>
        <Value>
          <Item>
            <SpriteID>RoughStoneWall</SpriteID>
          </Item>
        </Value>
      </StateSprite>
      <StateSprite>
        <Key>Floor</Key>
        <Value>
          <Item>
            <SpriteID>RoughStoneFloor</SpriteID>
          </Item>
        </Value>
      </StateSprite>
      <StateSprite>
        <Key>ShortWall</Key>
        <Value>
          <Item>
            <SpriteID>RoughStoneShortWall</SpriteID>
          </Item>
        </Value>
      </StateSprite>
    </Value>
  </TerrainSprites>
  <TerrainSprites>
    <Key>Bauxite</Key>
    <Value>
      <StateSprite>
        <Key>Wall</Key>
        <Value>
          <Item>
            <SpriteID>RoughStoneWall</SpriteID>
          </Item>
        </Value>
      </StateSprite>
      <StateSprite>
        <Key>Floor</Key>
        <Value>
          <Item>
            <SpriteID>RoughStoneFloor</SpriteID>
          </Item>
        </Value>
      </StateSprite>
      <StateSprite>
        <Key>ShortWall</Key>
        <Value>
          <Item>
            <SpriteID>RoughStoneShortWall</SpriteID>
          </Item>
        </Value>
      </StateSprite>
    </Value>
  </TerrainSprites>
  <TerrainSprites>
    <Key>Serpentine</Key>
    <Value>
      <StateSprite>
        <Key>Wall</Key>
        <Value>
          <Item>
            <SpriteID>RoughStoneWall</SpriteID>
          </Item>
        </Value>
      </StateSprite>
      <StateSprite>
        <Key>Floor</Key>
        <Value>
          <Item>
            <SpriteID>RoughStoneFloor</SpriteID>
          </Item>
        </Value>
      </StateSprite>
      <StateSprite>
        <Key>ShortWall</Key>
        <Value>
          <Item>
            <SpriteID>RoughStoneShortWall</SpriteID>
          </Item>
        </Value>
      </StateSprite>
    </Value>
  </TerrainSprites>
  <TerrainSprites>
    <Key>LapisLazuli</Key>
    <Value>
      <StateSprite>
        <Key>Wall</Key>
        <Value>
          <Item>
            <SpriteID>RoughStoneWall</SpriteID>
          </Item>
        </Value>
      </StateSprite>
      <StateSprite>
        <Key>Floor</Key>
        <Value>
          <Item>
            <SpriteID>RoughStoneFloor</SpriteID>
          </Item>
        </Value>
      </StateSprite>
      <StateSprite>
        <Key>ShortWall</Key>
        <Value>
          <Item>
            <SpriteID>RoughStoneShortWall</SpriteID>
          </Item>
        </Value>
      </StateSprite>
    </Value>
  </TerrainSprites>
  <TerrainSprites>
    <Key>Obsidian</Key>
    <Value>
      <StateSprite>
        <Key>Wall</Key>
        <Value>
          <Item>
            <SpriteID>RoughStoneWall</SpriteID>
          </Item>
        </Value>
      </StateSprite>
      <StateSprite>
        <Key>Floor</Key>
        <Value>
          <Item>
            <SpriteID>RoughStoneFloor</SpriteID>
          </Item>
        </Value>
      </StateSprite>
      <StateSprite>
        <Key>ShortWall</Key>
        <Value>
          <Item>
            <SpriteID>RoughStoneShortWall</SpriteID>
          </Item>
        </Value>
      </StateSprite>
    </Value>
  </TerrainSprites>
  <MaterialIDsToStairIDs>
    <MaterialIDToStairID>
      <Key>Dirt</Key>
      <Value>SoilStairs</Value>
    </MaterialIDToStairID>
    <MaterialIDToStairID>
      <Key>Clay</Key>
      <Value>SoilStairs</Value>
    </MaterialIDToStairID>
    <MaterialIDToStairID>
      <Key>Granite</Key>
      <Value>RawStoneStairs</Value>
    </MaterialIDToStairID>
    <MaterialIDToStairID>
      <Key>Basalt</Key>
      <Value>RawStoneStairs</Value>
    </MaterialIDToStairID>
    <MaterialIDToStairID>
      <Key>Marble</Key>
      <Value>RawStoneStairs</Value>
    </MaterialIDToStairID>
    <MaterialIDToStairID>
      <Key>Sandstone</Key>
      <Value>RawStoneStairs</Value>
    </MaterialIDToStairID>
    <MaterialIDToStairID>
      <Key>Bauxite</Key>
      <Value>RawStoneStairs</Value>
    </MaterialIDToStairID>
    <MaterialIDToStairID>
      <Key>Serpentine</Key>
      <Value>RawStoneStairs</Value>
    </MaterialIDToStairID>
    <MaterialIDToStairID>
      <Key>LapisLazuli</Key>
      <Value>RawStoneStairs</Value>
    </MaterialIDToStairID>
    <MaterialIDToStairID>
      <Key>Obsidian</Key>
      <Value>RawStoneStairs</Value>
    </MaterialIDToStairID>
  </MaterialIDsToStairIDs>
  <MaterialIDsToRampIDs>
    <MaterialIDToRampID>
      <Key>Dirt</Key>
      <Value>SoilRamp</Value>
    </MaterialIDToRampID>
    <MaterialIDToRampID>
      <Key>Clay</Key>
      <Value>SoilRamp</Value>
    </MaterialIDToRampID>
    <MaterialIDToRampID>
      <Key>Granite</Key>
      <Value>RawStoneRamp</Value>
    </MaterialIDToRampID>
    <MaterialIDToRampID>
      <Key>Basalt</Key>
      <Value>RawStoneRamp</Value>
    </MaterialIDToRampID>
    <MaterialIDToRampID>
      <Key>Marble</Key>
      <Value>RawStoneRamp</Value>
    </MaterialIDToRampID>
    <MaterialIDToRampID>
      <Key>Sandstone</Key>
      <Value>RawStoneRamp</Value>
    </MaterialIDToRampID>
    <MaterialIDToRampID>
      <Key>Bauxite</Key>
      <Value>RawStoneRamp</Value>
    </MaterialIDToRampID>
    <MaterialIDToRampID>
      <Key>Serpentine</Key>
      <Value>RawStoneRamp</Value>
    </MaterialIDToRampID>
    <MaterialIDToRampID>
      <Key>LapisLazuli</Key>
      <Value>RawStoneRamp</Value>
    </MaterialIDToRampID>
    <MaterialIDToRampID>
      <Key>Obsidian</Key>
      <Value>RawStoneRamp</Value>
    </MaterialIDToRampID>
  </MaterialIDsToRampIDs>
  <MaterialIDsToEmbeddedSprites>
    <MaterialIDToEmbeddedSprite>
      <Key>Copper</Key>
      <Value>
        <Item>
          <SpriteID>EmbeddedOre</SpriteID>
        </Item>
      </Value>
    </MaterialIDToEmbeddedSprite>
    <MaterialIDToEmbeddedSprite>
      <Key>Malachite</Key>
      <Value>
        <Item>
          <SpriteID>EmbeddedOre</SpriteID>
        </Item>
      </Value>
    </MaterialIDToEmbeddedSprite>
    <MaterialIDToEmbeddedSprite>
      <Key>Tin</Key>
      <Value>
        <Item>
          <SpriteID>EmbeddedOre</SpriteID>
        </Item>
      </Value>
    </MaterialIDToEmbeddedSprite>
    <MaterialIDToEmbeddedSprite>
      <Key>Iron</Key>
      <Value>
        <Item>
          <SpriteID>EmbeddedOre</SpriteID>
        </Item>
      </Value>
    </MaterialIDToEmbeddedSprite>
    <MaterialIDToEmbeddedSprite>
      <Key>Lead</Key>
      <Value>
        <Item>
          <SpriteID>EmbeddedOre</SpriteID>
        </Item>
      </Value>
    </MaterialIDToEmbeddedSprite>
    <MaterialIDToEmbeddedSprite>
      <Key>Silver</Key>
      <Value>
        <Item>
          <SpriteID>EmbeddedOre</SpriteID>
        </Item>
      </Value>
    </MaterialIDToEmbeddedSprite>
    <MaterialIDToEmbeddedSprite>
      <Key>Gold</Key>
      <Value>
        <Item>
          <SpriteID>EmbeddedOre</SpriteID>
        </Item>
      </Value>
    </MaterialIDToEmbeddedSprite>
    <MaterialIDToEmbeddedSprite>
      <Key>Platinum</Key>
      <Value>
        <Item>
          <SpriteID>EmbeddedOre</SpriteID>
        </Item>
      </Value>
    </MaterialIDToEmbeddedSprite>
    <MaterialIDToEmbeddedSprite>
      <Key>Emerald</Key>
      <Value>
        <Item>
          <SpriteID>EmbeddedGem</SpriteID>
        </Item>
      </Value>
    </MaterialIDToEmbeddedSprite>
    <MaterialIDToEmbeddedSprite>
      <Key>Sapphire</Key>
      <Value>
        <Item>
          <SpriteID>EmbeddedGem</SpriteID>
        </Item>
      </Value>
    </MaterialIDToEmbeddedSprite>
    <MaterialIDToEmbeddedSprite>
      <Key>Coal</Key>
      <Value>
        <Item>
          <SpriteID>EmbeddedOre</SpriteID>
        </Item>
      </Value>
    </MaterialIDToEmbeddedSprite>
  </MaterialIDsToEmbeddedSprites>
  <AirMaterialID>Air</AirMaterialID>
  <WaterMaterialID>Water</WaterMaterialID>
  <RainMaterialID>Water</RainMaterialID>
  <LavaMaterialID>Lava</LavaMaterialID>
  <ObsidianMaterialID>Obsidian</ObsidianMaterialID>
  <DirtMaterialID>Dirt</DirtMaterialID>
  <ClayMaterialID>Clay</ClayMaterialID>
  <MudMaterialID>Dirt</MudMaterialID>
  <StoneMaterialIDs>
    <StoneMaterialID>Granite</StoneMaterialID>
    <StoneMaterialID>Basalt</StoneMaterialID>
    <StoneMaterialID>Marble</StoneMaterialID>
    <StoneMaterialID>Sandstone</StoneMaterialID>
    <StoneMaterialID>Bauxite</StoneMaterialID>
    <StoneMaterialID>Serpentine</StoneMaterialID>
    <StoneMaterialID>LapisLazuli</StoneMaterialID>
  </StoneMaterialIDs>
  <Trees>
    <TreeGrowthSetting>
      <Type>Cluster</Type>
      <WeightedMaterialIDs>
        <Item>
          <MaterialID>Pine</MaterialID>
          <Weight>4</Weight>
        </Item>
        <Item>
          <MaterialID>Birch</MaterialID>
          <Weight>2</Weight>
        </Item>
        <Item>
          <MaterialID>Apple</MaterialID>
          <Weight>1</Weight>
        </Item>
        <Item>
          <MaterialID>Orange</MaterialID>
          <Weight>1</Weight>
        </Item>
      </WeightedMaterialIDs>
      <MinQuantity>50</MinQuantity>
      <MaxQuantity>50</MaxQuantity>
      <MinSize>4</MinSize>
      <MaxSize>16</MaxSize>
    </TreeGrowthSetting>
  </Trees>
  <Plants>
    <PlantGrowthSetting>
      <Type>Cluster</Type>
      <WeightedMaterialIDs>
        <Item>
          <MaterialID>Strawberry</MaterialID>
          <Weight>1</Weight>
        </Item>
        <Item>
          <MaterialID>Cotton</MaterialID>
          <Weight>1</Weight>
        </Item>
      </WeightedMaterialIDs>
      <MinQuantity>100</MinQuantity>
      <MaxQuantity>100</MaxQuantity>
      <MinSize>2</MinSize>
      <MaxSize>4</MaxSize>
    </PlantGrowthSetting>
  </Plants>
  <Minerals>
    <MineralGrowthSetting>
      <Type>Vein</Type>
      <WeightedMaterialIDs>
        <Item>
          <MaterialID>Copper</MaterialID>
          <Weight>1</Weight>
        </Item>
      </WeightedMaterialIDs>
      <EndDepth>35</EndDepth>
      <MinQuantity>16</MinQuantity>
      <MaxQuantity>16</MaxQuantity>
      <MinSize>25</MinSize>
      <MaxSize>50</MaxSize>
    </MineralGrowthSetting>
    <MineralGrowthSetting>
      <Type>Cluster</Type>
      <WeightedMaterialIDs>
        <Item>
          <MaterialID>Sapphire</MaterialID>
          <Weight>1</Weight>
        </Item>
      </WeightedMaterialIDs>
      <EndDepth>35</EndDepth>
      <MinQuantity>128</MinQuantity>
      <MaxQuantity>128</MaxQuantity>
      <MinSize>3</MinSize>
      <MaxSize>4</MaxSize>
    </MineralGrowthSetting>
    <MineralGrowthSetting>
      <Type>Vein</Type>
      <WeightedMaterialIDs>
        <Item>
          <MaterialID>Copper</MaterialID>
          <Weight>1</Weight>
        </Item>
        <Item>
          <MaterialID>Tin</MaterialID>
          <Weight>1</Weight>
        </Item>
      </WeightedMaterialIDs>
      <StartDepth>35</StartDepth>
      <EndDepth>75</EndDepth>
      <MinQuantity>64</MinQuantity>
      <MaxQuantity>64</MaxQuantity>
      <MinSize>50</MinSize>
      <MaxSize>100</MaxSize>
    </MineralGrowthSetting>
    <MineralGrowthSetting>
      <Type>Vein</Type>
      <WeightedMaterialIDs>
        <Item>
          <MaterialID>Malachite</MaterialID>
          <Weight>1</Weight>
        </Item>
        <Item>
          <MaterialID>Silver</MaterialID>
          <Weight>1</Weight>
        </Item>
      </WeightedMaterialIDs>
      <StartDepth>35</StartDepth>
      <EndDepth>85</EndDepth>
      <MinQuantity>40</MinQuantity>
      <MaxQuantity>40</MaxQuantity>
      <MinSize>25</MinSize>
      <MaxSize>50</MaxSize>
    </MineralGrowthSetting>
    <MineralGrowthSetting>
      <Type>Cluster</Type>
      <WeightedMaterialIDs>
        <Item>
          <MaterialID>Sapphire</MaterialID>
          <Weight>1</Weight>
        </Item>
        <Item>
          <MaterialID>Emerald</MaterialID>
          <Weight>1</Weight>
        </Item>
      </WeightedMaterialIDs>
      <StartDepth>35</StartDepth>
      <MinQuantity>1280</MinQuantity>
      <MaxQuantity>1280</MaxQuantity>
      <MinSize>3</MinSize>
      <MaxSize>4</MaxSize>
    </MineralGrowthSetting>
    <MineralGrowthSetting>
      <Type>Vein</Type>
      <WeightedMaterialIDs>
        <Item>
          <MaterialID>Lead</MaterialID>
          <Weight>1</Weight>
        </Item>
      </WeightedMaterialIDs>
      <StartDepth>75</StartDepth>
      <EndDepth>110</EndDepth>
      <MinQuantity>40</MinQuantity>
      <MaxQuantity>40</MaxQuantity>
      <MinSize>25</MinSize>
      <MaxSize>50</MaxSize>
    </MineralGrowthSetting>
    <MineralGrowthSetting>
      <Type>Vein</Type>
      <WeightedMaterialIDs>
        <Item>
          <MaterialID>Iron</MaterialID>
          <Weight>1</Weight>
        </Item>
      </WeightedMaterialIDs>
      <StartDepth>75</StartDepth>
      <MinQuantity>96</MinQuantity>
      <MaxQuantity>96</MaxQuantity>
      <MinSize>50</MinSize>
      <MaxSize>100</MaxSize>
    </MineralGrowthSetting>
    <MineralGrowthSetting>
      <Type>Vein</Type>
      <WeightedMaterialIDs>
        <Item>
          <MaterialID>Gold</MaterialID>
          <Weight>1</Weight>
        </Item>
      </WeightedMaterialIDs>
      <StartDepth>85</StartDepth>
      <EndDepth>110</EndDepth>
      <MinQuantity>32</MinQuantity>
      <MaxQuantity>32</MaxQuantity>
      <MinSize>25</MinSize>
      <MaxSize>50</MaxSize>
    </MineralGrowthSetting>
    <MineralGrowthSetting>
      <Type>Vein</Type>
      <WeightedMaterialIDs>
        <Item>
          <MaterialID>Platinum</MaterialID>
          <Weight>1</Weight>
        </Item>
      </WeightedMaterialIDs>
      <StartDepth>85</StartDepth>
      <MinQuantity>32</MinQuantity>
      <MaxQuantity>32</MaxQuantity>
      <MinSize>15</MinSize>
      <MaxSize>30</MaxSize>
    </MineralGrowthSetting>
    <MineralGrowthSetting>
      <Type>Cluster</Type>
      <WeightedMaterialIDs>
        <Item>
          <MaterialID>Coal</MaterialID>
          <Weight>1</Weight>
        </Item>
      </WeightedMaterialIDs>
      <MinQuantity>3840</MinQuantity>
      <MaxQuantity>3840</MaxQuantity>
      <MinSize>3</MinSize>
      <MaxSize>4</MaxSize>
    </MineralGrowthSetting>
  </Minerals>
</TerrainSettings>
