﻿<?xml version="1.0" encoding="utf-8" ?>
<Names>
  <!--Item: Uses a markov chain to generate names based off the entries
        NameID: ID of this name to be used everywhere else
        Order: Used in building the chain.  Length of characters to look at in a sequence for building % of next character.
        MinLength: Minimum length of names to generate
        MaxLength: Chance of ending the name artificially increases after this length
        Name: Supports an arbitrary number.  Names used to build the markov chain
  -->
  <Item>
    <NameID>GnomeMale</NameID>
    <Order>2</Order>
    <MinLength>3</MinLength>
    <MaxLength>15</MaxLength>
    <Name>bartleby</Name>
    <Name>bartlett</Name>
    <Name>beeblebrox</Name>
    <Name>bembledack</Name>
    <Name>bingledack</Name>
    <Name>blart</Name>
    <Name>blerg</Name>
    <Name>bunwalla</Name>
    <Name>dambleban</Name>
    <Name>dangle</Name>
    <Name>dindlebert</Name>
    <Name>dinkledoodle</Name>
    <Name>dimperdoodle</Name>
    <Name>doodle</Name>
    <Name>engelbert</Name>
    <Name>fishtybuns</Name>
    <Name>fistelvase</Name>
    <Name>fizban</Name>
    <Name>fizzy</Name>
    <Name>fondle</Name>
    <Name>foodle</Name>
    <Name>jeff</Name>
    <Name>gnapoleon</Name>
    <Name>gnemo</Name>
    <Name>gneo</Name>
    <Name>gnick</Name>
    <Name>gnomeo</Name>
    <Name>humperdinck</Name>
    <Name>humptyback</Name>
    <Name>klingybun</Name>
    <Name>kringelbert</Name>
    <Name>perrywinkle</Name>
    <Name>slartibartfast</Name>
    <Name>steviebuns</Name>
    <Name>versenwald</Name>
    <Name>vingelbert</Name>
    <Name>wangledack</Name>
    <Name>wingelbert</Name>      
    <Name>wingledanck</Name>
    <Name>winkle</Name>
    <Name>wizzy</Name>
    <Name>wocket</Name>
    <Name>yingybert</Name>
    <Name>zangelbert</Name>
    <Name>zifnab</Name>
    <Name>zindledack</Name>
    <Name>zingelbert</Name>
    <Name>zoltan</Name>
    <Name>grimm</Name>
    <Name>twosprocket</Name>
    <Name>gashweld</Name>
    <Name>fizwhistle</Name>
    <Name>wobbletop</Name>
    <Name>fizzlespit</Name>
    <Name>fizzwizzle</Name>
    <Name>fizzlebizz</Name>
    <Name>mixilpixil</Name>
    <Name>spark</Name>
    <Name>whindlebolt</Name>
    <Name>fizzlespinner</Name>
    <Name>booms</Name>
    <Name>doohickey</Name>
    <Name>thistlefuzz</Name>
    <Name>baubbletump</Name>
    <Name>mekkatorque</Name>
    <Name>tinker</Name>
    <Name>lemkenilli</Name>
    <Name>twizzlefixit</Name>
    <Name>hinkles</Name>
    <Name>gimrizz</Name>
    <Name>gimble</Name>
    <Name>gaffer</Name>
    <Name>flickin</Name>
    <Name>fizzle</Name>
    <Name>fimble</Name>
    <Name>dink</Name>
    <Name>deek</Name>
    <Name>crazzle</Name>
    <Name>craggle</Name>
    <Name>cog</Name>
    <Name>caz</Name>
    <Name>boog</Name>
    <Name>binjy</Name>
    <Name>bingus</Name>
    <Name>bimble</Name>
    <Name>billibub</Name>
    <Name>belbi</Name>
    <Name>loosegrip</Name>
    <Name>togglevolt</Name>
    <Name>gyromate</Name>
    <Name>spindlenut</Name>
    <Name>wizzle</Name>
    <Name>wemble</Name>
    <Name>twilbur</Name>
    <Name>tickin</Name>
    <Name>spackle</Name>
    <Name>rizzle</Name>
    <Name>razzle</Name>
    <Name>pithwick</Name>
    <Name>ozzie</Name>
    <Name>milo</Name>
    <Name>mazzer</Name>
    <Name>gabriel</Name>
    <Name>abibo</Name>
    <Name>ado</Name>
    <Name>amos</Name>
    <Name>anno</Name>
    <Name>axel</Name>
    <Name>azas</Name>
    <Name>bacchus</Name>
    <Name>baltram</Name>
    <Name>bardo</Name>
    <Name>barlow</Name>
    <Name>barr</Name>
    <Name>basil</Name>
    <Name>bean</Name>
    <Name>bruno</Name>
    <Name>casper</Name>
    <Name>cass</Name>
    <Name>cato</Name>
    <Name>cecil</Name>
    <Name>chester</Name>
    <Name>ciro</Name>
    <Name>conan</Name>
    <Name>crispin</Name>
    <Name>cyr</Name>
    <Name>dewey</Name>
    <Name>didymus</Name>
    <Name>dion</Name>
    <Name>dolph</Name>
    <Name>drogo</Name>
    <Name>elmer</Name>
    <Name>enzio</Name>
    <Name>eunus</Name>
    <Name>eustace</Name>
    <Name>ewald</Name>
    <Name>fabian</Name>
    <Name>falco</Name>
    <Name>felix</Name>
    <Name>fergus</Name>
    <Name>festus</Name>
    <Name>filbert</Name>
    <Name>finbarr</Name>
    <Name>fintan</Name>
    <Name>fulk</Name>
    <Name>gall</Name>
    <Name>gaspar</Name>
    <Name>gaston</Name>
    <Name>gene</Name>
    <Name>giles</Name>
    <Name>gummar</Name>
    <Name>gus</Name>
    <Name>hero</Name>
    <Name>hugo</Name>
    <Name>iago</Name>
    <Name>igor</Name>
    <Name>ivar</Name>
    <Name>jasper</Name>
    <Name>jerome</Name>
    <Name>jesse</Name>
    <Name>joris</Name>
    <Name>justus</Name>
    <Name>karl</Name>
    <Name>kellan</Name>
    <Name>klas</Name>
    <Name>knute</Name>
    <Name>kurt</Name>
    <Name>linus</Name>
    <Name>lipo</Name>
    <Name>lullus</Name>
    <Name>mace</Name>
    <Name>manfred</Name>
    <Name>melvin</Name>
    <Name>merry</Name>
    <Name>milo</Name>
    <Name>naldo</Name>
    <Name>napper</Name>
    <Name>ned</Name>
    <Name>nestor</Name>
    <Name>odo</Name>
    <Name>olaf</Name>
    <Name>omer</Name>
    <Name>otto</Name>
    <Name>pambo</Name>
    <Name>pepin</Name>
    <Name>pinian</Name>
    <Name>poppo</Name>
    <Name>remi</Name>
    <Name>rex</Name>
    <Name>rufus</Name>
    <Name>titus</Name>
    <Name>tito</Name>
    <Name>ugo</Name>
    <Name>ulmer</Name>
    <Name>ursus</Name>
    <Name>west</Name>
    <Name>zeno</Name>
  </Item>
  <Item>
    <NameID>GnomeFemale</NameID>
    <Order>2</Order>
    <MinLength>3</MinLength>
    <MaxLength>15</MaxLength>
    <Name>bartlett</Name>
    <Name>beeblebrox</Name>
    <Name>bembledack</Name>
    <Name>bingledack</Name>
    <Name>bunwalla</Name>
    <Name>dangle</Name>
    <Name>dindlebert</Name>
    <Name>dinkledoodle</Name>
    <Name>dimperdoodle</Name>
    <Name>doodle</Name>
    <Name>engelbert</Name>
    <Name>fishtybuns</Name>
    <Name>fistelvase</Name>
    <Name>fizban</Name>
    <Name>fizzy</Name>
    <Name>fondle</Name>
    <Name>foodle</Name>
    <Name>jeff</Name>
    <Name>klingybun</Name>
    <Name>perrywinkle</Name>
    <Name>versenwald</Name>
    <Name>wangledack</Name>
    <Name>wingledanck</Name>
    <Name>winkle</Name>
    <Name>wizzy</Name>
    <Name>zifnab</Name>
    <Name>zindledack</Name>
    <Name>twosprocket</Name>
    <Name>gashweld</Name>
    <Name>fizwhistle</Name>
    <Name>wobbletop</Name>
    <Name>fizzlespit</Name>
    <Name>fizzwizzle</Name>
    <Name>fizzlebizz</Name>
    <Name>mixilpixil</Name>
    <Name>spark</Name>
    <Name>whindlebolt</Name>
    <Name>fizzlespinner</Name>
    <Name>booms</Name>
    <Name>doohickey</Name>
    <Name>thistlefuzz</Name>
    <Name>baubbletump</Name>
    <Name>mekkatorque</Name>
    <Name>tinker</Name>
    <Name>lemkenilli</Name>
    <Name>twizzlefixit</Name>
    <Name>jinky</Name>
    <Name>jennabink</Name>
    <Name>hinkles</Name>
    <Name>flickin</Name>
    <Name>fizzle</Name>
    <Name>fimble</Name>
    <Name>dink</Name>
    <Name>deek</Name>
    <Name>caz</Name>
    <Name>boog</Name>
    <Name>bipsi</Name>
    <Name>binni</Name>
    <Name>bink</Name>
    <Name>binjy</Name>
    <Name>bingus</Name>
    <Name>bimble</Name>
    <Name>belbi</Name>
    <Name>trini</Name>
    <Name>togglevolt</Name>
    <Name>bubblefizz</Name>
    <Name>spindlenut</Name>
    <Name>wizzle</Name>
    <Name>wemble</Name>
    <Name>twilbur</Name>
    <Name>trixie</Name>
    <Name>tink</Name>
    <Name>tilli</Name>
    <Name>tickin</Name>
    <Name>tally</Name>
    <Name>sprite</Name>
    <Name>spackle</Name>
    <Name>rizzle</Name>
    <Name>rixa</Name>
    <Name>rillie</Name>
    <Name>razzle</Name>
    <Name>pithwick</Name>
    <Name>ozzie</Name>
    <Name>minx</Name>
    <Name>milo</Name>
    <Name>milli</Name>
    <Name>mazzer</Name>
    <Name>jeska</Name>
    <Name>azas</Name>
    <Name>basil</Name>
    <Name>bean</Name>
    <Name>cass</Name>
    <Name>cato</Name>
    <Name>cecil</Name>
    <Name>crispin</Name>
    <Name>cyr</Name>
    <Name>dewey</Name>
    <Name>dion</Name>
    <Name>falco</Name>
    <Name>hero</Name>
    <Name>jasper</Name>
    <Name>jesse</Name>
    <Name>justus</Name>
    <Name>kellan</Name>
    <Name>merry</Name>
    <Name>pambo</Name>
    <Name>pepin</Name>
    <Name>pinian</Name>
    <Name>poppo</Name>
    <Name>remi</Name>
    <Name>west</Name>
    <Name>zeno</Name>
    <Name>ada</Name>
    <Name>alba</Name>
    <Name>aura</Name>
    <Name>ava</Name>
    <Name>balbina</Name>
    <Name>bassa</Name>
    <Name>belina</Name>
    <Name>bess</Name>
    <Name>bobilia</Name>
    <Name>cera</Name>
    <Name>clara</Name>
    <Name>cleo</Name>
    <Name>cyra</Name>
    <Name>daisy</Name>
    <Name>daria</Name>
    <Name>enid</Name>
    <Name>etta</Name>
    <Name>eve</Name>
    <Name>fay</Name>
    <Name>fifi</Name>
    <Name>flora</Name>
    <Name>gemma</Name>
    <Name>gladys</Name>
    <Name>goldie</Name>
    <Name>gwen</Name>
    <Name>hallie</Name>
    <Name>hedwig</Name>
    <Name>hester</Name>
    <Name>june</Name>
    <Name>lelia</Name>
    <Name>mimi</Name>
    <Name>myrtle</Name>
    <Name>nanette</Name>
    <Name>nell</Name>
    <Name>nessa</Name>
    <Name>nimmia</Name>
    <Name>nona</Name>
    <Name>ola</Name>
    <Name>olive</Name>
    <Name>oona</Name>
    <Name>pearl</Name>
    <Name>pia</Name>
    <Name>polly</Name>
    <Name>rose</Name>
    <Name>ruby</Name>
    <Name>silva</Name>
    <Name>stella</Name>
    <Name>tatiana</Name>
    <Name>thea</Name>
    <Name>tilda</Name>
    <Name>ursula</Name>
    <Name>violet</Name>
    <Name>wanda</Name>
    <Name>xina</Name>
    <Name>zara</Name>
    <Name>zita</Name>
  </Item>
  <Item>
    <NameID>Goblin</NameID>
    <Order>2</Order>
    <MinLength>3</MinLength>
    <MaxLength>10</MaxLength>
    <Name>adorg</Name>
    <Name>azock</Name>
    <Name>balst</Name>
    <Name>belig</Name>
    <Name>bilik</Name>
    <Name>blanest</Name>
    <Name>blorg</Name>
    <Name>bolck</Name>
    <Name>bresh</Name>
    <Name>bruck</Name>
    <Name>buchak</Name>
    <Name>coruck</Name>
    <Name>cro</Name>
    <Name>curz</Name>
    <Name>curznack</Name>
    <Name>daxtor</Name>
    <Name>dorg</Name>
    <Name>dozz</Name>
    <Name>fishnag</Name>
    <Name>forg</Name>
    <Name>fralen</Name>
    <Name>fugrat</Name>
    <Name>garuk</Name>
    <Name>girch</Name>
    <Name>giznat</Name>
    <Name>glarek</Name>
    <Name>glersh</Name>
    <Name>gorbuck</Name>
    <Name>gorzun</Name>
    <Name>grishnag</Name>
    <Name>haalesh</Name>
    <Name>hirt</Name>
    <Name>horat</Name>
    <Name>hsorn</Name>
    <Name>hugruck</Name>
    <Name>kalbaz</Name>
    <Name>kirat</Name>
    <Name>kourk</Name>
    <Name>kutx</Name>
    <Name>labbal</Name>
    <Name>lizkaz</Name>
    <Name>lorax</Name>
    <Name>lurz</Name>
    <Name>mogat</Name>
    <Name>molal</Name>
    <Name>morbaag</Name>
    <Name>morish</Name>
    <Name>mroal</Name>
    <Name>mroxk</Name>
    <Name>murz</Name>
    <Name>nagrat</Name>
    <Name>nalden</Name>
    <Name>nathak</Name>
    <Name>nirk</Name>
    <Name>nool</Name>
    <Name>olg</Name>
    <Name>orz</Name>
    <Name>pash</Name>
    <Name>podish</Name>
    <Name>pruk</Name>
    <Name>pulo</Name>
    <Name>quarsh</Name>
    <Name>ramenal</Name>
    <Name>rekuck</Name>
    <Name>rirag</Name>
    <Name>rong</Name>
    <Name>rurduk</Name>
    <Name>shagrax</Name>
    <Name>shurz</Name>
    <Name>sorzek</Name>
    <Name>tazuk</Name>
    <Name>takesh</Name>
    <Name>tick</Name>
    <Name>tolak</Name>
    <Name>tokash</Name>
    <Name>uglug</Name>
    <Name>urdish</Name>
    <Name>urduz</Name>
    <Name>urk</Name>
    <Name>vedex</Name>
    <Name>vrilg</Name>
    <Name>vrolg</Name>
    <Name>vurk</Name>
    <Name>xaort</Name>
    <Name>yurt</Name>
    <Name>yurz</Name>
    <Name>zast</Name>
    <Name>zedax</Name>
  </Item>
</Names>
