﻿<RightClickMenuSettings>
	<!--MenuItem: Used to build the right click menu
      Text: Displayed text
      ToolTip (optional): Displayed tool tip
      MenuItem (optional): When set the Action is ignored.  Creates a child menu that extends from this MenuItem.  Recursively defined
      Action (optional): Defines action when this MenuItem is selected.  All available options are used below
  -->
  <!--Terrain-->
	<MenuItem>
	  <Text>Terrain</Text>
	  <MenuItem>
		<Text>Mine</Text>         
		  <MenuItem>
			<Text>Wall</Text>
			<ToolTip>Remove wall</ToolTip>
			<Action>
			  <Type>Mine</Type>
			</Action>
		  </MenuItem>
		  <MenuItem>
			<Text>Stairs Up</Text>
			<ToolTip>Mine the wall into stairs going up</ToolTip>
			<Action>
			  <Type>MineStairsUp</Type>
			</Action>
		  </MenuItem>
		  <MenuItem>
			<Text>Ramp Up</Text>
			<ToolTip>Mine the wall into a ramp going up</ToolTip>
			<Action>
			  <Type>MineRampUp</Type>
			</Action>
		  </MenuItem>          
	  </MenuItem>
	  <MenuItem>
		<Text>Dig</Text>
		  <MenuItem>
			<Text>Hole</Text>
			<ToolTip>Remove floor and section below</ToolTip>
			<Action>
			  <Type>DigHole</Type>
			</Action>
		  </MenuItem>
		  <MenuItem>
			<Text>Stairs Down</Text>
			<ToolTip>Remove floor and mine section below into stairs</ToolTip>
			<Action>
			  <Type>DigStairsDown</Type>
			</Action>
		  </MenuItem>
		  <MenuItem>
			<Text>Ramp Down</Text>
			<ToolTip>Remove floor and mine section below into a ramp</ToolTip>
			<Action>
			  <Type>DigRampDown</Type>
			</Action>
		  </MenuItem>
	  </MenuItem>
	  <MenuItem>
		<Text>Remove Floor</Text>
		<ToolTip>Remove floor leaving the section below untouched</ToolTip>
		<Action>
		  <Type>RemoveFloor</Type>
		</Action>
	  </MenuItem>
	  <MenuItem>
		<Text>Remove Ramp</Text>
		<ToolTip>Remove ramp</ToolTip>
		<Action>
		  <Type>RemoveRamp</Type>
		</Action>
	  </MenuItem>
	  <MenuItem>
		<Text>Replace Wall</Text>
		<ToolTip>Replaces an existing wall with a new one</ToolTip>
		<Action>
		  <Type>ReplaceWall</Type>
		</Action>
	  </MenuItem>
	  <MenuItem>
		<Text>Replace Floor</Text>
		<ToolTip>Replaces an existing floor with a new one</ToolTip>
		<Action>
		  <Type>ReplaceFloor</Type>
		</Action>
	  </MenuItem>
	  <MenuItem>
		<Text>Fill Hole</Text>
		<ToolTip>Build a wall from above</ToolTip>
		<Action>
		  <Type>FillHole</Type>
		</Action>
	  </MenuItem>
	</MenuItem>
	<!--Agriculture-->
	<MenuItem>
	  <Text>Agriculture</Text>
	  <MenuItem>
		<Text>Farm</Text>
		<ToolTip>Grow crops</ToolTip>
		<Action>
		  <Type>CreateFarm</Type>
		</Action>
	  </MenuItem>
	  <MenuItem>
		<Text>Underground Farm</Text>
		<ToolTip>Grow underground crops</ToolTip>
		<Action>
		  <Type>CreateUndergroundFarm</Type>
		</Action>
	  </MenuItem>
	  <MenuItem>
		<Text>Pasture</Text>
		<ToolTip>Livestock graze in a pasture</ToolTip>
		<Action>
		  <Type>CreatePasture</Type>
		</Action>
	  </MenuItem>
	  <MenuItem>
		<Text>Grove</Text>
		<ToolTip>Grow and harvest trees</ToolTip>
		<Action>
		  <Type>CreateGrove</Type>
		</Action>
	  </MenuItem>
	  <MenuItem>
		<Text>Plant Trees</Text>
		<ToolTip>Plant trees</ToolTip>
		<Action>
		  <Type>PlantTree</Type>
		</Action>
	  </MenuItem>
	  <MenuItem>
		<Text>Fell Trees</Text>
		<ToolTip>Cut trees down</ToolTip>
		<Action>
		  <Type>FellTree</Type>
		</Action>
	  </MenuItem>
	  <MenuItem>
		<Text>Cut clipping</Text>
		<ToolTip>Cut a clipping from a tree</ToolTip>
		<Action>
		  <Type>CutClipping</Type>
		</Action>
	  </MenuItem>
	  <MenuItem>
		<Text>Forage</Text>
		<ToolTip>Forage for food</ToolTip>
		<Action>
		  <Type>Forage</Type>
		</Action>
	  </MenuItem>
	</MenuItem>
	<!--Build-->
	<MenuItem>
	  <Text>Build</Text>
	  <!--Workshop-->
	  <MenuItem>
		<Text>Workshop</Text>
		<MenuItem>
		  <Text>CrudeWorkbench</Text>
		  <Action>
			<Type>BuildWorkshop</Type>
			<ID>CrudeWorkbench</ID>
		  </Action>
		</MenuItem>
		<MenuItem>
		  <Text>Wood</Text>
		  <MenuItem>
			<Text>Woodcutter</Text>
			<Action>
			  <Type>BuildWorkshop</Type>
			  <ID>Woodcutter</ID>
			</Action>
		  </MenuItem>
		  <MenuItem>
			<Text>Carpenter</Text>
			<Action>
			  <Type>BuildWorkshop</Type>
			  <ID>Carpenter</ID>
			</Action>
		  </MenuItem>
		  <MenuItem>
			<Text>Woodcarver</Text>
			<Action>
			  <Type>BuildWorkshop</Type>
			  <ID>Woodcarver</ID>
			</Action>
		  </MenuItem>
		</MenuItem>
		<MenuItem>
		  <Text>Stone</Text>
		  <MenuItem>
			<Text>Stonecutter</Text>
			<Action>
			  <Type>BuildWorkshop</Type>
			  <ID>Stonecutter</ID>
			</Action>
		  </MenuItem>
		  <MenuItem>
			<Text>Stonemason</Text>
			<Action>
			  <Type>BuildWorkshop</Type>
			  <ID>Stonemason</ID>
			</Action>
		  </MenuItem>
		  <MenuItem>
			<Text>Stonecarver</Text>
			<Action>
			  <Type>BuildWorkshop</Type>
			  <ID>Stonecarver</ID>
			</Action>
		  </MenuItem>
		</MenuItem>
		<MenuItem>
		  <Text>Cloth</Text>
		  <MenuItem>
			<Text>Loom</Text>
			<Action>
			  <Type>BuildWorkshop</Type>
			  <ID>Loom</ID>
			</Action>
		  </MenuItem>
		  <MenuItem>
			<Text>Tailor</Text>
			<Action>
			  <Type>BuildWorkshop</Type>
			  <ID>Tailor</ID>
			</Action>
		  </MenuItem>
		</MenuItem>
		<MenuItem>
		  <Text>Food/Drink</Text>
		  <MenuItem>
			<Text>Butcher</Text>
			<Action>
			  <Type>BuildWorkshop</Type>
			  <ID>Butcher</ID>
			</Action>
		  </MenuItem>
		  <MenuItem>
			<Text>Kitchen</Text>
			<Action>
			  <Type>BuildWorkshop</Type>
			  <ID>Kitchen</ID>
			</Action>
		  </MenuItem>
		  <MenuItem>
			<Text>Distillery</Text>
			<Action>
			  <Type>BuildWorkshop</Type>
			  <ID>Distillery</ID>
			</Action>
		  </MenuItem>
		  <MenuItem>
			<Text>Well</Text>
			<Action>
			  <Type>BuildWell</Type>
			</Action>
		  </MenuItem>
		</MenuItem>
		<MenuItem>
		  <Text>Gem</Text>
		  <MenuItem>
			<Text>Gemcutter</Text>
			<Action>
			  <Type>BuildWorkshop</Type>
			  <ID>Gemcutter</ID>
			</Action>
		  </MenuItem>
		  <MenuItem>
			<Text>Jeweler</Text>
			<Action>
			  <Type>BuildWorkshop</Type>
			  <ID>Jeweler</ID>
			</Action>
		  </MenuItem>
		</MenuItem>
		<MenuItem>
		  <Text>Metal</Text>
		  <MenuItem>
			<Text>Furnace</Text>
			<Action>
			  <Type>BuildWorkshop</Type>
			  <ID>Furnace</ID>
			</Action>
		  </MenuItem>
		  <MenuItem>
			<Text>Forge</Text>
			<Action>
			  <Type>BuildWorkshop</Type>
			  <ID>Forge</ID>
			</Action>
		  </MenuItem>
		  <MenuItem>
			<Text>Smelter</Text>
			<Action>
			  <Type>BuildWorkshop</Type>
			  <ID>Smelter</ID>
			</Action>
		  </MenuItem>
		  <MenuItem>
			<Text>Blacksmith</Text>
			<Action>
			  <Type>BuildWorkshop</Type>
			  <ID>Blacksmith</ID>
			</Action>
		  </MenuItem>
		  <MenuItem>
			<Text>Metalworker</Text>
			<Action>
			  <Type>BuildWorkshop</Type>
			  <ID>Metalworker</ID>
			</Action>
		  </MenuItem>
		  <MenuItem>
			<Text>Weaponsmith</Text>
			<Action>
			  <Type>BuildWorkshop</Type>
			  <ID>Weaponsmith</ID>
			</Action>
		  </MenuItem>
		  <MenuItem>
			<Text>Armorer</Text>
			<Action>
			  <Type>BuildWorkshop</Type>
			  <ID>Armorer</ID>
			</Action>
		  </MenuItem>
		</MenuItem>
		<MenuItem>
		  <Text>Mechanism</Text>
		  <MenuItem>
			<Text>TinkerBench</Text>
			<Action>
			  <Type>BuildWorkshop</Type>
			  <ID>TinkerBench</ID>
			</Action>
		  </MenuItem>
		  <MenuItem>
			<Text>MachineShop</Text>
			<Action>
			  <Type>BuildWorkshop</Type>
			  <ID>MachineShop</ID>
			</Action>
		  </MenuItem>
		  <MenuItem>
			<Text>Engineer</Text>
			<Action>
			  <Type>BuildWorkshop</Type>
			  <ID>Engineer</ID>
			</Action>
		  </MenuItem>
		</MenuItem>
		<MenuItem>
		  <Text>Military</Text>
		  <MenuItem>
			<Text>TrainingGrounds</Text>
			<Action>
			  <Type>BuildWorkshop</Type>
			  <ID>TrainingGrounds</ID>
			</Action>
		  </MenuItem>
		</MenuItem>
		<MenuItem>
		  <Text>Misc</Text>
		  <MenuItem>
			<Text>Kiln</Text>
			<Action>
			  <Type>BuildWorkshop</Type>
			  <ID>Kiln</ID>
			</Action>
		  </MenuItem>
		  <MenuItem>
			<Text>Leatherworker</Text>
			<Action>
			  <Type>BuildWorkshop</Type>
			  <ID>Leatherworker</ID>
			</Action>
		  </MenuItem>
		  <MenuItem>
			<Text>MarketStall</Text>
			<Action>
			  <Type>BuildWorkshop</Type>
			  <ID>MarketStall</ID>
			</Action>
		  </MenuItem>
		  <MenuItem>
			<Text>Bonecarver</Text>
			<Action>
			  <Type>BuildWorkshop</Type>
			  <ID>Bonecarver</ID>
			</Action>
		  </MenuItem>
		  <MenuItem>
			<Text>Prospector</Text>
			<Action>
			  <Type>BuildWorkshop</Type>
			  <ID>Prospector</ID>
			</Action>
		  </MenuItem>
		</MenuItem>
	  </MenuItem>
	  <!--Mechanism-->
	  <MenuItem>
		<Text>Mechanism</Text>
		<MenuItem>
		  <Text>Linkage</Text>
		  <MenuItem>
			<Text>Axle</Text>
			<Action>
			  <Type>BuildMechanism</Type>
			  <ID>Axle</ID>
			</Action>
		  </MenuItem>
		  <MenuItem>
			<Text>VerticalAxle</Text>
			<Action>
			  <Type>BuildMechanism</Type>
			  <ID>VerticalAxle</ID>
			</Action>
		  </MenuItem>
		  <MenuItem>
			<Text>GearBox</Text>
			<Action>
			  <Type>BuildMechanism</Type>
			  <ID>GearBox</ID>
			</Action>
		  </MenuItem>
		</MenuItem>
		<MenuItem>
		  <Text>Switch</Text>
		  <MenuItem>
			<Text>Lever</Text>
			<Action>
			  <Type>BuildMechanism</Type>
			  <ID>Lever</ID>
			</Action>
		  </MenuItem>
		  <MenuItem>
			<Text>PressurePlate</Text>
			<Action>
			  <Type>BuildMechanism</Type>
			  <ID>PressurePlate</ID>
			</Action>
		  </MenuItem>
		</MenuItem>
		<MenuItem>
		  <Text>Device</Text>
		  <MenuItem>
			<Text>MechanicalWall</Text>
			<Action>
			  <Type>BuildMechanism</Type>
			  <ID>MechanicalWall</ID>
			</Action>
		  </MenuItem>
		  <MenuItem>
			<Text>Hatch</Text>
			<Action>
			  <Type>BuildMechanism</Type>
			  <ID>Hatch</ID>
			</Action>
		  </MenuItem>
		  <MenuItem>
			<Text>Pump</Text>
			<Action>
			  <Type>BuildMechanism</Type>
			  <ID>Pump</ID>
			</Action>
		  </MenuItem>
		</MenuItem>
		<MenuItem>
		  <Text>Self Powered Trap</Text>
		  <MenuItem>
			<Text>SpikeTrap</Text>
			<Action>
			  <Type>BuildMechanism</Type>
			  <ID>SpikeTrap</ID>
			</Action>
		  </MenuItem>
		  <MenuItem>
			<Text>BladeTrap</Text>
			<Action>
			  <Type>BuildMechanism</Type>
			  <ID>BladeTrap</ID>
			</Action>
		  </MenuItem>
		</MenuItem>
		<MenuItem>
		  <Text>Power Source</Text>
		  <MenuItem>
			<Text>Handcrank</Text>
			<Action>
			  <Type>BuildMechanism</Type>
			  <ID>Handcrank</ID>
			</Action>
		  </MenuItem>
		  <MenuItem>
			<Text>WindMill</Text>
			<Action>
			  <Type>BuildMechanism</Type>
			  <ID>WindMill</ID>
			</Action>
		  </MenuItem>
		  <MenuItem>
			<Text>SteamEngine</Text>
			<Action>
			  <Type>BuildMechanism</Type>
			  <ID>SteamEngine</ID>
			</Action>
		  </MenuItem>
		</MenuItem>
	  </MenuItem>
	  <!--Furniture-->
	  <MenuItem>
		<Text>Furniture</Text>
		<MenuItem>
		  <Text>door</Text>
		  <Action>
			<Type>BuildDoor</Type>
		  </Action>
		</MenuItem>
		<MenuItem>
		  <Text>StrawBed</Text>
		  <Action>
			<Type>BuildConstruction</Type>
			<ID>StrawBed</ID>
		  </Action>
		</MenuItem>
		<MenuItem>
		  <Text>Bed</Text>
		  <Action>
			<Type>BuildConstruction</Type>
			<ID>Bed</ID>
		  </Action>
		</MenuItem>
		<MenuItem>
		  <Text>FancyBed</Text>
		  <Action>
			<Type>BuildConstruction</Type>
			<ID>FancyBed</ID>
		  </Action>
		</MenuItem>
		<MenuItem>
		  <Text>Table</Text>
		  <Action>
			<Type>BuildConstruction</Type>
			<ID>Table</ID>
		  </Action>
		</MenuItem>
		<MenuItem>
		  <Text>Chair</Text>
		  <Action>
			<Type>BuildConstruction</Type>
			<ID>Chair</ID>
		  </Action>
		</MenuItem>
		<MenuItem>
		  <Text>Dresser</Text>
		  <Action>
			<Type>BuildConstruction</Type>
			<ID>Dresser</ID>
		  </Action>
		</MenuItem>
		<MenuItem>
		  <Text>Cabinet</Text>
		  <Action>
			<Type>BuildConstruction</Type>
			<ID>Cabinet</ID>
		  </Action>
		</MenuItem>
		<MenuItem>
		  <Text>Statue</Text>
		  <Action>
			<Type>BuildConstruction</Type>
			<ID>Statue</ID>
		  </Action>
		</MenuItem>
		<MenuItem>
		  <Text>Torch</Text>
		  <Action>
			<Type>BuildConstruction</Type>
			<ID>Torch</ID>
		  </Action>
		</MenuItem>
		<MenuItem>
		  <Text>WallTorch</Text>
		  <Action>
			<Type>BuildConstruction</Type>
			<ID>WallTorch</ID>
		  </Action>
		</MenuItem>
		<MenuItem>
		  <Text>Pillar</Text>
		  <Action>
			<Type>BuildConstruction</Type>
			<ID>Pillar</ID>
		  </Action>
		</MenuItem>
		<MenuItem>
		  <Text>PostAndRailFence</Text>
		  <Action>
			<Type>BuildConstruction</Type>
			<ID>PostAndRailFence</ID>
		  </Action>
		</MenuItem>
		<MenuItem>
		  <Text>PicketFence</Text>
		  <Action>
			<Type>BuildConstruction</Type>
			<ID>PicketFence</ID>
		  </Action>
		</MenuItem>
		<MenuItem>
		  <Text>Trough</Text>
		  <Action>
			<Type>BuildTrough</Type>
			<ID>Trough</ID>
		  </Action>
		</MenuItem>
		<MenuItem>
		  <Text>SkullPike</Text>
		  <Action>
			<Type>BuildConstruction</Type>
			<ID>SkullPike</ID>
		  </Action>
		</MenuItem>
		<MenuItem>
		  <Text>AlarmBell</Text>
		  <Action>
			<Type>BuildConstruction</Type>
			<ID>AlarmBell</ID>
		  </Action>
		</MenuItem>
	  </MenuItem>
	  <!--Storage-->
	  <MenuItem>
		<Text>Storage</Text>
		<MenuItem>
		  <Text>Crate</Text>
		  <Action>
			<Type>BuildContainer</Type>
			<ID>Crate</ID>
		  </Action>
		</MenuItem>
		<MenuItem>
		  <Text>Barrel</Text>
		  <Action>
			<Type>BuildContainer</Type>
			<ID>Barrel</ID>
		  </Action>
		</MenuItem>
		<MenuItem>
		  <Text>Bag</Text>
		  <Action>
			<Type>BuildContainer</Type>
			<ID>Bag</ID>
		  </Action>
		</MenuItem>
	  </MenuItem>
	  <!--Terrain-->
	  <MenuItem>
		<Text>Terrain</Text>
		<MenuItem>
		  <Text>wall</Text>
		  <ToolTip>Build a wall</ToolTip>
		  <Action>
			<Type>BuildWall</Type>
		  </Action>
		</MenuItem>
		<MenuItem>
		  <Text>floor</Text>
		  <ToolTip>Build a floor</ToolTip>
		  <Action>
			<Type>BuildFloor</Type>
		  </Action>
		</MenuItem>
		<MenuItem>
		  <Text>stairs up</Text>
		  <ToolTip>Build stairs going up</ToolTip>
		  <Action>
			<Type>BuildStairsUp</Type>
		  </Action>
		</MenuItem>
		<MenuItem>
		  <Text>stairs down</Text>
		  <ToolTip>Build stairs going down</ToolTip>
		  <Action>
			<Type>BuildStairsDown</Type>
		  </Action>
		</MenuItem>
		<MenuItem>
		  <Text>incline up</Text>
		  <ToolTip>Build an incline going up</ToolTip>
		  <Action>
			<Type>BuildInclineUp</Type>
		  </Action>
		</MenuItem>
		<MenuItem>
		  <Text>incline down</Text>
		  <ToolTip>Build an incline going down</ToolTip>
		  <Action>
			<Type>BuildInclineDown</Type>
		  </Action>
		</MenuItem>
		<MenuItem>
		  <Text>ramp up</Text>
		  <ToolTip>Build a ramp going up</ToolTip>
		  <Action>
			<Type>BuildRampUp</Type>
		  </Action>
		</MenuItem>
		<MenuItem>
		  <Text>ramp down</Text>
		  <ToolTip>Build a ramp going down</ToolTip>
		  <Action>
			<Type>BuildRampDown</Type>
		  </Action>
		</MenuItem>
		<MenuItem>
		  <Text>scaffolding</Text>
		  <ToolTip>Build scaffolding</ToolTip>
		  <Action>
			<Type>BuildScaffolding</Type>
		  </Action>
		</MenuItem>
	  </MenuItem>
	</MenuItem>
	<!--Designate Area-->
	<MenuItem>
	  <Text>Designate Area</Text>
	  <MenuItem>
		<Text>Stockpile</Text>
		<ToolTip>Store items</ToolTip>
		<Action>
		  <Type>CreateStockpile</Type>
		</Action>
	  </MenuItem>
	  <MenuItem>
		<Text>Farm</Text>
		<ToolTip>Grow crops</ToolTip>
		<Action>
		  <Type>CreateFarm</Type>
		</Action>
	  </MenuItem>
	  <MenuItem>
		<Text>Underground Farm</Text>
		<ToolTip>Grow underground crops</ToolTip>
		<Action>
		  <Type>CreateUndergroundFarm</Type>
		</Action>
	  </MenuItem>
	  <MenuItem>
		<Text>Pasture</Text>
		<ToolTip>Livestock graze in a pasture</ToolTip>
		<Action>
		  <Type>CreatePasture</Type>
		</Action>
	  </MenuItem>
	  <MenuItem>
		<Text>Grove</Text>
		<ToolTip>Grow and harvest trees</ToolTip>
		<Action>
		  <Type>CreateGrove</Type>
		</Action>
	  </MenuItem>
	  <MenuItem>
		<Text>Personal Quarters</Text>
		<ToolTip>Provides better sleep\nand increases happiness</ToolTip>
		<Action>
		  <Type>CreatePersonalQuarters</Type>
		</Action>
	  </MenuItem>
	  <MenuItem>
		<Text>Dormitory</Text>
		<ToolTip>Community sleeping area</ToolTip>
		<Action>
		  <Type>CreateDormitory</Type>
		</Action>
	  </MenuItem>
	  <MenuItem>
		<Text>Dining Room</Text>
		<ToolTip>Create dining room and great hall</ToolTip>
		<Action>
		  <Type>CreateDiningRoom</Type>
		</Action>
	  </MenuItem>
	  <MenuItem>
		<Text>Hospital</Text>
		<ToolTip>Create a hospital area</ToolTip>
		<Action>
		  <Type>CreateHospital</Type>
		</Action>
	  </MenuItem>
	  <MenuItem>
		<Text>Guard Area</Text>
		<ToolTip>Designate area to guard</ToolTip>
		<Action>
		  <Type>CreateGuardArea</Type>
		</Action>
	  </MenuItem>
	  <MenuItem>
		<Text>Patrol Route</Text>
		<ToolTip>Designate waypoints to patrol</ToolTip>
		<Action>
		  <Type>CreatePatrolRoute</Type>
		</Action>
	  </MenuItem>
	</MenuItem>
	<MenuItem>
	  <Text>Clean Floor</Text>
	  <ToolTip>Stock items on this floor next if possible</ToolTip>
	  <Action>
		<Type>CleanFloor</Type>
	  </Action>
	</MenuItem>
	<MenuItem>
	  <Text>Deconstruct</Text>
	  <ToolTip>Deconstruct</ToolTip>
	  <Action>
		<Type>Deconstruct</Type>
	  </Action>
	</MenuItem>
	<MenuItem>
	  <Text>Remove Designation</Text>
	  <ToolTip>Remove Designation</ToolTip>
	  <Action>
		<Type>RemoveDesignation</Type>
	  </Action>
	</MenuItem>
	<MenuItem>
	  <Text>Cancel Job</Text>
	  <ToolTip>Cancel</ToolTip>
	  <Action>
		<Type>CancelJob</Type>
	  </Action>
	</MenuItem>  
</RightClickMenuSettings>