﻿<StockMenuSettings>
  <!--MenuItem: Used to build checkbox trees for various stock related UI windows
        Text (optional): Displayed text.  Requires children and only used when no ItemID is set
        MenuItem (optional): Creates children items. Recursively defined
        ItemID (optional): ID of item used in relation to the UI
  -->
  <!--TrackedItems: Default tracked items
        Name: Displayed name in HUD
        TrackedItemID: ID of item to track.  Allows for multiple
  -->
  <!--goods-->
  <MenuItem>
	  <Text>goods</Text>
	  <!--soil-->
	  <MenuItem>
		<Text>soil</Text>
		<MenuItem>
		  <ItemID>RawSoil</ItemID>
		</MenuItem>
	  </MenuItem>
	  <!--stone-->
	  <MenuItem>
		<Text>stone</Text>
		<MenuItem>
		  <ItemID>RawStone</ItemID>
		</MenuItem>
		<MenuItem>
		  <ItemID>Block</ItemID>
		</MenuItem>
		<MenuItem>
		  <ItemID>Tile</ItemID>
		</MenuItem>
		<MenuItem>
		  <ItemID>Chisel</ItemID>
		</MenuItem>
		<MenuItem>
		  <ItemID>StoneKnifeBlade</ItemID>
		</MenuItem>
		<MenuItem>
		  <ItemID>Knife</ItemID>
		</MenuItem>
		<MenuItem>
		  <ItemID>Sawblade</ItemID>
		</MenuItem>
		<MenuItem>
		  <ItemID>Hearth</ItemID>
		</MenuItem>
		<MenuItem>
		  <ItemID>Mold</ItemID>
		</MenuItem>
		<MenuItem>
		  <ItemID>Furnace</ItemID>
		</MenuItem>
		<MenuItem>
		  <ItemID>Trough</ItemID>
		</MenuItem>
	  </MenuItem>
	  <!--wood-->
	  <MenuItem>
		<Text>wood</Text>
		<MenuItem>
		  <ItemID>RawWood</ItemID>
		</MenuItem>
		<MenuItem>
		  <ItemID>Plank</ItemID>
		</MenuItem>
		<MenuItem>
		  <ItemID>Workbench</ItemID>
		</MenuItem>
		<MenuItem>
		  <ItemID>Stick</ItemID>
		</MenuItem>
		<MenuItem>
		  <ItemID>Loom</ItemID>
		</MenuItem>
		<MenuItem>
		  <ItemID>BedFrame</ItemID>
		</MenuItem>
		<MenuItem>
		  <ItemID>FancyBedFrame</ItemID>
		</MenuItem>
		<MenuItem>
		  <ItemID>TrainingDummy</ItemID>
		</MenuItem>
		<MenuItem>
		  <ItemID>Bellows</ItemID>
		</MenuItem>
		<MenuItem>
		  <ItemID>Wheelbarrow</ItemID>
		</MenuItem>
		<MenuItem>
		  <ItemID>Bucket</ItemID>
		</MenuItem>
	  </MenuItem>
	  <!--RawCoal-->
	  <MenuItem>
		<ItemID>RawCoal</ItemID>
	  </MenuItem>
	  <!--Silica-->
	  <MenuItem>
		<ItemID>Silica</ItemID>
	  </MenuItem>
	  <!--metal-->
	  <MenuItem>
		<Text>metal</Text>
		<MenuItem>
		  <ItemID>RawOre</ItemID>
		</MenuItem>
		<MenuItem>
		  <ItemID>Bar</ItemID>
		</MenuItem>
		<MenuItem>
		  <ItemID>MetalSliver</ItemID>
		</MenuItem>
		<MenuItem>
		  <ItemID>Anvil</ItemID>
		</MenuItem>
		<MenuItem>
		  <ItemID>CuttingWheel</ItemID>
		</MenuItem>
		<MenuItem>
		  <ItemID>File</ItemID>
		</MenuItem>
		<MenuItem>
		  <ItemID>BallPeenHammer</ItemID>
		</MenuItem>
		<MenuItem>
		  <ItemID>Wrench</ItemID>
		</MenuItem>
	  </MenuItem>
	  <!--gem-->
	  <MenuItem>
		<Text>gem</Text>
		<MenuItem>
		  <ItemID>RawGem</ItemID>
		</MenuItem>
		<MenuItem>
		  <ItemID>Gem</ItemID>
		</MenuItem>
	  </MenuItem>
	  <!--cloth-->
	  <MenuItem>
		<Text>cloth</Text>
		<MenuItem>
		  <ItemID>RawCloth</ItemID>
		</MenuItem>
		<MenuItem>
		  <ItemID>Bolt</ItemID>
		</MenuItem>
		<MenuItem>
		  <ItemID>String</ItemID>
		</MenuItem>
		<MenuItem>
		  <ItemID>Bandage</ItemID>
		</MenuItem>
		<MenuItem>
		  <ItemID>Mattress</ItemID>
		</MenuItem>
		<MenuItem>
		  <ItemID>Sack</ItemID>
		</MenuItem>
	  </MenuItem>
	  <!--RawHide-->
	  <MenuItem>
		<ItemID>RawHide</ItemID>
	  </MenuItem>
	  <!--Needle-->
	  <MenuItem>
		<ItemID>Needle</ItemID>
	  </MenuItem>
	  <!--crafts-->
	  <MenuItem>
		<Text>crafts</Text>
		<MenuItem>
		  <ItemID>Statuette</ItemID>
		</MenuItem>
		<MenuItem>
		  <ItemID>PetRock</ItemID>
		</MenuItem>
		<MenuItem>
		  <ItemID>PuzzleBox</ItemID>
		</MenuItem>
		<MenuItem>
		  <ItemID>CommemorativeCoin</ItemID>
		</MenuItem>
	  </MenuItem>
	  <!--jewelry-->
	  <MenuItem>
		<Text>jewelry</Text>
		<MenuItem>
		  <ItemID>Ring</ItemID>
		</MenuItem>
		<MenuItem>
		  <ItemID>Necklace</ItemID>
		</MenuItem>
		<MenuItem>
		  <ItemID>GemmedRing</ItemID>
		</MenuItem>
		<MenuItem>
		  <ItemID>GemmedNecklace</ItemID>
		</MenuItem>
	  </MenuItem>
	  <!--food-->
	  <MenuItem>
		<Text>food</Text>
		<MenuItem>
		  <ItemID>Fruit</ItemID>
		</MenuItem>
		<MenuItem>
		  <ItemID>Egg</ItemID>
		</MenuItem>
		<MenuItem>
		  <ItemID>Meat</ItemID>
		</MenuItem>
		<MenuItem>
		  <ItemID>Sausage</ItemID>
		</MenuItem>
		<MenuItem>
		  <ItemID>Bread</ItemID>
		</MenuItem>
		<MenuItem>
		  <ItemID>Sandwich</ItemID>
		</MenuItem>
		<MenuItem>
		  <ItemID>Mushroom</ItemID>
		</MenuItem>
		<MenuItem>
		  <ItemID>Cheese</ItemID>
		</MenuItem>
		<MenuItem>
		  <ItemID>CheeseOmelette</ItemID>
		</MenuItem>
		<MenuItem>
		  <ItemID>SausageOmelette</ItemID>
		</MenuItem>
		<MenuItem>
		  <ItemID>MushroomOmelette</ItemID>
		</MenuItem>
	  </MenuItem>
	  <!--drink-->
	  <MenuItem>
		<Text>drink</Text>
		<MenuItem>
		  <ItemID>Milk</ItemID>
		</MenuItem>
		<MenuItem>
		  <ItemID>Wine</ItemID>
		</MenuItem>
		<MenuItem>
		  <ItemID>Beer</ItemID>
		</MenuItem>
		<MenuItem>
		  <ItemID>Tea</ItemID>
		</MenuItem>
	  </MenuItem>
	  <!--plant-->
	  <MenuItem>
		<Text>plant</Text>
		<MenuItem>
		  <ItemID>Seed</ItemID>
		</MenuItem>
		<MenuItem>
		  <ItemID>Clipping</ItemID>
		</MenuItem>
		<MenuItem>
		  <ItemID>Wheat</ItemID>
		</MenuItem>
		<MenuItem>
		  <ItemID>Straw</ItemID>
		</MenuItem>
	  </MenuItem>
	  <!--body part-->
	  <MenuItem>
		<Text>body part</Text>
		<MenuItem>
		  <ItemID>Corpse</ItemID>
		</MenuItem>
		<MenuItem>
		  <ItemID>BodyPart</ItemID>
		</MenuItem>
		<MenuItem>
		  <ItemID>Bone</ItemID>
		</MenuItem>
		<MenuItem>
		  <ItemID>Skull</ItemID>
		</MenuItem>
		<MenuItem>
		  <ItemID>ArtificialArm</ItemID>
		</MenuItem>
		<MenuItem>
		  <ItemID>ArtificialHand</ItemID>
		</MenuItem>
		<MenuItem>
		  <ItemID>ArtificialLeg</ItemID>
		</MenuItem>
		<MenuItem>
		  <ItemID>ArtificialFoot</ItemID>
		</MenuItem>
	  </MenuItem>
	</MenuItem>
	<!--furniture-->
	<MenuItem>
	  <Text>furniture</Text>
	  <MenuItem>
		<ItemID>Table</ItemID>
	  </MenuItem>
	  <MenuItem>
		<ItemID>Chair</ItemID>
	  </MenuItem>
	  <MenuItem>
		<ItemID>Bed</ItemID>
	  </MenuItem>
	  <MenuItem>
		<ItemID>FancyBed</ItemID>
	  </MenuItem>
	  <MenuItem>
		<ItemID>Statue</ItemID>
	  </MenuItem>
	  <MenuItem>
		<ItemID>WoodDoor</ItemID>
	  </MenuItem>
	  <MenuItem>
		<ItemID>StoneDoor</ItemID>
	  </MenuItem>
	  <MenuItem>
		<ItemID>Torch</ItemID>
	  </MenuItem>
	  <MenuItem>
		<ItemID>Pillar</ItemID>
	  </MenuItem>
	  <MenuItem>
		<ItemID>Dresser</ItemID>
	  </MenuItem>
	  <MenuItem>
		<ItemID>Cabinet</ItemID>
	  </MenuItem>
	  <MenuItem>
		<ItemID>AlarmBell</ItemID>
	  </MenuItem>
	</MenuItem>
	<!--mechanism-->
	<MenuItem>
	  <Text>mechanism</Text>
	  <!--part-->
	  <MenuItem>
		<Text>part</Text>
		<MenuItem>
		  <ItemID>Rod</ItemID>
		</MenuItem>
		<MenuItem>
		  <ItemID>Gear</ItemID>
		</MenuItem>
		<MenuItem>
		  <ItemID>Spring</ItemID>
		</MenuItem>
		<MenuItem>
		  <ItemID>Spike</ItemID>
		</MenuItem>
		<MenuItem>
		  <ItemID>MechanismBase</ItemID>
		</MenuItem>
		<MenuItem>
		  <ItemID>TrapBase</ItemID>
		</MenuItem>
		<MenuItem>
		  <ItemID>WindmillBlade</ItemID>
		</MenuItem>
		<MenuItem>
		  <ItemID>Screw</ItemID>
		</MenuItem>
		<MenuItem>
		  <ItemID>Cylinder</ItemID>
		</MenuItem>
		<MenuItem>
		  <ItemID>GolemCore</ItemID>
		</MenuItem>
		<MenuItem>
		  <ItemID>AutomatonCore</ItemID>
		</MenuItem>
	  </MenuItem>
	  <!--link-->
	  <MenuItem>
		<Text>link</Text>
		<MenuItem>
		  <ItemID>Axle</ItemID>
		</MenuItem>
		<MenuItem>
		  <ItemID>Gearbox</ItemID>
		</MenuItem>
	  </MenuItem>
	  <!--switch-->
	  <MenuItem>
		<Text>switch</Text>
		<MenuItem>
		  <ItemID>Lever</ItemID>
		</MenuItem>
		<MenuItem>
		  <ItemID>PressurePlate</ItemID>
		</MenuItem>
	  </MenuItem>
	  <!--device-->
	  <MenuItem>
		<Text>device</Text>
		<MenuItem>
		  <ItemID>MechanicalWall</ItemID>
		</MenuItem>
		<MenuItem>
		  <ItemID>Hatch</ItemID>
		</MenuItem>
	  </MenuItem>
	  <!--power source-->
	  <MenuItem>
		<Text>power source</Text>
		<MenuItem>
		  <ItemID>Handcrank</ItemID>
		</MenuItem>
	  </MenuItem>
	  <!--trap-->
	  <MenuItem>
		<Text>trap</Text>
		<MenuItem>
		  <ItemID>SpikeTrap</ItemID>
		</MenuItem>
		<MenuItem>
		  <ItemID>BladeTrap</ItemID>
		</MenuItem>
	  </MenuItem>
	</MenuItem>
	<!--tool-->
	<MenuItem>
	  <Text>tool</Text>
	  <MenuItem>
		<ItemID>PickaxeHead</ItemID>
	  </MenuItem>
	  <MenuItem>
		<ItemID>Pickaxe</ItemID>
	  </MenuItem>
	  <MenuItem>
		<ItemID>FellingAxeHead</ItemID>
	  </MenuItem>
	  <MenuItem>
		<ItemID>FellingAxe</ItemID>
	  </MenuItem>
	</MenuItem>
	<!--weapons-->
	<MenuItem>
	  <Text>weapons</Text>
	  <!--melee-->
	  <MenuItem>
		<Text>melee</Text>
		<MenuItem>
		  <ItemID>Sword</ItemID>
		</MenuItem>
		<MenuItem>
		  <ItemID>StoneSword</ItemID>
		</MenuItem>
		<MenuItem>
		  <ItemID>HandAxe</ItemID>
		</MenuItem>
		<MenuItem>
		  <ItemID>StoneHandAxe</ItemID>
		</MenuItem>
		<MenuItem>
		  <ItemID>Hammer</ItemID>
		</MenuItem>
		<MenuItem>
		  <ItemID>StoneHammer</ItemID>
		</MenuItem>
		<MenuItem>
		  <ItemID>Claymore</ItemID>
		</MenuItem>
		<MenuItem>
		  <ItemID>BattleAxe</ItemID>
		</MenuItem>
		<MenuItem>
		  <ItemID>Warhammer</ItemID>
		</MenuItem>
		<MenuItem>
		  <ItemID>Shield</ItemID>
		</MenuItem>
		<MenuItem>
		  <ItemID>WoodenShield</ItemID>
		</MenuItem>
		<MenuItem>
		  <ItemID>TowerShield</ItemID>
		</MenuItem>
	  </MenuItem>
	  <!--ranged-->
	  <MenuItem>
		<Text>ranged</Text>
		<MenuItem>
		  <ItemID>Crossbow</ItemID>
		</MenuItem>
		<MenuItem>
		  <ItemID>CrossbowBolt</ItemID>
		</MenuItem>
		<MenuItem>
		  <ItemID>Quiver</ItemID>
		</MenuItem>
		<MenuItem>
		  <ItemID>Pistol</ItemID>
		</MenuItem>
		<MenuItem>
		  <ItemID>Blunderbuss</ItemID>
		</MenuItem>
		<MenuItem>
		  <ItemID>MusketRound</ItemID>
		</MenuItem>
		<MenuItem>
		  <ItemID>AmmoPouch</ItemID>
		</MenuItem>
	  </MenuItem>
	  <!--melee parts-->
	  <MenuItem>
		<Text>melee parts</Text>
		<MenuItem>
		  <ItemID>Hilt</ItemID>
		</MenuItem>
		<MenuItem>
		  <ItemID>Haft</ItemID>
		</MenuItem>
		<MenuItem>
		  <ItemID>SwordBlade</ItemID>
		</MenuItem>
		<MenuItem>
		  <ItemID>HandAxeHead</ItemID>
		</MenuItem>
		<MenuItem>
		  <ItemID>HammerHead</ItemID>
		</MenuItem>
		<MenuItem>
		  <ItemID>ClaymoreBlade</ItemID>
		</MenuItem>
		<MenuItem>
		  <ItemID>BattleAxeHead</ItemID>
		</MenuItem>
		<MenuItem>
		  <ItemID>WarhammerHead</ItemID>
		</MenuItem>
		<MenuItem>
		  <ItemID>ShieldBoss</ItemID>
		</MenuItem>
		<MenuItem>
		  <ItemID>ShieldBacking</ItemID>
		</MenuItem>
		<MenuItem>
		  <ItemID>TowerShieldBacking</ItemID>
		</MenuItem>
	  </MenuItem>
	  <!--ranged parts-->
	  <MenuItem>
		<Text>ranged parts</Text>
		<MenuItem>
		  <ItemID>PistolStock</ItemID>
		</MenuItem>
		<MenuItem>
		  <ItemID>PistolBarrel</ItemID>
		</MenuItem>
		<MenuItem>
		  <ItemID>BlunderbussStock</ItemID>
		</MenuItem>
		<MenuItem>
		  <ItemID>BlunderbussBarrel</ItemID>
		</MenuItem>
		<MenuItem>
		  <ItemID>CrossbowStock</ItemID>
		</MenuItem>
		<MenuItem>
		  <ItemID>CrossbowBow</ItemID>
		</MenuItem>
	  </MenuItem>
	  <!--worn-->
	  <MenuItem>
		<Text>worn</Text>
		<MenuItem>
		  <ItemID>WornSword</ItemID>
		</MenuItem>
		<MenuItem>
		  <ItemID>WornHandAxe</ItemID>
		</MenuItem>
		<MenuItem>
		  <ItemID>WornHammer</ItemID>
		</MenuItem>
		<MenuItem>
		  <ItemID>WornClaymore</ItemID>
		</MenuItem>
		<MenuItem>
		  <ItemID>WornBattleAxe</ItemID>
		</MenuItem>
		<MenuItem>
		  <ItemID>WornWarhammer</ItemID>
		</MenuItem>
		<MenuItem>
		  <ItemID>WornShield</ItemID>
		</MenuItem>
	  </MenuItem>
	</MenuItem>
	<!--armor-->
	<MenuItem>
	  <Text>armor</Text>
	  <!--metal-->
	  <MenuItem>
		<Text>metal</Text>
		<MenuItem>
		  <ItemID>ArmorPlate</ItemID>
		</MenuItem>
		<MenuItem>
		  <ItemID>Helmet</ItemID>
		</MenuItem>
		<MenuItem>
		  <ItemID>Breastplate</ItemID>
		</MenuItem>
		<MenuItem>
		  <ItemID>Pauldron</ItemID>
		</MenuItem>
		<MenuItem>
		  <ItemID>Greave</ItemID>
		</MenuItem>
		<MenuItem>
		  <ItemID>Gauntlet</ItemID>
		</MenuItem>
		<MenuItem>
		  <ItemID>Boot</ItemID>
		</MenuItem>
	  </MenuItem>
	  <!--leather-->
	  <MenuItem>
		<Text>leather</Text>
		<MenuItem>
		  <ItemID>LeatherArmorPanel</ItemID>
		</MenuItem>
		<MenuItem>
		  <ItemID>LeatherHelm</ItemID>
		</MenuItem>
		<MenuItem>
		  <ItemID>LeatherCuirass</ItemID>
		</MenuItem>
		<MenuItem>
		  <ItemID>LeatherBracer</ItemID>
		</MenuItem>
		<MenuItem>
		  <ItemID>LeatherGreave</ItemID>
		</MenuItem>
		<MenuItem>
		  <ItemID>LeatherGlove</ItemID>
		</MenuItem>
		<MenuItem>
		  <ItemID>LeatherBoot</ItemID>
		</MenuItem>
	  </MenuItem>
	  <!--bone-->
	  <MenuItem>
		<Text>bone</Text>
		<MenuItem>
		  <ItemID>SkullHelmet</ItemID>
		</MenuItem>
		<MenuItem>
		  <ItemID>BoneShirt</ItemID>
		</MenuItem>
	  </MenuItem>
	  <!--worn-->
	  <MenuItem>
		<Text>worn</Text>
		<MenuItem>
		  <ItemID>WornHelmet</ItemID>
		</MenuItem>
		<MenuItem>
		  <ItemID>WornBreastplate</ItemID>
		</MenuItem>
		<MenuItem>
		  <ItemID>WornPauldron</ItemID>
		</MenuItem>
		<MenuItem>
		  <ItemID>WornGreave</ItemID>
		</MenuItem>
		<MenuItem>
		  <ItemID>WornGauntlet</ItemID>
		</MenuItem>
		<MenuItem>
		  <ItemID>WornBoot</ItemID>
		</MenuItem>
	  </MenuItem>
	  <!--Padding-->
	  <MenuItem>
		<ItemID>Padding</ItemID>
	  </MenuItem>
	  <!--LeatherStrap-->
	  <MenuItem>
		<ItemID>LeatherStrap</ItemID>
	  </MenuItem>
	</MenuItem>
	<TrackedItems>
	  <Name>Food</Name>
	  <TrackedItemID>Fruit</TrackedItemID>
	  <TrackedItemID>Egg</TrackedItemID>
	  <TrackedItemID>Meat</TrackedItemID>
	  <TrackedItemID>Mushroom</TrackedItemID>
	  <TrackedItemID>Bread</TrackedItemID>
	  <TrackedItemID>Sausage</TrackedItemID>
	  <TrackedItemID>Sandwich</TrackedItemID>
	  <TrackedItemID>Cheese</TrackedItemID>
	  <TrackedItemID>CheeseOmelette</TrackedItemID>
	  <TrackedItemID>SausageOmelette</TrackedItemID>
	  <TrackedItemID>MushroomOmelette</TrackedItemID>
	</TrackedItems>
	<TrackedItems>
	  <Name>Drink</Name>
	  <TrackedItemID>Wine</TrackedItemID>
	  <TrackedItemID>Beer</TrackedItemID>
	  <TrackedItemID>Milk</TrackedItemID>
	  <TrackedItemID>Tea</TrackedItemID>
	</TrackedItems>
</StockMenuSettings>